MFR URL,Ref URL 1,Ref URL 2,Ref URL 3,Ref URL 4,Ref URL 5,PART_NUMBER,Dept,Class,Fine,SKU - MY_PART_NUMBER,Mfg_Part_Num,Part_Desc,E1_Brand,Unilog_Brand,DIB_Brand,Part_Manuf,MANUFACTURER_NAME,BRAND_NAME,TRADE_NAME,MANUFACTURER_PART_NUMBER,ALTERNATE_PART_NUMBER,Classpath,MOBILE_DESC,INVOICE_DESC,SHORT_DESC,LONG_DESC1,RETAIL_DESC,MARKETING_DESCRIPTION,ITEM_FEATURES_1,ITEM_FEATURES_2,ITEM_FEATURES_3,ITEM_FEATURES_4,ITEM_FEATURES_5,ITEM_FEATURES_6,ITEM_FEATURES_7,ITEM_FEATURES_8,ITEM_FEATURES_9,ITEM_FEATURES_10,ITEM_FEATURES_11,ITEM_FEATURES_12,ITEM_FEATURES_13,ITEM_FEATURES_14,ITEM_FEATURES_15,ITEM_FEATURES_16,ITEM_FEATURES_17,ITEM_FEATURES_18,ITEM_FEATURES_19,ITEM_FEATURES_20,With,Standard/Approvals,Prop 65,Application,Includes,Product Name,ATTRIBUTE_LABEL 1,ATTRIBUTE_VALUE 1,ATTRIBUTE_UOM 1,ATTRIBUTE_LABEL 2,ATTRIBUTE_VALUE 2,ATTRIBUTE_UOM 2,ATTRIBUTE_LABEL 3,ATTRIBUTE_VALUE 3,ATTRIBUTE_UOM 3,ATTRIBUTE_LABEL 4,ATTRIBUTE_VALUE 4,ATTRIBUTE_UOM 4,ATTRIBUTE_LABEL 5,ATTRIBUTE_VALUE 5,ATTRIBUTE_UOM 5,ATTRIBUTE_LABEL 6,ATTRIBUTE_VALUE 6,ATTRIBUTE_UOM 6,ATTRIBUTE_LABEL 7,ATTRIBUTE_VALUE 7,ATTRIBUTE_UOM 7,ATTRIBUTE_LABEL 8,ATTRIBUTE_VALUE 8,ATTRIBUTE_UOM 8,ATTRIBUTE_LABEL 9,ATTRIBUTE_VALUE 9,ATTRIBUTE_UOM 9,ATTRIBUTE_LABEL 10,ATTRIBUTE_VALUE 10,ATTRIBUTE_UOM 10,ATTRIBUTE_LABEL 11,ATTRIBUTE_VALUE 11,ATTRIBUTE_UOM 11,ATTRIBUTE_LABEL 12,ATTRIBUTE_VALUE 12,ATTRIBUTE_UOM 12,ATTRIBUTE_LABEL 13,ATTRIBUTE_VALUE 13,ATTRIBUTE_UOM 13,ATTRIBUTE_LABEL 14,ATTRIBUTE_VALUE 14,ATTRIBUTE_UOM 14,ATTRIBUTE_LABEL 15,ATTRIBUTE_VALUE 15,ATTRIBUTE_UOM 15,ATTRIBUTE_LABEL 16,ATTRIBUTE_VALUE 16,ATTRIBUTE_UOM 16,ATTRIBUTE_LABEL 17,ATTRIBUTE_VALUE 17,ATTRIBUTE_UOM 17,ATTRIBUTE_LABEL 18,ATTRIBUTE_VALUE 18,ATTRIBUTE_UOM 18,ATTRIBUTE_LABEL 19,ATTRIBUTE_VALUE 19,ATTRIBUTE_UOM 19,ATTRIBUTE_LABEL 20,ATTRIBUTE_VALUE 20,ATTRIBUTE_UOM 20,ATTRIBUTE_LABEL 21,ATTRIBUTE_VALUE 21,ATTRIBUTE_UOM 21,ATTRIBUTE_LABEL 22,ATTRIBUTE_VALUE 22,ATTRIBUTE_UOM 22,ATTRIBUTE_LABEL 23,ATTRIBUTE_VALUE 23,ATTRIBUTE_UOM 23,ATTRIBUTE_LABEL 24,ATTRIBUTE_VALUE 24,ATTRIBUTE_UOM 24,ATTRIBUTE_LABEL 25,ATTRIBUTE_VALUE 25,ATTRIBUTE_UOM 25,ATTRIBUTE_LABEL 26,ATTRIBUTE_VALUE 26,ATTRIBUTE_UOM 26,ATTRIBUTE_LABEL 27,ATTRIBUTE_VALUE 27,ATTRIBUTE_UOM 27,ATTRIBUTE_LABEL 28,ATTRIBUTE_VALUE 28,ATTRIBUTE_UOM 28,ATTRIBUTE_LABEL 29,ATTRIBUTE_VALUE 29,ATTRIBUTE_UOM 29,ATTRIBUTE_LABEL 30,ATTRIBUTE_VALUE 30,ATTRIBUTE_UOM 30,ATTRIBUTE_LABEL 31,ATTRIBUTE_VALUE 31,ATTRIBUTE_UOM 31,ATTRIBUTE_LABEL 32,ATTRIBUTE_VALUE 32,ATTRIBUTE_UOM 32,ATTRIBUTE_LABEL 33,ATTRIBUTE_VALUE 33,ATTRIBUTE_UOM 33,ATTRIBUTE_LABEL 34,ATTRIBUTE_VALUE 34,ATTRIBUTE_UOM 34,ATTRIBUTE_LABEL 35,ATTRIBUTE_VALUE 35,ATTRIBUTE_UOM 35,ATTRIBUTE_LABEL 36,ATTRIBUTE_VALUE 36,ATTRIBUTE_UOM 36,ATTRIBUTE_LABEL 37,ATTRIBUTE_VALUE 37,ATTRIBUTE_UOM 37,ATTRIBUTE_LABEL 38,ATTRIBUTE_VALUE 38,ATTRIBUTE_UOM 38,ATTRIBUTE_LABEL 39,ATTRIBUTE_VALUE 39,ATTRIBUTE_UOM 39,ATTRIBUTE_LABEL 40,ATTRIBUTE_VALUE 40,ATTRIBUTE_UOM 40,ATTRIBUTE_LABEL 41,ATTRIBUTE_VALUE 41,ATTRIBUTE_UOM 41,ATTRIBUTE_LABEL 42,ATTRIBUTE_VALUE 42,ATTRIBUTE_UOM 42,ATTRIBUTE_LABEL 43,ATTRIBUTE_VALUE 43,ATTRIBUTE_UOM 43,ATTRIBUTE_LABEL 44,ATTRIBUTE_VALUE 44,ATTRIBUTE_UOM 44,ATTRIBUTE_LABEL 45,ATTRIBUTE_VALUE 45,ATTRIBUTE_UOM 45,ATTRIBUTE_LABEL 46,ATTRIBUTE_VALUE 46,ATTRIBUTE_UOM 46,ATTRIBUTE_LABEL 47,ATTRIBUTE_VALUE 47,ATTRIBUTE_UOM 47,ATTRIBUTE_LABEL 48,ATTRIBUTE_VALUE 48,ATTRIBUTE_UOM 48,ATTRIBUTE_LABEL 49,ATTRIBUTE_VALUE 49,ATTRIBUTE_UOM 49,ATTRIBUTE_LABEL 50,ATTRIBUTE_VALUE 50,ATTRIBUTE_UOM 50,UPC,EAN,GTIN,UNSPSC,Warranty,List Price,Selling Qty,Selling UOM,Standard Packaging Information,LENGTH,LENGTH_UOM,HEIGHT,HEIGHT_UOM,WIDTH,WIDTH_UOM,WEIGHT,WEIGHT_UOM,VOLUME,VOLUME_UOM,Product Image,Alternate Image 1,Alternate Image 2,Alternate Image 3,Alternate Image 4,SDS,SDS_1,Warranty Information,Catalog,Specification Sheet,Instruction/Installation Manual,Service Manual,Owners/User Manual,Line Drawing,MTR,RoHS,Full Engineering Drawing,Energy Star Guide,Technical Bulletin,Submittal,Compatibility Chart,Size Chart,Product Label/Insert,Video Link,Video Link 1,Country Of Origin,Discontinued,Actual Image (Yes/No)
https://www.diablo.com/product/DCB518ASTS06G,,,,,,,Industrial Supplies,Equipment & Hardware,Abrasive Sanding Media,,DCB518ASTS06G,"DCB518ASTS06G Diablo 1/2""x18"" - Sanding Belt 6pc",,,,Freud Inc (2435),Freud America Inc,Diablo®,,DCB518ASTS06G,,Abrasive Sanding Media,"Diablo, Abrasive Sanding Media, DCB518ASTS06G, 6 pc, Industrial Grade",ABRASIVE SANDING MEDIA 6PC,Diablo® DCB518ASTS06G Abrasive Sanding Media 6 pc,"Diablo®, Abrasive Sanding Media, Model DCB518ASTS06G, 6 pc","Abrasive Sanding Media, DCB518ASTS06G","Diablo®, Abrasive Sanding Media, Model DCB518ASTS06G, 6 pc",,,,,,,,,,,,,,,,,,,,,,,,,,Abrasive Sanding Media,Item Type,Abrasive Sanding Media,,Package Quantity,6,pc,,,,,,,,,,,,,,,,,,,,,,,,,,,,,,,,,,,,,,,,,,,,,,,,,,,,,,,,,,,,,,,,,,,,,,,,,,,,,,,,,,,,,,,,,,,,,,,,,,,,,,,,,,,,,,,,,,,,,,,,,,,,,,,,,,,,,,,,,,,,,,,,,,,,,,,,,,,,,,,,,,,,DIABLO_DCB518ASTS06G.jpg,,,,,,,,,DIABLO_DCB518ASTS06G_Specification_Sheet.pdf,,,,,,,,,,,,,,,,,,Yes
https://www.3m.com/product/3MABR-7100075678,,,,,,,Industrial Supplies,Equipment & Hardware,Tools & Parts,,3MABR-7100075678,3M 775L Stikit Film P150 - Cubitron II 50 Disc/Box,,,,Jam Industrial Supply LLC (JAMIN),3M Co,3M®,Cubitron II,3MABR-7100075678,,Industrial Equipment,"3M, Cubitron II, 3MABR-7100075678, P150, 3 pc, Industrial Grade",3M 775L STIKIT P150 3PC,3M® Cubitron II 3MABR-7100075678 775L Stikit Film P150 3 pc,"3M®, Cubitron II, Model 3MABR-7100075678, P150, 3 pc","Cubitron II , 3MABR-7100075678","3M®, Cubitron II, Model 3MABR-7100075678, P150, 3 pc",,,,,,,,,,,,,,,,,,,,,,,,,,Product,Series,Cubitron II,,Grit,P150,,Package Quantity,3,pc,,,,,,,,,,,,,,,,,,,,,,,,,,,,,,,,,,,,,,,,,,,,,,,,,,,,,,,,,,,,,,,,,,,,,,,,,,,,,,,,,,,,,,,,,,,,,,,,,,,,,,,,,,,,,,,,,,,,,,,,,,,,,,,,,,,,,,,,,,,,,,,,,,,,,,,,,,,,,,,,,3M_3MABR-7100075678.jpg,,,,,,,,,3M_3MABR-7100075678_Specification_Sheet.pdf,,,,,,,,,,,,,,,,,,Yes
https://www.3m.com/product/3MABR-7100045865,,,,,,,Industrial Supplies,Equipment & Hardware,Tools & Parts,,3MABR-7100045865,3M 775L Stikit Film P120 - Cubitron II 50 Disc/Box,,,,Jam Industrial Supply LLC (JAMIN),3M Co,3M®,Cubitron II,3MABR-7100045865,,Industrial Equipment,"3M, Cubitron II, 3MABR-7100045865, P120, 3 pc, Industrial Grade",3M 775L STIKIT P120 3PC,3M® Cubitron II 3MABR-7100045865 775L Stikit Film P120 3 pc,"3M®, Cubitron II, Model 3MABR-7100045865, P120, 3 pc","Cubitron II , 3MABR-7100045865","3M®, Cubitron II, Model 3MABR-7100045865, P120, 3 pc",,,,,,,,,,,,,,,,,,,,,,,,,,Product,Series,Cubitron II,,Grit,P120,,Package Quantity,3,pc,,,,,,,,,,,,,,,,,,,,,,,,,,,,,,,,,,,,,,,,,,,,,,,,,,,,,,,,,,,,,,,,,,,,,,,,,,,,,,,,,,,,,,,,,,,,,,,,,,,,,,,,,,,,,,,,,,,,,,,,,,,,,,,,,,,,,,,,,,,,,,,,,,,,,,,,,,,,,,,,,3M_3MABR-7100045865.jpg,,,,,,,,,3M_3MABR-7100045865_Specification_Sheet.pdf,,,,,,,,,,,,,,,,,,Yes
https://www.3m.com/product/3MABR-7100048736,,,,,,,Industrial Supplies,Equipment & Hardware,Tools & Parts,,3MABR-7100048736,3M 775L Stikit Film P80 - Cubitron II 50 Disc/Box,,,,Jam Industrial Supply LLC (JAMIN),3M Co,3M®,Cubitron II,3MABR-7100048736,,Industrial Equipment,"3M, Cubitron II, 3MABR-7100048736, P80, 3 pc, Industrial Grade",3M 775L STIKIT P80 3PC,3M® Cubitron II 3MABR-7100048736 775L Stikit Film P80 3 pc,"3M®, Cubitron II, Model 3MABR-7100048736, P80, 3 pc","Cubitron II , 3MABR-7100048736","3M®, Cubitron II, Model 3MABR-7100048736, P80, 3 pc",,,,,,,,,,,,,,,,,,,,,,,,,,Product,Series,Cubitron II,,Grit,P80,,Package Quantity,3,pc,,,,,,,,,,,,,,,,,,,,,,,,,,,,,,,,,,,,,,,,,,,,,,,,,,,,,,,,,,,,,,,,,,,,,,,,,,,,,,,,,,,,,,,,,,,,,,,,,,,,,,,,,,,,,,,,,,,,,,,,,,,,,,,,,,,,,,,,,,,,,,,,,,,,,,,,,,,,,,,,,3M_3MABR-7100048736.jpg,,,,,,,,,3M_3MABR-7100048736_Specification_Sheet.pdf,,,,,,,,,,,,,,,,,,Yes
https://www.3m.com/product/3MABR-7100075690,,,,,,,Industrial Supplies,Equipment & Hardware,Tools & Parts,,3MABR-7100075690,3M 775L Stikit Film P180 - Cubitron II 50 Disc/Box,,,,Jam Industrial Supply LLC (JAMIN),3M Co,3M®,Cubitron II,3MABR-7100075690,,Industrial Equipment,"3M, Cubitron II, 3MABR-7100075690, P180, 3 pc, Industrial Grade",3M 775L STIKIT P180 3PC,3M® Cubitron II 3MABR-7100075690 775L Stikit Film P180 3 pc,"3M®, Cubitron II, Model 3MABR-7100075690, P180, 3 pc","Cubitron II , 3MABR-7100075690","3M®, Cubitron II, Model 3MABR-7100075690, P180, 3 pc",,,,,,,,,,,,,,,,,,,,,,,,,,Product,Series,Cubitron II,,Grit,P180,,Package Quantity,3,pc,,,,,,,,,,,,,,,,,,,,,,,,,,,,,,,,,,,,,,,,,,,,,,,,,,,,,,,,,,,,,,,,,,,,,,,,,,,,,,,,,,,,,,,,,,,,,,,,,,,,,,,,,,,,,,,,,,,,,,,,,,,,,,,,,,,,,,,,,,,,,,,,,,,,,,,,,,,,,,,,,3M_3MABR-7100075690.jpg,,,,,,,,,3M_3MABR-7100075690_Specification_Sheet.pdf,,,,,,,,,,,,,,,,,,Yes
https://www.3m.com/product/3MABR-7100075692,,,,,,,Industrial Supplies,Equipment & Hardware,Tools & Parts,,3MABR-7100075692,3M 775L Stikit Film P220 - Cubitron II 50 Disc/Box,,,,Jam Industrial Supply LLC (JAMIN),3M Co,3M®,Cubitron II,3MABR-7100075692,,Industrial Equipment,"3M, Cubitron II, 3MABR-7100075692, P220, 3 pc, Industrial Grade",3M 775L STIKIT P220 3PC,3M® Cubitron II 3MABR-7100075692 775L Stikit Film P220 3 pc,"3M®, Cubitron II, Model 3MABR-7100075692, P220, 3 pc","Cubitron II , 3MABR-7100075692","3M®, Cubitron II, Model 3MABR-7100075692, P220, 3 pc",,,,,,,,,,,,,,,,,,,,,,,,,,Product,Series,Cubitron II,,Grit,P220,,Package Quantity,3,pc,,,,,,,,,,,,,,,,,,,,,,,,,,,,,,,,,,,,,,,,,,,,,,,,,,,,,,,,,,,,,,,,,,,,,,,,,,,,,,,,,,,,,,,,,,,,,,,,,,,,,,,,,,,,,,,,,,,,,,,,,,,,,,,,,,,,,,,,,,,,,,,,,,,,,,,,,,,,,,,,,3M_3MABR-7100075692.jpg,,,,,,,,,3M_3MABR-7100075692_Specification_Sheet.pdf,,,,,,,,,,,,,,,,,,Yes
https://www.3m.com/product/3MABR-7100145365,,,,,,,Industrial Supplies,Equipment & Hardware,Tools & Parts,,3MABR-7100145365,3M 775L Stikit Film P320 - Cubitron II 50 Disc/Box,,,,Jam Industrial Supply LLC (JAMIN),3M Co,3M®,Cubitron II,3MABR-7100145365,,Industrial Equipment,"3M, Cubitron II, 3MABR-7100145365, P320, 3 pc, Industrial Grade",3M 775L STIKIT P320 3PC,3M® Cubitron II 3MABR-7100145365 775L Stikit Film P320 3 pc,"3M®, Cubitron II, Model 3MABR-7100145365, P320, 3 pc","Cubitron II , 3MABR-7100145365","3M®, Cubitron II, Model 3MABR-7100145365, P320, 3 pc",,,,,,,,,,,,,,,,,,,,,,,,,,Product,Series,Cubitron II,,Grit,P320,,Package Quantity,3,pc,,,,,,,,,,,,,,,,,,,,,,,,,,,,,,,,,,,,,,,,,,,,,,,,,,,,,,,,,,,,,,,,,,,,,,,,,,,,,,,,,,,,,,,,,,,,,,,,,,,,,,,,,,,,,,,,,,,,,,,,,,,,,,,,,,,,,,,,,,,,,,,,,,,,,,,,,,,,,,,,,3M_3MABR-7100145365.jpg,,,,,,,,,3M_3MABR-7100145365_Specification_Sheet.pdf,,,,,,,,,,,,,,,,,,Yes
https://www.mirka.com/product/5B-332-080,,,,,,,Industrial Supplies,Equipment & Hardware,Tools & Parts,,5B-332-080,"5B-332-080 HIOLIT 5"" P80",,,,Mirka Abrasives Inc (MIRUS),Mirka Abrasives Inc,Mirka®,,5B-332-080,,Industrial Equipment,"Mirka, 5B-332-080, P80, Industrial Grade, Commercial Quality",HIOLIT 5 IN P80,Mirka® 5B-332-080 HIOLIT 5 in P80,"Mirka®, Model 5B-332-080, P80",5B-332-080,"Mirka®, Model 5B-332-080, P80",,,,,,,,,,,,,,,,,,,,,,,,,,Product,Grit,P80,,,,,,,,,,,,,,,,,,,,,,,,,,,,,,,,,,,,,,,,,,,,,,,,,,,,,,,,,,,,,,,,,,,,,,,,,,,,,,,,,,,,,,,,,,,,,,,,,,,,,,,,,,,,,,,,,,,,,,,,,,,,,,,,,,,,,,,,,,,,,,,,,,,,,,,,,,,,,,,,,,,,,,,,MIRKA_5B-332-080.jpg,,,,,,,,,MIRKA_5B-332-080_Specification_Sheet.pdf,,,,,,,,,,,,,,,,,,Yes
https://www.mirka.com/product/5B-332-120,,,,,,,Industrial Supplies,Equipment & Hardware,Tools & Parts,,5B-332-120,"5B-332-120 HIOLIT 5"" P120",,,,Mirka Abrasives Inc (MIRUS),Mirka Abrasives Inc,Mirka®,,5B-332-120,,Industrial Equipment,"Mirka, 5B-332-120, P120, Industrial Grade, Commercial Quality",HIOLIT 5 IN P120,Mirka® 5B-332-120 HIOLIT 5 in P120,"Mirka®, Model 5B-332-120, P120",5B-332-120,"Mirka®, Model 5B-332-120, P120",,,,,,,,,,,,,,,,,,,,,,,,,,Product,Grit,P120,,,,,,,,,,,,,,,,,,,,,,,,,,,,,,,,,,,,,,,,,,,,,,,,,,,,,,,,,,,,,,,,,,,,,,,,,,,,,,,,,,,,,,,,,,,,,,,,,,,,,,,,,,,,,,,,,,,,,,,,,,,,,,,,,,,,,,,,,,,,,,,,,,,,,,,,,,,,,,,,,,,,,,,,MIRKA_5B-332-120.jpg,,,,,,,,,MIRKA_5B-332-120_Specification_Sheet.pdf,,,,,,,,,,,,,,,,,,Yes
https://www.mirka.com/product/9A-570-240,,,,,,,Industrial Supplies,Equipment & Hardware,Tools & Parts,,9A-570-240,9A-570-240 Abranet 2.75x30,,,,Mirka Abrasives Inc (MIRUS),Mirka Abrasives Inc,Mirka®,,9A-570-240,,Industrial Equipment,"Mirka, 9A-570-240, 2-3/4 in x 30 in, Industrial Grade, Commercial Quality",ABRANET 2.75X30 2-3/4INX30IN,Mirka® 9A-570-240 Abranet 2.75x30 2-3/4 in x 30 in,"Mirka®, Model 9A-570-240, 2-3/4 in x 30 in",9A-570-240,"Mirka®, Model 9A-570-240, 2-3/4 in x 30 in",,,,,,,,,,,,,,,,,,,,,,,,,,Product,Dimensions,2-3/4 in x 30,in,,,,,,,,,,,,,,,,,,,,,,,,,,,,,,,,,,,,,,,,,,,,,,,,,,,,,,,,,,,,,,,,,,,,,,,,,,,,,,,,,,,,,,,,,,,,,,,,,,,,,,,,,,,,,,,,,,,,,,,,,,,,,,,,,,,,,,,,,,,,,,,,,,,,,,,,,,,,,,,,,,,,,,,MIRKA_9A-570-240.jpg,,,,,,,,,MIRKA_9A-570-240_Specification_Sheet.pdf,,,,,,,,,,,,,,,,,,Yes
https://www.mirka.com/product/9A-570-320,,,,,,,Industrial Supplies,Equipment & Hardware,Tools & Parts,,9A-570-320,9A-570-320 Abranet 2.75x30,,,,Mirka Abrasives Inc (MIRUS),Mirka Abrasives Inc,Mirka®,,9A-570-320,,Industrial Equipment,"Mirka, 9A-570-320, 2-3/4 in x 30 in, Industrial Grade, Commercial Quality",ABRANET 2.75X30 2-3/4INX30IN,Mirka® 9A-570-320 Abranet 2.75x30 2-3/4 in x 30 in,"Mirka®, Model 9A-570-320, 2-3/4 in x 30 in",9A-570-320,"Mirka®, Model 9A-570-320, 2-3/4 in x 30 in",,,,,,,,,,,,,,,,,,,,,,,,,,Product,Dimensions,2-3/4 in x 30,in,,,,,,,,,,,,,,,,,,,,,,,,,,,,,,,,,,,,,,,,,,,,,,,,,,,,,,,,,,,,,,,,,,,,,,,,,,,,,,,,,,,,,,,,,,,,,,,,,,,,,,,,,,,,,,,,,,,,,,,,,,,,,,,,,,,,,,,,,,,,,,,,,,,,,,,,,,,,,,,,,,,,,,,MIRKA_9A-570-320.jpg,,,,,,,,,MIRKA_9A-570-320_Specification_Sheet.pdf,,,,,,,,,,,,,,,,,,Yes
https://www.diablo.com/product/DBD090094101F,,,,,,,Industrial Supplies,Equipment & Hardware,Cut-Off Disc,,DBD090094101F,"DBD090094101F Diablo 9"" - Metal Cut-Off Disc",,,,Freud Inc (2435),Freud America Inc,Diablo®,,DBD090094101F,,Cut-Off Disc,"Diablo, Cut-Off Disc, DBD090094101F, Industrial Grade, Commercial Quality",CUT-OFF DISC,Diablo® DBD090094101F Cut-Off Disc,"Diablo®, Cut-Off Disc, Model DBD090094101F","Cut-Off Disc, DBD090094101F","Diablo®, Cut-Off Disc, Model DBD090094101F",,,,,,,,,,,,,,,,,,,,,,,,,,Cut-Off Disc,Item Type,Cut-Off Disc,,,,,,,,,,,,,,,,,,,,,,,,,,,,,,,,,,,,,,,,,,,,,,,,,,,,,,,,,,,,,,,,,,,,,,,,,,,,,,,,,,,,,,,,,,,,,,,,,,,,,,,,,,,,,,,,,,,,,,,,,,,,,,,,,,,,,,,,,,,,,,,,,,,,,,,,,,,,,,,,,,,,,,,,DIABLO_DBD090094101F.jpg,,,,,,,,,DIABLO_DBD090094101F_Specification_Sheet.pdf,,,,,,,,,,,,,,,,,,Yes
https://www.diablo.com/product/DBDS12125A01F,,,,,,,Industrial Supplies,Equipment & Hardware,Cut-Off Disc,,DBDS12125A01F,"DBDS12125A01F Diablo 12"" - Steel Demon Metal Cut-Off Disc",,,,Freud Inc (2435),Freud America Inc,Diablo®,Steel Demon,DBDS12125A01F,,Cut-Off Disc,"Diablo, Cut-Off Disc, Steel Demon, DBDS12125A01F, Industrial Grade",CUT-OFF DISC,Diablo® Steel Demon DBDS12125A01F Cut-Off Disc,"Diablo®, Steel Demon, Cut-Off Disc, Model DBDS12125A01F","Steel Demon Cut-Off Disc, DBDS12125A01F","Diablo®, Steel Demon, Cut-Off Disc, Model DBDS12125A01F",,,,,,,,,,,,,,,,,,,,,,,,,,Cut-Off Disc,Item Type,Cut-Off Disc,,Series,Steel Demon,,,,,,,,,,,,,,,,,,,,,,,,,,,,,,,,,,,,,,,,,,,,,,,,,,,,,,,,,,,,,,,,,,,,,,,,,,,,,,,,,,,,,,,,,,,,,,,,,,,,,,,,,,,,,,,,,,,,,,,,,,,,,,,,,,,,,,,,,,,,,,,,,,,,,,,,,,,,,,,,,,,,,DIABLO_DBDS12125A01F.jpg,,,,,,,,,DIABLO_DBDS12125A01F_Specification_Sheet.pdf,,,,,,,,,,,,,,,,,,Yes
https://www.diablo.com/product/DBDS12125G01F,,,,,,,Industrial Supplies,Equipment & Hardware,Cut-Off Disc,,DBDS12125G01F,"DBDS12125G01F Diablo 12""x20mm - Speed Demon Metal Cut-Off Disc",,,,Freud Inc (2435),Freud America Inc,Diablo®,Speed Demon,DBDS12125G01F,,Cut-Off Disc,"Diablo, Cut-Off Disc, Speed Demon, DBDS12125G01F, Industrial Grade",CUT-OFF DISC,Diablo® Speed Demon DBDS12125G01F Cut-Off Disc,"Diablo®, Speed Demon, Cut-Off Disc, Model DBDS12125G01F","Speed Demon Cut-Off Disc, DBDS12125G01F","Diablo®, Speed Demon, Cut-Off Disc, Model DBDS12125G01F",,,,,,,,,,,,,,,,,,,,,,,,,,Cut-Off Disc,Item Type,Cut-Off Disc,,Series,Speed Demon,,,,,,,,,,,,,,,,,,,,,,,,,,,,,,,,,,,,,,,,,,,,,,,,,,,,,,,,,,,,,,,,,,,,,,,,,,,,,,,,,,,,,,,,,,,,,,,,,,,,,,,,,,,,,,,,,,,,,,,,,,,,,,,,,,,,,,,,,,,,,,,,,,,,,,,,,,,,,,,,,,,,,DIABLO_DBDS12125G01F.jpg,,,,,,,,,DIABLO_DBDS12125G01F_Specification_Sheet.pdf,,,,,,,,,,,,,,,,,,Yes
https://www.diablo.com/product/DBDS14125A01F,,,,,,,Industrial Supplies,Equipment & Hardware,Cut-Off Disc,,DBDS14125A01F,"DBDS14125A01F Diablo 14""x1"" - Steel Demon Metal Cut-Off Disc",,,,Freud Inc (2435),Freud America Inc,Diablo®,Steel Demon,DBDS14125A01F,,Cut-Off Disc,"Diablo, Cut-Off Disc, Steel Demon, DBDS14125A01F, Industrial Grade",CUT-OFF DISC,Diablo® Steel Demon DBDS14125A01F Cut-Off Disc,"Diablo®, Steel Demon, Cut-Off Disc, Model DBDS14125A01F","Steel Demon Cut-Off Disc, DBDS14125A01F","Diablo®, Steel Demon, Cut-Off Disc, Model DBDS14125A01F",,,,,,,,,,,,,,,,,,,,,,,,,,Cut-Off Disc,Item Type,Cut-Off Disc,,Series,Steel Demon,,,,,,,,,,,,,,,,,,,,,,,,,,,,,,,,,,,,,,,,,,,,,,,,,,,,,,,,,,,,,,,,,,,,,,,,,,,,,,,,,,,,,,,,,,,,,,,,,,,,,,,,,,,,,,,,,,,,,,,,,,,,,,,,,,,,,,,,,,,,,,,,,,,,,,,,,,,,,,,,,,,,,DIABLO_DBDS14125A01F.jpg,,,,,,,,,DIABLO_DBDS14125A01F_Specification_Sheet.pdf,,,,,,,,,,,,,,,,,,Yes
https://www.diablo.com/product/DBDS14125G01F,,,,,,,Industrial Supplies,Equipment & Hardware,Cut-Off Disc,,DBDS14125G01F,"DBDS14125G01F Diablo 14""x20mm - Steel Demon Metal Cut-Off Disc",,,,Freud Inc (2435),Freud America Inc,Diablo®,Steel Demon,DBDS14125G01F,,Cut-Off Disc,"Diablo, Cut-Off Disc, Steel Demon, DBDS14125G01F, Industrial Grade",CUT-OFF DISC,Diablo® Steel Demon DBDS14125G01F Cut-Off Disc,"Diablo®, Steel Demon, Cut-Off Disc, Model DBDS14125G01F","Steel Demon Cut-Off Disc, DBDS14125G01F","Diablo®, Steel Demon, Cut-Off Disc, Model DBDS14125G01F",,,,,,,,,,,,,,,,,,,,,,,,,,Cut-Off Disc,Item Type,Cut-Off Disc,,Series,Steel Demon,,,,,,,,,,,,,,,,,,,,,,,,,,,,,,,,,,,,,,,,,,,,,,,,,,,,,,,,,,,,,,,,,,,,,,,,,,,,,,,,,,,,,,,,,,,,,,,,,,,,,,,,,,,,,,,,,,,,,,,,,,,,,,,,,,,,,,,,,,,,,,,,,,,,,,,,,,,,,,,,,,,,,DIABLO_DBDS14125G01F.jpg,,,,,,,,,DIABLO_DBDS14125G01F_Specification_Sheet.pdf,,,,,,,,,,,,,,,,,,Yes
https://www.milwaukee.com/product/49-94-0013,,,,,,,Industrial Supplies,Equipment & Hardware,Cut-Off Disc,,49-94-0013,"49-94-0013 Milw 5""x.045""x7/8"" Metal Cut Off Disc",,,,Milwaukee Accessory (4031),Milwaukee Electric Tool Corp,Milwaukee®,,49-94-0013,,Cut-Off Disc,"Milwaukee, Cut-Off Disc, 49-94-0013, Industrial Grade, Commercial Quality",CUT-OFF DISC,Milwaukee® 49-94-0013 Cut-Off Disc,"Milwaukee®, Cut-Off Disc, Model 49-94-0013","Cut-Off Disc, 49-94-0013","Milwaukee®, Cut-Off Disc, Model 49-94-0013",,,,,,,,,,,,,,,,,,,,,,,,,,Cut-Off Disc,Item Type,Cut-Off Disc,,,,,,,,,,,,,,,,,,,,,,,,,,,,,,,,,,,,,,,,,,,,,,,,,,,,,,,,,,,,,,,,,,,,,,,,,,,,,,,,,,,,,,,,,,,,,,,,,,,,,,,,,,,,,,,,,,,,,,,,,,,,,,,,,,,,,,,,,,,,,,,,,,,,,,,,,,,,,,,,,,,,,,,,MILWAUKEE_49-94-0013.jpg,,,,,,,,,MILWAUKEE_49-94-0013_Specification_Sheet.pdf,,,,,,,,,,,,,,,,,,Yes
https://www.milwaukee.com/product/49-94-0029,,,,,,,Industrial Supplies,Equipment & Hardware,Cut-Off Disc,,49-94-0029,"49-94-0029 Milw 6-1/2""x1/8""x5/8"" DKO Metal Cut Off Disc",,,,Milwaukee Accessory (4031),Milwaukee Electric Tool Corp,Milwaukee®,,49-94-0029,,Cut-Off Disc,"Milwaukee, Cut-Off Disc, 49-94-0029, Diamond, Industrial Grade",CUT-OFF DISC,Milwaukee® 49-94-0029 Cut-Off Disc,"Milwaukee®, Cut-Off Disc, Model 49-94-0029, Diamond","Cut-Off Disc, 49-94-0029","Milwaukee®, Cut-Off Disc, Model 49-94-0029, Diamond",,,,,,,,,,,,,,,,,,,,,,,,,,Cut-Off Disc,Item Type,Cut-Off Disc,,Material,Diamond,,,,,,,,,,,,,,,,,,,,,,,,,,,,,,,,,,,,,,,,,,,,,,,,,,,,,,,,,,,,,,,,,,,,,,,,,,,,,,,,,,,,,,,,,,,,,,,,,,,,,,,,,,,,,,,,,,,,,,,,,,,,,,,,,,,,,,,,,,,,,,,,,,,,,,,,,,,,,,,,,,,,,MILWAUKEE_49-94-0029.jpg,,,,,,,,,MILWAUKEE_49-94-0029_Specification_Sheet.pdf,,,,,,,,,,,,,,,,,,Yes
https://www.milwaukee.com/product/49-94-0033,,,,,,,Industrial Supplies,Equipment & Hardware,Cut-Off Disc,,49-94-0033,"49-94-0033 Milw 7""x1/16""x7/8"" Metal Cut Off Disc",,,,Milwaukee Accessory (4031),Milwaukee Electric Tool Corp,Milwaukee®,,49-94-0033,,Cut-Off Disc,"Milwaukee, Cut-Off Disc, 49-94-0033, Industrial Grade, Commercial Quality",CUT-OFF DISC,Milwaukee® 49-94-0033 Cut-Off Disc,"Milwaukee®, Cut-Off Disc, Model 49-94-0033","Cut-Off Disc, 49-94-0033","Milwaukee®, Cut-Off Disc, Model 49-94-0033",,,,,,,,,,,,,,,,,,,,,,,,,,Cut-Off Disc,Item Type,Cut-Off Disc,,,,,,,,,,,,,,,,,,,,,,,,,,,,,,,,,,,,,,,,,,,,,,,,,,,,,,,,,,,,,,,,,,,,,,,,,,,,,,,,,,,,,,,,,,,,,,,,,,,,,,,,,,,,,,,,,,,,,,,,,,,,,,,,,,,,,,,,,,,,,,,,,,,,,,,,,,,,,,,,,,,,,,,,MILWAUKEE_49-94-0033.jpg,,,,,,,,,MILWAUKEE_49-94-0033_Specification_Sheet.pdf,,,,,,,,,,,,,,,,,,Yes
https://www.milwaukee.com/product/49-94-0001,,,,,,,Industrial Supplies,Equipment & Hardware,Cut-Off Disc,,49-94-0001,"49-94-0001 Milw 4""x.040""x5/8"" Metal Cut Off Disc",,,,Milwaukee Accessory (4031),Milwaukee Electric Tool Corp,Milwaukee®,,49-94-0001,,Cut-Off Disc,"Milwaukee, Cut-Off Disc, 49-94-0001, Industrial Grade, Commercial Quality",CUT-OFF DISC,Milwaukee® 49-94-0001 Cut-Off Disc,"Milwaukee®, Cut-Off Disc, Model 49-94-0001","Cut-Off Disc, 49-94-0001","Milwaukee®, Cut-Off Disc, Model 49-94-0001",,,,,,,,,,,,,,,,,,,,,,,,,,Cut-Off Disc,Item Type,Cut-Off Disc,,,,,,,,,,,,,,,,,,,,,,,,,,,,,,,,,,,,,,,,,,,,,,,,,,,,,,,,,,,,,,,,,,,,,,,,,,,,,,,,,,,,,,,,,,,,,,,,,,,,,,,,,,,,,,,,,,,,,,,,,,,,,,,,,,,,,,,,,,,,,,,,,,,,,,,,,,,,,,,,,,,,,,,,MILWAUKEE_49-94-0001.jpg,,,,,,,,,MILWAUKEE_49-94-0001_Specification_Sheet.pdf,,,,,,,,,,,,,,,,,,Yes
https://www.milwaukee.com/product/49-94-0039,,,,,,,Industrial Supplies,Equipment & Hardware,Cut-Off Disc,,49-94-0039,"49-94-0039 Milw 7""x1/8""x5/8"" DKO Metal Cut Off Disc",,,,Milwaukee Accessory (4031),Milwaukee Electric Tool Corp,Milwaukee®,,49-94-0039,,Cut-Off Disc,"Milwaukee, Cut-Off Disc, 49-94-0039, Diamond, Industrial Grade",CUT-OFF DISC,Milwaukee® 49-94-0039 Cut-Off Disc,"Milwaukee®, Cut-Off Disc, Model 49-94-0039, Diamond","Cut-Off Disc, 49-94-0039","Milwaukee®, Cut-Off Disc, Model 49-94-0039, Diamond",,,,,,,,,,,,,,,,,,,,,,,,,,Cut-Off Disc,Item Type,Cut-Off Disc,,Material,Diamond,,,,,,,,,,,,,,,,,,,,,,,,,,,,,,,,,,,,,,,,,,,,,,,,,,,,,,,,,,,,,,,,,,,,,,,,,,,,,,,,,,,,,,,,,,,,,,,,,,,,,,,,,,,,,,,,,,,,,,,,,,,,,,,,,,,,,,,,,,,,,,,,,,,,,,,,,,,,,,,,,,,,,MILWAUKEE_49-94-0039.jpg,,,,,,,,,MILWAUKEE_49-94-0039_Specification_Sheet.pdf,,,,,,,,,,,,,,,,,,Yes
https://www.milwaukee.com/product/49-94-0043,,,,,,,Industrial Supplies,Equipment & Hardware,Cut-Off Disc,,49-94-0043,"49-94-0043 Milw 9""x3/32""x7/8"" Metal Cut Off Disc",,,,Milwaukee Accessory (4031),Milwaukee Electric Tool Corp,Milwaukee®,,49-94-0043,,Cut-Off Disc,"Milwaukee, Cut-Off Disc, 49-94-0043, Industrial Grade, Commercial Quality",CUT-OFF DISC,Milwaukee® 49-94-0043 Cut-Off Disc,"Milwaukee®, Cut-Off Disc, Model 49-94-0043","Cut-Off Disc, 49-94-0043","Milwaukee®, Cut-Off Disc, Model 49-94-0043",,,,,,,,,,,,,,,,,,,,,,,,,,Cut-Off Disc,Item Type,Cut-Off Disc,,,,,,,,,,,,,,,,,,,,,,,,,,,,,,,,,,,,,,,,,,,,,,,,,,,,,,,,,,,,,,,,,,,,,,,,,,,,,,,,,,,,,,,,,,,,,,,,,,,,,,,,,,,,,,,,,,,,,,,,,,,,,,,,,,,,,,,,,,,,,,,,,,,,,,,,,,,,,,,,,,,,,,,,MILWAUKEE_49-94-0043.jpg,,,,,,,,,MILWAUKEE_49-94-0043_Specification_Sheet.pdf,,,,,,,,,,,,,,,,,,Yes
https://www.milwaukee.com/product/49-94-0048,,,,,,,Industrial Supplies,Equipment & Hardware,Cut-Off Disc,,49-94-0048,"49-94-0048 Milw 12""x7/64""x1"" Metal Cut Off Disc General Purpose",,,,Milwaukee Accessory (4031),Milwaukee Electric Tool Corp,Milwaukee®,,49-94-0048,,Cut-Off Disc,"Milwaukee, Cut-Off Disc, 49-94-0048, Industrial Grade, Commercial Quality",CUT-OFF DISC,Milwaukee® 49-94-0048 Cut-Off Disc,"Milwaukee®, Cut-Off Disc, Model 49-94-0048","Cut-Off Disc, 49-94-0048","Milwaukee®, Cut-Off Disc, Model 49-94-0048",,,,,,,,,,,,,,,,,,,,,,,,,,Cut-Off Disc,Item Type,Cut-Off Disc,,,,,,,,,,,,,,,,,,,,,,,,,,,,,,,,,,,,,,,,,,,,,,,,,,,,,,,,,,,,,,,,,,,,,,,,,,,,,,,,,,,,,,,,,,,,,,,,,,,,,,,,,,,,,,,,,,,,,,,,,,,,,,,,,,,,,,,,,,,,,,,,,,,,,,,,,,,,,,,,,,,,,,,,MILWAUKEE_49-94-0048.jpg,,,,,,,,,MILWAUKEE_49-94-0048_Specification_Sheet.pdf,,,,,,,,,,,,,,,,,,Yes
https://www.milwaukee.com/product/49-94-0053,,,,,,,Industrial Supplies,Equipment & Hardware,Cut-Off Disc,,49-94-0053,"49-94-0053 Milw 12""x1/8""x1"" Metal Cut Off Disc",,,,Milwaukee Accessory (4031),Milwaukee Electric Tool Corp,Milwaukee®,,49-94-0053,,Cut-Off Disc,"Milwaukee, Cut-Off Disc, 49-94-0053, Industrial Grade, Commercial Quality",CUT-OFF DISC,Milwaukee® 49-94-0053 Cut-Off Disc,"Milwaukee®, Cut-Off Disc, Model 49-94-0053","Cut-Off Disc, 49-94-0053","Milwaukee®, Cut-Off Disc, Model 49-94-0053",,,,,,,,,,,,,,,,,,,,,,,,,,Cut-Off Disc,Item Type,Cut-Off Disc,,,,,,,,,,,,,,,,,,,,,,,,,,,,,,,,,,,,,,,,,,,,,,,,,,,,,,,,,,,,,,,,,,,,,,,,,,,,,,,,,,,,,,,,,,,,,,,,,,,,,,,,,,,,,,,,,,,,,,,,,,,,,,,,,,,,,,,,,,,,,,,,,,,,,,,,,,,,,,,,,,,,,,,,MILWAUKEE_49-94-0053.jpg,,,,,,,,,MILWAUKEE_49-94-0053_Specification_Sheet.pdf,,,,,,,,,,,,,,,,,,Yes
https://www.milwaukee.com/product/49-94-0058,,,,,,,Industrial Supplies,Equipment & Hardware,Cut-Off Disc,,49-94-0058,"49-94-0058 Milw 12""x1/8""x20mm Metal Cut Off Disc",,,,Milwaukee Accessory (4031),Milwaukee Electric Tool Corp,Milwaukee®,,49-94-0058,,Cut-Off Disc,"Milwaukee, Cut-Off Disc, 49-94-0058, Industrial Grade, Commercial Quality",CUT-OFF DISC,Milwaukee® 49-94-0058 Cut-Off Disc,"Milwaukee®, Cut-Off Disc, Model 49-94-0058","Cut-Off Disc, 49-94-0058","Milwaukee®, Cut-Off Disc, Model 49-94-0058",,,,,,,,,,,,,,,,,,,,,,,,,,Cut-Off Disc,Item Type,Cut-Off Disc,,,,,,,,,,,,,,,,,,,,,,,,,,,,,,,,,,,,,,,,,,,,,,,,,,,,,,,,,,,,,,,,,,,,,,,,,,,,,,,,,,,,,,,,,,,,,,,,,,,,,,,,,,,,,,,,,,,,,,,,,,,,,,,,,,,,,,,,,,,,,,,,,,,,,,,,,,,,,,,,,,,,,,,,MILWAUKEE_49-94-0058.jpg,,,,,,,,,MILWAUKEE_49-94-0058_Specification_Sheet.pdf,,,,,,,,,,,,,,,,,,Yes
https://www.milwaukee.com/product/49-94-0063,,,,,,,Industrial Supplies,Equipment & Hardware,Cut-Off Disc,,49-94-0063,"49-94-0063 Milw 14""x7/64""x1"" Metal Cut Off Disc General Purpose",,,,Milwaukee Accessory (4031),Milwaukee Electric Tool Corp,Milwaukee®,,49-94-0063,,Cut-Off Disc,"Milwaukee, Cut-Off Disc, 49-94-0063, Industrial Grade, Commercial Quality",CUT-OFF DISC,Milwaukee® 49-94-0063 Cut-Off Disc,"Milwaukee®, Cut-Off Disc, Model 49-94-0063","Cut-Off Disc, 49-94-0063","Milwaukee®, Cut-Off Disc, Model 49-94-0063",,,,,,,,,,,,,,,,,,,,,,,,,,Cut-Off Disc,Item Type,Cut-Off Disc,,,,,,,,,,,,,,,,,,,,,,,,,,,,,,,,,,,,,,,,,,,,,,,,,,,,,,,,,,,,,,,,,,,,,,,,,,,,,,,,,,,,,,,,,,,,,,,,,,,,,,,,,,,,,,,,,,,,,,,,,,,,,,,,,,,,,,,,,,,,,,,,,,,,,,,,,,,,,,,,,,,,,,,,MILWAUKEE_49-94-0063.jpg,,,,,,,,,MILWAUKEE_49-94-0063_Specification_Sheet.pdf,,,,,,,,,,,,,,,,,,Yes
https://www.milwaukee.com/product/49-94-0068,,,,,,,Industrial Supplies,Equipment & Hardware,Cut-Off Disc,,49-94-0068,"49-94-0068 Milw 14""x1/8""x20mm Metal Cut Off Disc",,,,Milwaukee Accessory (4031),Milwaukee Electric Tool Corp,Milwaukee®,,49-94-0068,,Cut-Off Disc,"Milwaukee, Cut-Off Disc, 49-94-0068, Industrial Grade, Commercial Quality",CUT-OFF DISC,Milwaukee® 49-94-0068 Cut-Off Disc,"Milwaukee®, Cut-Off Disc, Model 49-94-0068","Cut-Off Disc, 49-94-0068","Milwaukee®, Cut-Off Disc, Model 49-94-0068",,,,,,,,,,,,,,,,,,,,,,,,,,Cut-Off Disc,Item Type,Cut-Off Disc,,,,,,,,,,,,,,,,,,,,,,,,,,,,,,,,,,,,,,,,,,,,,,,,,,,,,,,,,,,,,,,,,,,,,,,,,,,,,,,,,,,,,,,,,,,,,,,,,,,,,,,,,,,,,,,,,,,,,,,,,,,,,,,,,,,,,,,,,,,,,,,,,,,,,,,,,,,,,,,,,,,,,,,,MILWAUKEE_49-94-0068.jpg,,,,,,,,,MILWAUKEE_49-94-0068_Specification_Sheet.pdf,,,,,,,,,,,,,,,,,,Yes
https://www.milwaukee.com/product/49-94-0073,,,,,,,Industrial Supplies,Equipment & Hardware,Cut-Off Disc,,49-94-0073,"49-94-0073 Milw 14""x1/8""x1"" Metal Cut Off Disc",,,,Milwaukee Accessory (4031),Milwaukee Electric Tool Corp,Milwaukee®,,49-94-0073,,Cut-Off Disc,"Milwaukee, Cut-Off Disc, 49-94-0073, Industrial Grade, Commercial Quality",CUT-OFF DISC,Milwaukee® 49-94-0073 Cut-Off Disc,"Milwaukee®, Cut-Off Disc, Model 49-94-0073","Cut-Off Disc, 49-94-0073","Milwaukee®, Cut-Off Disc, Model 49-94-0073",,,,,,,,,,,,,,,,,,,,,,,,,,Cut-Off Disc,Item Type,Cut-Off Disc,,,,,,,,,,,,,,,,,,,,,,,,,,,,,,,,,,,,,,,,,,,,,,,,,,,,,,,,,,,,,,,,,,,,,,,,,,,,,,,,,,,,,,,,,,,,,,,,,,,,,,,,,,,,,,,,,,,,,,,,,,,,,,,,,,,,,,,,,,,,,,,,,,,,,,,,,,,,,,,,,,,,,,,,MILWAUKEE_49-94-0073.jpg,,,,,,,,,MILWAUKEE_49-94-0073_Specification_Sheet.pdf,,,,,,,,,,,,,,,,,,Yes
https://www.milwaukee.com/product/49-94-0101,,,,,,,Industrial Supplies,Equipment & Hardware,Cut-Off Disc,,49-94-0101,"49-94-0101 Milw 4-1/2""x.045""x7/8"" Perform+ Metal Cut Off Disc 10pc",,,,Milwaukee Accessory (4031),Milwaukee Electric Tool Corp,Milwaukee®,,49-94-0101,,Cut-Off Disc,"Milwaukee, Cut-Off Disc, 49-94-0101, 10 pc, Industrial Grade",CUT-OFF DISC 10PC,Milwaukee® 49-94-0101 Cut-Off Disc 10 pc,"Milwaukee®, Cut-Off Disc, Model 49-94-0101, 10 pc","Cut-Off Disc, 49-94-0101","Milwaukee®, Cut-Off Disc, Model 49-94-0101, 10 pc",,,,,,,,,,,,,,,,,,,,,,,,,,Cut-Off Disc,Item Type,Cut-Off Disc,,Package Quantity,10,pc,,,,,,,,,,,,,,,,,,,,,,,,,,,,,,,,,,,,,,,,,,,,,,,,,,,,,,,,,,,,,,,,,,,,,,,,,,,,,,,,,,,,,,,,,,,,,,,,,,,,,,,,,,,,,,,,,,,,,,,,,,,,,,,,,,,,,,,,,,,,,,,,,,,,,,,,,,,,,,,,,,,,MILWAUKEE_49-94-0101.jpg,,,,,,,,,MILWAUKEE_49-94-0101_Specification_Sheet.pdf,,,,,,,,,,,,,,,,,,Yes
https://www.milwaukee.com/product/49-94-0107,,,,,,,Industrial Supplies,Equipment & Hardware,Cut-Off Disc,,49-94-0107,"49-94-0107 Milw 4-1/2""x.045""x7/8"" Performance+ Metal Cut Off Disc",,,,Milwaukee Accessory (4031),Milwaukee Electric Tool Corp,Milwaukee®,,49-94-0107,,Cut-Off Disc,"Milwaukee, Cut-Off Disc, 49-94-0107, Industrial Grade, Commercial Quality",CUT-OFF DISC,Milwaukee® 49-94-0107 Cut-Off Disc,"Milwaukee®, Cut-Off Disc, Model 49-94-0107","Cut-Off Disc, 49-94-0107","Milwaukee®, Cut-Off Disc, Model 49-94-0107",,,,,,,,,,,,,,,,,,,,,,,,,,Cut-Off Disc,Item Type,Cut-Off Disc,,,,,,,,,,,,,,,,,,,,,,,,,,,,,,,,,,,,,,,,,,,,,,,,,,,,,,,,,,,,,,,,,,,,,,,,,,,,,,,,,,,,,,,,,,,,,,,,,,,,,,,,,,,,,,,,,,,,,,,,,,,,,,,,,,,,,,,,,,,,,,,,,,,,,,,,,,,,,,,,,,,,,,,,MILWAUKEE_49-94-0107.jpg,,,,,,,,,MILWAUKEE_49-94-0107_Specification_Sheet.pdf,,,,,,,,,,,,,,,,,,Yes
https://www.milwaukee.com/product/49-94-0117,,,,,,,Industrial Supplies,Equipment & Hardware,Cut-Off Disc,,49-94-0117,"49-94-0117 Milw 5""x.045""x7/8"" Performance+ Metal Cut Off Disc",,,,Milwaukee Accessory (4031),Milwaukee Electric Tool Corp,Milwaukee®,,49-94-0117,,Cut-Off Disc,"Milwaukee, Cut-Off Disc, 49-94-0117, Industrial Grade, Commercial Quality",CUT-OFF DISC,Milwaukee® 49-94-0117 Cut-Off Disc,"Milwaukee®, Cut-Off Disc, Model 49-94-0117","Cut-Off Disc, 49-94-0117","Milwaukee®, Cut-Off Disc, Model 49-94-0117",,,,,,,,,,,,,,,,,,,,,,,,,,Cut-Off Disc,Item Type,Cut-Off Disc,,,,,,,,,,,,,,,,,,,,,,,,,,,,,,,,,,,,,,,,,,,,,,,,,,,,,,,,,,,,,,,,,,,,,,,,,,,,,,,,,,,,,,,,,,,,,,,,,,,,,,,,,,,,,,,,,,,,,,,,,,,,,,,,,,,,,,,,,,,,,,,,,,,,,,,,,,,,,,,,,,,,,,,,MILWAUKEE_49-94-0117.jpg,,,,,,,,,MILWAUKEE_49-94-0117_Specification_Sheet.pdf,,,,,,,,,,,,,,,,,,Yes
https://www.milwaukee.com/product/49-94-0123,,,,,,,Industrial Supplies,Equipment & Hardware,Cut-Off Disc,,49-94-0123,"49-94-0123 Milw 6""x.045""x7/8"" Performance+ Metal Cut Off Disc",,,,Milwaukee Accessory (4031),Milwaukee Electric Tool Corp,Milwaukee®,,49-94-0123,,Cut-Off Disc,"Milwaukee, Cut-Off Disc, 49-94-0123, Industrial Grade, Commercial Quality",CUT-OFF DISC,Milwaukee® 49-94-0123 Cut-Off Disc,"Milwaukee®, Cut-Off Disc, Model 49-94-0123","Cut-Off Disc, 49-94-0123","Milwaukee®, Cut-Off Disc, Model 49-94-0123",,,,,,,,,,,,,,,,,,,,,,,,,,Cut-Off Disc,Item Type,Cut-Off Disc,,,,,,,,,,,,,,,,,,,,,,,,,,,,,,,,,,,,,,,,,,,,,,,,,,,,,,,,,,,,,,,,,,,,,,,,,,,,,,,,,,,,,,,,,,,,,,,,,,,,,,,,,,,,,,,,,,,,,,,,,,,,,,,,,,,,,,,,,,,,,,,,,,,,,,,,,,,,,,,,,,,,,,,,MILWAUKEE_49-94-0123.jpg,,,,,,,,,MILWAUKEE_49-94-0123_Specification_Sheet.pdf,,,,,,,,,,,,,,,,,,Yes
https://www.milwaukee.com/product/49-94-0023,,,,,,,Industrial Supplies,Equipment & Hardware,Cut-Off Disc,,49-94-0023,"49-94-0023 Milw 6""x.045""x7/8"" Metal Cut Off Disc",,,,Milwaukee Accessory (4031),Milwaukee Electric Tool Corp,Milwaukee®,,49-94-0023,,Cut-Off Disc,"Milwaukee, Cut-Off Disc, 49-94-0023, Industrial Grade, Commercial Quality",CUT-OFF DISC,Milwaukee® 49-94-0023 Cut-Off Disc,"Milwaukee®, Cut-Off Disc, Model 49-94-0023","Cut-Off Disc, 49-94-0023","Milwaukee®, Cut-Off Disc, Model 49-94-0023",,,,,,,,,,,,,,,,,,,,,,,,,,Cut-Off Disc,Item Type,Cut-Off Disc,,,,,,,,,,,,,,,,,,,,,,,,,,,,,,,,,,,,,,,,,,,,,,,,,,,,,,,,,,,,,,,,,,,,,,,,,,,,,,,,,,,,,,,,,,,,,,,,,,,,,,,,,,,,,,,,,,,,,,,,,,,,,,,,,,,,,,,,,,,,,,,,,,,,,,,,,,,,,,,,,,,,,,,,MILWAUKEE_49-94-0023.jpg,,,,,,,,,MILWAUKEE_49-94-0023_Specification_Sheet.pdf,,,,,,,,,,,,,,,,,,Yes
https://www.milwaukee.com/product/49-94-0121,,,,,,,Industrial Supplies,Equipment & Hardware,Cut-Off Disc,,49-94-0121,"49-94-0121 Milw 6""x.045""x7/8"" Performance+ Metal Cut Off Disc 10pc",,,,Milwaukee Accessory (4031),Milwaukee Electric Tool Corp,Milwaukee®,,49-94-0121,,Cut-Off Disc,"Milwaukee, Cut-Off Disc, 49-94-0121, 10 pc, Industrial Grade",CUT-OFF DISC 10PC,Milwaukee® 49-94-0121 Cut-Off Disc 10 pc,"Milwaukee®, Cut-Off Disc, Model 49-94-0121, 10 pc","Cut-Off Disc, 49-94-0121","Milwaukee®, Cut-Off Disc, Model 49-94-0121, 10 pc",,,,,,,,,,,,,,,,,,,,,,,,,,Cut-Off Disc,Item Type,Cut-Off Disc,,Package Quantity,10,pc,,,,,,,,,,,,,,,,,,,,,,,,,,,,,,,,,,,,,,,,,,,,,,,,,,,,,,,,,,,,,,,,,,,,,,,,,,,,,,,,,,,,,,,,,,,,,,,,,,,,,,,,,,,,,,,,,,,,,,,,,,,,,,,,,,,,,,,,,,,,,,,,,,,,,,,,,,,,,,,,,,,,MILWAUKEE_49-94-0121.jpg,,,,,,,,,MILWAUKEE_49-94-0121_Specification_Sheet.pdf,,,,,,,,,,,,,,,,,,Yes
https://www.milwaukee.com/product/49-94-0127,,,,,,,Industrial Supplies,Equipment & Hardware,Cut-Off Disc,,49-94-0127,"49-94-0127 Milw 6""x.045""x7/8"" Performance+Metal Cut Off Disc",,,,Milwaukee Accessory (4031),Milwaukee Electric Tool Corp,Milwaukee®,Performance+,49-94-0127,,Cut-Off Disc,"Milwaukee, Cut-Off Disc, Performance+, 49-94-0127, Industrial Grade",CUT-OFF DISC,Milwaukee® Performance+ 49-94-0127 Cut-Off Disc,"Milwaukee®, Performance+, Cut-Off Disc, Model 49-94-0127","Performance+ Cut-Off Disc, 49-94-0127","Milwaukee®, Performance+, Cut-Off Disc, Model 49-94-0127",,,,,,,,,,,,,,,,,,,,,,,,,,Cut-Off Disc,Item Type,Cut-Off Disc,,Series,Performance+,,,,,,,,,,,,,,,,,,,,,,,,,,,,,,,,,,,,,,,,,,,,,,,,,,,,,,,,,,,,,,,,,,,,,,,,,,,,,,,,,,,,,,,,,,,,,,,,,,,,,,,,,,,,,,,,,,,,,,,,,,,,,,,,,,,,,,,,,,,,,,,,,,,,,,,,,,,,,,,,,,,,,MILWAUKEE_49-94-0127.jpg,,,,,,,,,MILWAUKEE_49-94-0127_Specification_Sheet.pdf,,,,,,,,,,,,,,,,,,Yes
https://www.milwaukee.com/product/49-94-0137,,,,,,,Industrial Supplies,Equipment & Hardware,Cut-Off Disc,,49-94-0137,"49-94-0137 Milw 7""x3/32""x7/8"" Performance+ Metal Cut Off Disc",,,,Milwaukee Accessory (4031),Milwaukee Electric Tool Corp,Milwaukee®,,49-94-0137,,Cut-Off Disc,"Milwaukee, Cut-Off Disc, 49-94-0137, Industrial Grade, Commercial Quality",CUT-OFF DISC,Milwaukee® 49-94-0137 Cut-Off Disc,"Milwaukee®, Cut-Off Disc, Model 49-94-0137","Cut-Off Disc, 49-94-0137","Milwaukee®, Cut-Off Disc, Model 49-94-0137",,,,,,,,,,,,,,,,,,,,,,,,,,Cut-Off Disc,Item Type,Cut-Off Disc,,,,,,,,,,,,,,,,,,,,,,,,,,,,,,,,,,,,,,,,,,,,,,,,,,,,,,,,,,,,,,,,,,,,,,,,,,,,,,,,,,,,,,,,,,,,,,,,,,,,,,,,,,,,,,,,,,,,,,,,,,,,,,,,,,,,,,,,,,,,,,,,,,,,,,,,,,,,,,,,,,,,,,,,MILWAUKEE_49-94-0137.jpg,,,,,,,,,MILWAUKEE_49-94-0137_Specification_Sheet.pdf,,,,,,,,,,,,,,,,,,Yes
https://www.milwaukee.com/product/49-94-0160,,,,,,,Industrial Supplies,Equipment & Hardware,Cut-Off Disc,,49-94-0160,"49-94-0160 Milw 14""x7/64""x1"" Performance+ Metal Cut Off Disc",,,,Milwaukee Accessory (4031),Milwaukee Electric Tool Corp,Milwaukee®,,49-94-0160,,Cut-Off Disc,"Milwaukee, Cut-Off Disc, 49-94-0160, Industrial Grade, Commercial Quality",CUT-OFF DISC,Milwaukee® 49-94-0160 Cut-Off Disc,"Milwaukee®, Cut-Off Disc, Model 49-94-0160","Cut-Off Disc, 49-94-0160","Milwaukee®, Cut-Off Disc, Model 49-94-0160",,,,,,,,,,,,,,,,,,,,,,,,,,Cut-Off Disc,Item Type,Cut-Off Disc,,,,,,,,,,,,,,,,,,,,,,,,,,,,,,,,,,,,,,,,,,,,,,,,,,,,,,,,,,,,,,,,,,,,,,,,,,,,,,,,,,,,,,,,,,,,,,,,,,,,,,,,,,,,,,,,,,,,,,,,,,,,,,,,,,,,,,,,,,,,,,,,,,,,,,,,,,,,,,,,,,,,,,,,MILWAUKEE_49-94-0160.jpg,,,,,,,,,MILWAUKEE_49-94-0160_Specification_Sheet.pdf,,,,,,,,,,,,,,,,,,Yes
https://www.milwaukee.com/product/49-94-0223,,,,,,,Industrial Supplies,Equipment & Hardware,Cut-Off Disc,,49-94-0223,"49-94-0223 Milw 6""x.045""x7/8"" Ceramic+ Metal Cut Off Disc",,,,Milwaukee Accessory (4031),Milwaukee Electric Tool Corp,Milwaukee®,,49-94-0223,,Cut-Off Disc,"Milwaukee, Cut-Off Disc, 49-94-0223, Ceramic, Industrial Grade",CUT-OFF DISC,Milwaukee® 49-94-0223 Cut-Off Disc,"Milwaukee®, Cut-Off Disc, Model 49-94-0223, Ceramic","Cut-Off Disc, 49-94-0223","Milwaukee®, Cut-Off Disc, Model 49-94-0223, Ceramic",,,,,,,,,,,,,,,,,,,,,,,,,,Cut-Off Disc,Item Type,Cut-Off Disc,,Material,Ceramic,,,,,,,,,,,,,,,,,,,,,,,,,,,,,,,,,,,,,,,,,,,,,,,,,,,,,,,,,,,,,,,,,,,,,,,,,,,,,,,,,,,,,,,,,,,,,,,,,,,,,,,,,,,,,,,,,,,,,,,,,,,,,,,,,,,,,,,,,,,,,,,,,,,,,,,,,,,,,,,,,,,,,MILWAUKEE_49-94-0223.jpg,,,,,,,,,MILWAUKEE_49-94-0223_Specification_Sheet.pdf,,,,,,,,,,,,,,,,,,Yes
https://www.milwaukee.com/product/49-94-0445,,,,,,,Industrial Supplies,Equipment & Hardware,Cut-Off Disc,,49-94-0445,"49-94-0445 Milw 10""x3/32""x5/8"" Performance+ Metal Cut Off Disc",,,,Milwaukee Accessory (4031),Milwaukee Electric Tool Corp,Milwaukee®,,49-94-0445,,Cut-Off Disc,"Milwaukee, Cut-Off Disc, 49-94-0445, Industrial Grade, Commercial Quality",CUT-OFF DISC,Milwaukee® 49-94-0445 Cut-Off Disc,"Milwaukee®, Cut-Off Disc, Model 49-94-0445","Cut-Off Disc, 49-94-0445","Milwaukee®, Cut-Off Disc, Model 49-94-0445",,,,,,,,,,,,,,,,,,,,,,,,,,Cut-Off Disc,Item Type,Cut-Off Disc,,,,,,,,,,,,,,,,,,,,,,,,,,,,,,,,,,,,,,,,,,,,,,,,,,,,,,,,,,,,,,,,,,,,,,,,,,,,,,,,,,,,,,,,,,,,,,,,,,,,,,,,,,,,,,,,,,,,,,,,,,,,,,,,,,,,,,,,,,,,,,,,,,,,,,,,,,,,,,,,,,,,,,,,MILWAUKEE_49-94-0445.jpg,,,,,,,,,MILWAUKEE_49-94-0445_Specification_Sheet.pdf,,,,,,,,,,,,,,,,,,Yes
https://www.milwaukee.com/product/49-94-0803,,,,,,,Industrial Supplies,Equipment & Hardware,Grinding Wheel,,49-94-0803,"49-94-0803 Milw 4-1/2""x1/8""x7/8"" Dual Metal Cut and Grind Disc",,,,Milwaukee Accessory (4031),Milwaukee Electric Tool Corp,Milwaukee®,,49-94-0803,,Grinding Wheel,"Milwaukee, Grinding Wheel, 49-94-0803, Industrial Grade, Commercial Quality",GRINDING WHEEL,Milwaukee® 49-94-0803 Grinding Wheel,"Milwaukee®, Grinding Wheel, Model 49-94-0803","Grinding Wheel, 49-94-0803","Milwaukee®, Grinding Wheel, Model 49-94-0803",,,,,,,,,,,,,,,,,,,,,,,,,,Grinding Wheel,Item Type,Grinding Wheel,,,,,,,,,,,,,,,,,,,,,,,,,,,,,,,,,,,,,,,,,,,,,,,,,,,,,,,,,,,,,,,,,,,,,,,,,,,,,,,,,,,,,,,,,,,,,,,,,,,,,,,,,,,,,,,,,,,,,,,,,,,,,,,,,,,,,,,,,,,,,,,,,,,,,,,,,,,,,,,,,,,,,,,,MILWAUKEE_49-94-0803.jpg,,,,,,,,,MILWAUKEE_49-94-0803_Specification_Sheet.pdf,,,,,,,,,,,,,,,,,,Yes
https://www.milwaukee.com/product/49-94-0903,,,,,,,Industrial Supplies,Equipment & Hardware,Grinding Wheel,,49-94-0903,"49-94-0903 Milw 4-1/2""x1/8""x7/8""Perform+Dual Metal Cut and Grind Disc",,,,Milwaukee Accessory (4031),Milwaukee Electric Tool Corp,Milwaukee®,,49-94-0903,,Grinding Wheel,"Milwaukee, Grinding Wheel, 49-94-0903, Industrial Grade, Commercial Quality",GRINDING WHEEL,Milwaukee® 49-94-0903 Grinding Wheel,"Milwaukee®, Grinding Wheel, Model 49-94-0903","Grinding Wheel, 49-94-0903","Milwaukee®, Grinding Wheel, Model 49-94-0903",,,,,,,,,,,,,,,,,,,,,,,,,,Grinding Wheel,Item Type,Grinding Wheel,,,,,,,,,,,,,,,,,,,,,,,,,,,,,,,,,,,,,,,,,,,,,,,,,,,,,,,,,,,,,,,,,,,,,,,,,,,,,,,,,,,,,,,,,,,,,,,,,,,,,,,,,,,,,,,,,,,,,,,,,,,,,,,,,,,,,,,,,,,,,,,,,,,,,,,,,,,,,,,,,,,,,,,,MILWAUKEE_49-94-0903.jpg,,,,,,,,,MILWAUKEE_49-94-0903_Specification_Sheet.pdf,,,,,,,,,,,,,,,,,,Yes
https://www.milwaukee.com/product/49-94-0907,,,,,,,Industrial Supplies,Equipment & Hardware,Grinding Wheel,,49-94-0907,"49-94-0907 Milw 4-1/2""x1/8""x5/8-11""Perform+Dual Metal Cut n Grind Disc",,,,Milwaukee Accessory (4031),Milwaukee Electric Tool Corp,Milwaukee®,,49-94-0907,,Grinding Wheel,"Milwaukee, Grinding Wheel, 49-94-0907, Industrial Grade, Commercial Quality",GRINDING WHEEL,Milwaukee® 49-94-0907 Grinding Wheel,"Milwaukee®, Grinding Wheel, Model 49-94-0907","Grinding Wheel, 49-94-0907","Milwaukee®, Grinding Wheel, Model 49-94-0907",,,,,,,,,,,,,,,,,,,,,,,,,,Grinding Wheel,Item Type,Grinding Wheel,,,,,,,,,,,,,,,,,,,,,,,,,,,,,,,,,,,,,,,,,,,,,,,,,,,,,,,,,,,,,,,,,,,,,,,,,,,,,,,,,,,,,,,,,,,,,,,,,,,,,,,,,,,,,,,,,,,,,,,,,,,,,,,,,,,,,,,,,,,,,,,,,,,,,,,,,,,,,,,,,,,,,,,,MILWAUKEE_49-94-0907.jpg,,,,,,,,,MILWAUKEE_49-94-0907_Specification_Sheet.pdf,,,,,,,,,,,,,,,,,,Yes
https://www.milwaukee.com/product/49-94-0923,,,,,,,Industrial Supplies,Equipment & Hardware,Grinding Wheel,,49-94-0923,"49-94-0923 Milw 6""x1/8""x7/8"" Perform+Dual Metal Cut and Grind Disc",,,,Milwaukee Accessory (4031),Milwaukee Electric Tool Corp,Milwaukee®,,49-94-0923,,Grinding Wheel,"Milwaukee, Grinding Wheel, 49-94-0923, Industrial Grade, Commercial Quality",GRINDING WHEEL,Milwaukee® 49-94-0923 Grinding Wheel,"Milwaukee®, Grinding Wheel, Model 49-94-0923","Grinding Wheel, 49-94-0923","Milwaukee®, Grinding Wheel, Model 49-94-0923",,,,,,,,,,,,,,,,,,,,,,,,,,Grinding Wheel,Item Type,Grinding Wheel,,,,,,,,,,,,,,,,,,,,,,,,,,,,,,,,,,,,,,,,,,,,,,,,,,,,,,,,,,,,,,,,,,,,,,,,,,,,,,,,,,,,,,,,,,,,,,,,,,,,,,,,,,,,,,,,,,,,,,,,,,,,,,,,,,,,,,,,,,,,,,,,,,,,,,,,,,,,,,,,,,,,,,,,MILWAUKEE_49-94-0923.jpg,,,,,,,,,MILWAUKEE_49-94-0923_Specification_Sheet.pdf,,,,,,,,,,,,,,,,,,Yes
https://www.milwaukee.com/product/49-94-1900,,,,,,,Industrial Supplies,Equipment & Hardware,Cut-Off Disc,,49-94-1900,"49-94-1900 Milw 4""x1/8""x5/8"" Masonry Cut Off Disc",,,,Milwaukee Accessory (4031),Milwaukee Electric Tool Corp,Milwaukee®,,49-94-1900,,Cut-Off Disc,"Milwaukee, Cut-Off Disc, 49-94-1900, Masonry, Industrial Grade",CUT-OFF DISC,Milwaukee® 49-94-1900 Cut-Off Disc,"Milwaukee®, Cut-Off Disc, Model 49-94-1900, Masonry","Cut-Off Disc, 49-94-1900","Milwaukee®, Cut-Off Disc, Model 49-94-1900, Masonry",,,,,,,,,,,,,,,,,,,,,,,,,,Cut-Off Disc,Item Type,Cut-Off Disc,,Material,Masonry,,,,,,,,,,,,,,,,,,,,,,,,,,,,,,,,,,,,,,,,,,,,,,,,,,,,,,,,,,,,,,,,,,,,,,,,,,,,,,,,,,,,,,,,,,,,,,,,,,,,,,,,,,,,,,,,,,,,,,,,,,,,,,,,,,,,,,,,,,,,,,,,,,,,,,,,,,,,,,,,,,,,,MILWAUKEE_49-94-1900.jpg,,,,,,,,,MILWAUKEE_49-94-1900_Specification_Sheet.pdf,,,,,,,,,,,,,,,,,,Yes
https://www.milwaukee.com/product/49-94-1905,,,,,,,Industrial Supplies,Equipment & Hardware,Cut-Off Disc,,49-94-1905,"49-94-1905 Milw 4-1/2""x1/8""x7/8"" Masonry Cut Off Disc",,,,Milwaukee Accessory (4031),Milwaukee Electric Tool Corp,Milwaukee®,,49-94-1905,,Cut-Off Disc,"Milwaukee, Cut-Off Disc, 49-94-1905, Masonry, Industrial Grade",CUT-OFF DISC,Milwaukee® 49-94-1905 Cut-Off Disc,"Milwaukee®, Cut-Off Disc, Model 49-94-1905, Masonry","Cut-Off Disc, 49-94-1905","Milwaukee®, Cut-Off Disc, Model 49-94-1905, Masonry",,,,,,,,,,,,,,,,,,,,,,,,,,Cut-Off Disc,Item Type,Cut-Off Disc,,Material,Masonry,,,,,,,,,,,,,,,,,,,,,,,,,,,,,,,,,,,,,,,,,,,,,,,,,,,,,,,,,,,,,,,,,,,,,,,,,,,,,,,,,,,,,,,,,,,,,,,,,,,,,,,,,,,,,,,,,,,,,,,,,,,,,,,,,,,,,,,,,,,,,,,,,,,,,,,,,,,,,,,,,,,,,MILWAUKEE_49-94-1905.jpg,,,,,,,,,MILWAUKEE_49-94-1905_Specification_Sheet.pdf,,,,,,,,,,,,,,,,,,Yes
https://www.milwaukee.com/product/49-94-1915,,,,,,,Industrial Supplies,Equipment & Hardware,Cut-Off Disc,,49-94-1915,"49-94-1915 Milw 6-1/2""x1/8""x5/8"" DKO Masonry Cut Off Disc",,,,Milwaukee Accessory (4031),Milwaukee Electric Tool Corp,Milwaukee®,,49-94-1915,,Cut-Off Disc,"Milwaukee, Cut-Off Disc, 49-94-1915, Diamond, Industrial Grade",CUT-OFF DISC,Milwaukee® 49-94-1915 Cut-Off Disc,"Milwaukee®, Cut-Off Disc, Model 49-94-1915, Diamond","Cut-Off Disc, 49-94-1915","Milwaukee®, Cut-Off Disc, Model 49-94-1915, Diamond",,,,,,,,,,,,,,,,,,,,,,,,,,Cut-Off Disc,Item Type,Cut-Off Disc,,Material,Diamond,,,,,,,,,,,,,,,,,,,,,,,,,,,,,,,,,,,,,,,,,,,,,,,,,,,,,,,,,,,,,,,,,,,,,,,,,,,,,,,,,,,,,,,,,,,,,,,,,,,,,,,,,,,,,,,,,,,,,,,,,,,,,,,,,,,,,,,,,,,,,,,,,,,,,,,,,,,,,,,,,,,,,MILWAUKEE_49-94-1915.jpg,,,,,,,,,MILWAUKEE_49-94-1915_Specification_Sheet.pdf,,,,,,,,,,,,,,,,,,Yes
https://www.milwaukee.com/product/49-94-1920,,,,,,,Industrial Supplies,Equipment & Hardware,Cut-Off Disc,,49-94-1920,"49-94-1920 Milw 7""x1/8""x5/8"" DKO Masonry Cut Off Disc",,,,Milwaukee Accessory (4031),Milwaukee Electric Tool Corp,Milwaukee®,,49-94-1920,,Cut-Off Disc,"Milwaukee, Cut-Off Disc, 49-94-1920, Diamond, Industrial Grade",CUT-OFF DISC,Milwaukee® 49-94-1920 Cut-Off Disc,"Milwaukee®, Cut-Off Disc, Model 49-94-1920, Diamond","Cut-Off Disc, 49-94-1920","Milwaukee®, Cut-Off Disc, Model 49-94-1920, Diamond",,,,,,,,,,,,,,,,,,,,,,,,,,Cut-Off Disc,Item Type,Cut-Off Disc,,Material,Diamond,,,,,,,,,,,,,,,,,,,,,,,,,,,,,,,,,,,,,,,,,,,,,,,,,,,,,,,,,,,,,,,,,,,,,,,,,,,,,,,,,,,,,,,,,,,,,,,,,,,,,,,,,,,,,,,,,,,,,,,,,,,,,,,,,,,,,,,,,,,,,,,,,,,,,,,,,,,,,,,,,,,,,MILWAUKEE_49-94-1920.jpg,,,,,,,,,MILWAUKEE_49-94-1920_Specification_Sheet.pdf,,,,,,,,,,,,,,,,,,Yes
https://www.milwaukee.com/product/49-94-1925,,,,,,,Industrial Supplies,Equipment & Hardware,Cut-Off Disc,,49-94-1925,"49-94-1925 Milw 10""x1/8""x5/8"" Masonry Cut Off Disc",,,,Milwaukee Accessory (4031),Milwaukee Electric Tool Corp,Milwaukee®,,49-94-1925,,Cut-Off Disc,"Milwaukee, Cut-Off Disc, 49-94-1925, Masonry, Industrial Grade",CUT-OFF DISC,Milwaukee® 49-94-1925 Cut-Off Disc,"Milwaukee®, Cut-Off Disc, Model 49-94-1925, Masonry","Cut-Off Disc, 49-94-1925","Milwaukee®, Cut-Off Disc, Model 49-94-1925, Masonry",,,,,,,,,,,,,,,,,,,,,,,,,,Cut-Off Disc,Item Type,Cut-Off Disc,,Material,Masonry,,,,,,,,,,,,,,,,,,,,,,,,,,,,,,,,,,,,,,,,,,,,,,,,,,,,,,,,,,,,,,,,,,,,,,,,,,,,,,,,,,,,,,,,,,,,,,,,,,,,,,,,,,,,,,,,,,,,,,,,,,,,,,,,,,,,,,,,,,,,,,,,,,,,,,,,,,,,,,,,,,,,,MILWAUKEE_49-94-1925.jpg,,,,,,,,,MILWAUKEE_49-94-1925_Specification_Sheet.pdf,,,,,,,,,,,,,,,,,,Yes
https://www.milwaukee.com/product/49-94-1935,,,,,,,Industrial Supplies,Equipment & Hardware,Cut-Off Disc,,49-94-1935,"49-94-1935 Milw 12""x1/8""x1"" Masonry Cut Off Disc",,,,Milwaukee Accessory (4031),Milwaukee Electric Tool Corp,Milwaukee®,,49-94-1935,,Cut-Off Disc,"Milwaukee, Cut-Off Disc, 49-94-1935, Masonry, Industrial Grade",CUT-OFF DISC,Milwaukee® 49-94-1935 Cut-Off Disc,"Milwaukee®, Cut-Off Disc, Model 49-94-1935, Masonry","Cut-Off Disc, 49-94-1935","Milwaukee®, Cut-Off Disc, Model 49-94-1935, Masonry",,,,,,,,,,,,,,,,,,,,,,,,,,Cut-Off Disc,Item Type,Cut-Off Disc,,Material,Masonry,,,,,,,,,,,,,,,,,,,,,,,,,,,,,,,,,,,,,,,,,,,,,,,,,,,,,,,,,,,,,,,,,,,,,,,,,,,,,,,,,,,,,,,,,,,,,,,,,,,,,,,,,,,,,,,,,,,,,,,,,,,,,,,,,,,,,,,,,,,,,,,,,,,,,,,,,,,,,,,,,,,,,MILWAUKEE_49-94-1935.jpg,,,,,,,,,MILWAUKEE_49-94-1935_Specification_Sheet.pdf,,,,,,,,,,,,,,,,,,Yes
https://www.milwaukee.com/product/49-94-1940,,,,,,,Industrial Supplies,Equipment & Hardware,Cut-Off Disc,,49-94-1940,"49-94-1940 Milw 14""x1/8""x1"" Masonry Cut Off Disc",,,,Milwaukee Accessory (4031),Milwaukee Electric Tool Corp,Milwaukee®,,49-94-1940,,Cut-Off Disc,"Milwaukee, Cut-Off Disc, 49-94-1940, Masonry, Industrial Grade",CUT-OFF DISC,Milwaukee® 49-94-1940 Cut-Off Disc,"Milwaukee®, Cut-Off Disc, Model 49-94-1940, Masonry","Cut-Off Disc, 49-94-1940","Milwaukee®, Cut-Off Disc, Model 49-94-1940, Masonry",,,,,,,,,,,,,,,,,,,,,,,,,,Cut-Off Disc,Item Type,Cut-Off Disc,,Material,Masonry,,,,,,,,,,,,,,,,,,,,,,,,,,,,,,,,,,,,,,,,,,,,,,,,,,,,,,,,,,,,,,,,,,,,,,,,,,,,,,,,,,,,,,,,,,,,,,,,,,,,,,,,,,,,,,,,,,,,,,,,,,,,,,,,,,,,,,,,,,,,,,,,,,,,,,,,,,,,,,,,,,,,,MILWAUKEE_49-94-1940.jpg,,,,,,,,,MILWAUKEE_49-94-1940_Specification_Sheet.pdf,,,,,,,,,,,,,,,,,,Yes
https://www.milwaukee.com/product/49-94-0501,,,,,,,Industrial Supplies,Equipment & Hardware,Grinding Wheel,,49-94-0501,"49-94-0501 Milw 4""x1/4""x5/8"" Metal Grinding Wheel",,,,Milwaukee Accessory (4031),Milwaukee Electric Tool Corp,Milwaukee®,,49-94-0501,,Grinding Wheel,"Milwaukee, Grinding Wheel, 49-94-0501, Industrial Grade, Commercial Quality",GRINDING WHEEL,Milwaukee® 49-94-0501 Grinding Wheel,"Milwaukee®, Grinding Wheel, Model 49-94-0501","Grinding Wheel, 49-94-0501","Milwaukee®, Grinding Wheel, Model 49-94-0501",,,,,,,,,,,,,,,,,,,,,,,,,,Grinding Wheel,Item Type,Grinding Wheel,,,,,,,,,,,,,,,,,,,,,,,,,,,,,,,,,,,,,,,,,,,,,,,,,,,,,,,,,,,,,,,,,,,,,,,,,,,,,,,,,,,,,,,,,,,,,,,,,,,,,,,,,,,,,,,,,,,,,,,,,,,,,,,,,,,,,,,,,,,,,,,,,,,,,,,,,,,,,,,,,,,,,,,,MILWAUKEE_49-94-0501.jpg,,,,,,,,,MILWAUKEE_49-94-0501_Specification_Sheet.pdf,,,,,,,,,,,,,,,,,,Yes
https://www.milwaukee.com/product/49-94-0503,,,,,,,Industrial Supplies,Equipment & Hardware,Grinding Wheel,,49-94-0503,"49-94-0503 Milw 4-1/2""x1/4""x7/8"" Metal Grinding Wheel",,,,Milwaukee Accessory (4031),Milwaukee Electric Tool Corp,Milwaukee®,,49-94-0503,,Grinding Wheel,"Milwaukee, Grinding Wheel, 49-94-0503, Industrial Grade, Commercial Quality",GRINDING WHEEL,Milwaukee® 49-94-0503 Grinding Wheel,"Milwaukee®, Grinding Wheel, Model 49-94-0503","Grinding Wheel, 49-94-0503","Milwaukee®, Grinding Wheel, Model 49-94-0503",,,,,,,,,,,,,,,,,,,,,,,,,,Grinding Wheel,Item Type,Grinding Wheel,,,,,,,,,,,,,,,,,,,,,,,,,,,,,,,,,,,,,,,,,,,,,,,,,,,,,,,,,,,,,,,,,,,,,,,,,,,,,,,,,,,,,,,,,,,,,,,,,,,,,,,,,,,,,,,,,,,,,,,,,,,,,,,,,,,,,,,,,,,,,,,,,,,,,,,,,,,,,,,,,,,,,,,,MILWAUKEE_49-94-0503.jpg,,,,,,,,,MILWAUKEE_49-94-0503_Specification_Sheet.pdf,,,,,,,,,,,,,,,,,,Yes
https://www.milwaukee.com/product/49-94-0523,,,,,,,Industrial Supplies,Equipment & Hardware,Grinding Wheel,,49-94-0523,"49-94-0523 Milw 6""x1/4""x7/8"" Metal Grinding Wheel",,,,Milwaukee Accessory (4031),Milwaukee Electric Tool Corp,Milwaukee®,,49-94-0523,,Grinding Wheel,"Milwaukee, Grinding Wheel, 49-94-0523, Industrial Grade, Commercial Quality",GRINDING WHEEL,Milwaukee® 49-94-0523 Grinding Wheel,"Milwaukee®, Grinding Wheel, Model 49-94-0523","Grinding Wheel, 49-94-0523","Milwaukee®, Grinding Wheel, Model 49-94-0523",,,,,,,,,,,,,,,,,,,,,,,,,,Grinding Wheel,Item Type,Grinding Wheel,,,,,,,,,,,,,,,,,,,,,,,,,,,,,,,,,,,,,,,,,,,,,,,,,,,,,,,,,,,,,,,,,,,,,,,,,,,,,,,,,,,,,,,,,,,,,,,,,,,,,,,,,,,,,,,,,,,,,,,,,,,,,,,,,,,,,,,,,,,,,,,,,,,,,,,,,,,,,,,,,,,,,,,,MILWAUKEE_49-94-0523.jpg,,,,,,,,,MILWAUKEE_49-94-0523_Specification_Sheet.pdf,,,,,,,,,,,,,,,,,,Yes
https://www.milwaukee.com/product/49-94-1955,,,,,,,Industrial Supplies,Equipment & Hardware,Grinding Wheel,,49-94-1955,"49-94-1955 Milw 4-1/2""x1/4""x7/8"" Masonry Grinding Wheel",,,,Milwaukee Accessory (4031),Milwaukee Electric Tool Corp,Milwaukee®,,49-94-1955,,Grinding Wheel,"Milwaukee, Grinding Wheel, 49-94-1955, Masonry, Industrial Grade",GRINDING WHEEL,Milwaukee® 49-94-1955 Grinding Wheel,"Milwaukee®, Grinding Wheel, Model 49-94-1955, Masonry","Grinding Wheel, 49-94-1955","Milwaukee®, Grinding Wheel, Model 49-94-1955, Masonry",,,,,,,,,,,,,,,,,,,,,,,,,,Grinding Wheel,Item Type,Grinding Wheel,,Material,Masonry,,,,,,,,,,,,,,,,,,,,,,,,,,,,,,,,,,,,,,,,,,,,,,,,,,,,,,,,,,,,,,,,,,,,,,,,,,,,,,,,,,,,,,,,,,,,,,,,,,,,,,,,,,,,,,,,,,,,,,,,,,,,,,,,,,,,,,,,,,,,,,,,,,,,,,,,,,,,,,,,,,,,,MILWAUKEE_49-94-1955.jpg,,,,,,,,,MILWAUKEE_49-94-1955_Specification_Sheet.pdf,,,,,,,,,,,,,,,,,,Yes
https://www.milwaukee.com/product/49-94-1965,,,,,,,Industrial Supplies,Equipment & Hardware,Grinding Wheel,,49-94-1965,"49-94-1965 Milw 7""x1/4""x7/8"" Masonry Grinding Wheel",,,,Milwaukee Accessory (4031),Milwaukee Electric Tool Corp,Milwaukee®,,49-94-1965,,Grinding Wheel,"Milwaukee, Grinding Wheel, 49-94-1965, Masonry, Industrial Grade",GRINDING WHEEL,Milwaukee® 49-94-1965 Grinding Wheel,"Milwaukee®, Grinding Wheel, Model 49-94-1965, Masonry","Grinding Wheel, 49-94-1965","Milwaukee®, Grinding Wheel, Model 49-94-1965, Masonry",,,,,,,,,,,,,,,,,,,,,,,,,,Grinding Wheel,Item Type,Grinding Wheel,,Material,Masonry,,,,,,,,,,,,,,,,,,,,,,,,,,,,,,,,,,,,,,,,,,,,,,,,,,,,,,,,,,,,,,,,,,,,,,,,,,,,,,,,,,,,,,,,,,,,,,,,,,,,,,,,,,,,,,,,,,,,,,,,,,,,,,,,,,,,,,,,,,,,,,,,,,,,,,,,,,,,,,,,,,,,,MILWAUKEE_49-94-1965.jpg,,,,,,,,,MILWAUKEE_49-94-1965_Specification_Sheet.pdf,,,,,,,,,,,,,,,,,,Yes
https://www.milwaukee.com/product/49-94-0513,,,,,,,Industrial Supplies,Equipment & Hardware,Grinding Wheel,,49-94-0513,"49-94-0513 Milw 5""x1/4""x7/8"" Metal Grinding Wheel",,,,Milwaukee Accessory (4031),Milwaukee Electric Tool Corp,Milwaukee®,,49-94-0513,,Grinding Wheel,"Milwaukee, Grinding Wheel, 49-94-0513, Industrial Grade, Commercial Quality",GRINDING WHEEL,Milwaukee® 49-94-0513 Grinding Wheel,"Milwaukee®, Grinding Wheel, Model 49-94-0513","Grinding Wheel, 49-94-0513","Milwaukee®, Grinding Wheel, Model 49-94-0513",,,,,,,,,,,,,,,,,,,,,,,,,,Grinding Wheel,Item Type,Grinding Wheel,,,,,,,,,,,,,,,,,,,,,,,,,,,,,,,,,,,,,,,,,,,,,,,,,,,,,,,,,,,,,,,,,,,,,,,,,,,,,,,,,,,,,,,,,,,,,,,,,,,,,,,,,,,,,,,,,,,,,,,,,,,,,,,,,,,,,,,,,,,,,,,,,,,,,,,,,,,,,,,,,,,,,,,,MILWAUKEE_49-94-0513.jpg,,,,,,,,,MILWAUKEE_49-94-0513_Specification_Sheet.pdf,,,,,,,,,,,,,,,,,,Yes
https://www.milwaukee.com/product/49-94-0533,,,,,,,Industrial Supplies,Equipment & Hardware,Grinding Wheel,,49-94-0533,"49-94-0533 Milw 7""x1/4""x7/8"" Metal Grinding Wheel",,,,Milwaukee Accessory (4031),Milwaukee Electric Tool Corp,Milwaukee®,,49-94-0533,,Grinding Wheel,"Milwaukee, Grinding Wheel, 49-94-0533, Industrial Grade, Commercial Quality",GRINDING WHEEL,Milwaukee® 49-94-0533 Grinding Wheel,"Milwaukee®, Grinding Wheel, Model 49-94-0533","Grinding Wheel, 49-94-0533","Milwaukee®, Grinding Wheel, Model 49-94-0533",,,,,,,,,,,,,,,,,,,,,,,,,,Grinding Wheel,Item Type,Grinding Wheel,,,,,,,,,,,,,,,,,,,,,,,,,,,,,,,,,,,,,,,,,,,,,,,,,,,,,,,,,,,,,,,,,,,,,,,,,,,,,,,,,,,,,,,,,,,,,,,,,,,,,,,,,,,,,,,,,,,,,,,,,,,,,,,,,,,,,,,,,,,,,,,,,,,,,,,,,,,,,,,,,,,,,,,,MILWAUKEE_49-94-0533.jpg,,,,,,,,,MILWAUKEE_49-94-0533_Specification_Sheet.pdf,,,,,,,,,,,,,,,,,,Yes
https://www.diablo.com/product/DFBLBLOMFN01G,,,,,,,Industrial Supplies,Equipment & Hardware,Abrasive Sanding Media,,DFBLBLOMFN01G,DFBLBLOMFN01G Diablo 220 Grit - Flat Edge Sanding Sponge,,,,Freud Inc (2435),Freud America Inc,Diablo®,,DFBLBLOMFN01G,,Abrasive Sanding Media,"Diablo, Abrasive Sanding Media, DFBLBLOMFN01G, P220, Industrial Grade",ABRASIVE SANDING MEDIA P220,Diablo® DFBLBLOMFN01G Abrasive Sanding Media P220,"Diablo®, Abrasive Sanding Media, Model DFBLBLOMFN01G, P220","Abrasive Sanding Media, DFBLBLOMFN01G","Diablo®, Abrasive Sanding Media, Model DFBLBLOMFN01G, P220",,,,,,,,,,,,,,,,,,,,,,,,,,Abrasive Sanding Media,Item Type,Abrasive Sanding Media,,Grit,P220,,,,,,,,,,,,,,,,,,,,,,,,,,,,,,,,,,,,,,,,,,,,,,,,,,,,,,,,,,,,,,,,,,,,,,,,,,,,,,,,,,,,,,,,,,,,,,,,,,,,,,,,,,,,,,,,,,,,,,,,,,,,,,,,,,,,,,,,,,,,,,,,,,,,,,,,,,,,,,,,,,,,,DIABLO_DFBLBLOMFN01G.jpg,,,,,,,,,DIABLO_DFBLBLOMFN01G_Specification_Sheet.pdf,,,,,,,,,,,,,,,,,,Yes
https://www.3m.com/product/1700-1PK-BB40,,,,,,,Industrial Supplies,Equipment & Hardware,Industrial Tape,,1700-1PK-BB40,3/4x60' Vinyl Elect Tape,,,3M,3 M Co (5293),3M Co,3M®,,1700-1PK-BB40,,Industrial Tape,"3M, Industrial Tape, 1700-1PK-BB40, 3/4 in x 60 in, Composite PVC",INDUSTRIAL TAPE 3/4INX60IN,3M® 1700-1PK-BB40 Industrial Tape 3/4 in x 60 in,"3M®, Industrial Tape, Model 1700-1PK-BB40, 3/4 in x 60 in, Composite PVC","Industrial Tape, 1700-1PK-BB40","3M®, Industrial Tape, Model 1700-1PK-BB40, 3/4 in x 60 in, Composite PVC",,,,,,,,,,,,,,,,,,,,,,,,,,Industrial Tape,Item Type,Industrial Tape,,Dimensions,3/4 in x 60,in,Material,Composite PVC,,,,,,,,,,,,,,,,,,,,,,,,,,,,,,,,,,,,,,,,,,,,,,,,,,,,,,,,,,,,,,,,,,,,,,,,,,,,,,,,,,,,,,,,,,,,,,,,,,,,,,,,,,,,,,,,,,,,,,,,,,,,,,,,,,,,,,,,,,,,,,,,,,,,,,,,,,,,,,,,,,3M_1700-1PK-BB40.jpg,,,,,,,,,3M_1700-1PK-BB40_Specification_Sheet.pdf,,,,,,,,,,,,,,,,,,Yes
https://www.emsealjointsystemsltd.com/product/ASH-40-40-04,,,,,,,Industrial Supplies,Equipment & Hardware,Industrial Tape,,ASH-40-40-04,1.5x1.5x13' Legacy Emseal Tape,,,,Emseal Joint Systems Ltd (EMSJO),Emseal Joint Systems Ltd (EMSJO),Emseal Joint Systems Ltd,,ASH-40-40-04,,Industrial Tape,"Emseal Joint Systems Ltd, Industrial Tape, ASH-40-40-04, 1-1/2 in x 1-1/2 in...",INDUSTRIAL TAPE 1-1/2INX1-1/2INX13FT,Emseal Joint Systems Ltd ASH-40-40-04 Industrial Tape 1-1/2 in x 1-1/2 in x 13 ft,"Emseal Joint Systems Ltd, Industrial Tape, Model ASH-40-40-04, 1-1/2 in x 1-1/2 in x 13 ft","Industrial Tape, ASH-40-40-04","Emseal Joint Systems Ltd, Industrial Tape, Model ASH-40-40-04, 1-1/2 in x 1-1/2 in x 13 ft",,,,,,,,,,,,,,,,,,,,,,,,,,Industrial Tape,Item Type,Industrial Tape,,Dimensions,1-1/2 in x 1-1/2 in x 13,ft,,,,,,,,,,,,,,,,,,,,,,,,,,,,,,,,,,,,,,,,,,,,,,,,,,,,,,,,,,,,,,,,,,,,,,,,,,,,,,,,,,,,,,,,,,,,,,,,,,,,,,,,,,,,,,,,,,,,,,,,,,,,,,,,,,,,,,,,,,,,,,,,,,,,,,,,,,,,,,,,,,,,EMSEAL_JOINT_SYSTEMS_LTD_ASH-40-40-04.jpg,,,,,,,,,EMSEAL_JOINT_SYSTEMS_LTD_ASH-40-40-04_Specification_Sheet.pdf,,,,,,,,,,,,,,,,,,Yes
https://www.frigidaire.com/product/KDFM404KPS,,,,,,,Industrial Supplies,Equipment & Hardware,Dishwasher,,KDFM404KPS,KDFM404KPS Dishwasher SS,,,,Appliance Dealers Cooperative (APPDE),Electrolux Home Products Inc,FRIGIDAIRE®,,KDFM404KPS,,Dishwasher,"FRIGIDAIRE, Dishwasher, KDFM404KPS, Stainless Steel, Industrial Grade",DISHWASHER,FRIGIDAIRE® KDFM404KPS Dishwasher Stainless Steel,"FRIGIDAIRE®, Dishwasher, Model KDFM404KPS, Stainless Steel, Stainless Steel","Dishwasher, KDFM404KPS","FRIGIDAIRE®, Dishwasher, Model KDFM404KPS, Stainless Steel, Stainless Steel",,,,,,,,,,,,,,,,,,,,,,,,,,Dishwasher,Item Type,Dishwasher,,Material,Stainless Steel,,Finish Color,Stainless Steel,,,,,,,,,,,,,,,,,,,,,,,,,,,,,,,,,,,,,,,,,,,,,,,,,,,,,,,,,,,,,,,,,,,,,,,,,,,,,,,,,,,,,,,,,,,,,,,,,,,,,,,,,,,,,,,,,,,,,,,,,,,,,,,,,,,,,,,,,,,,,,,,,,,,,,,,,,,,,,,,,,FRIGIDAIRE_KDFM404KPS.jpg,,,,,,,,,FRIGIDAIRE_KDFM404KPS_Specification_Sheet.pdf,,,,,,,,,,,,,,,,,,Yes
https://www.frigidaire.com/product/PDSH4816AF,,,,,,,Industrial Supplies,Equipment & Hardware,Dishwasher,,PDSH4816AF,PDSH4816AF Dishwasher SS - Display Only,,,,Appliance Dealers Cooperative (APPDE),Electrolux Home Products Inc,FRIGIDAIRE®,,PDSH4816AF,,Dishwasher,"FRIGIDAIRE, Dishwasher, PDSH4816AF, Stainless Steel, Industrial Grade",DISHWASHER,FRIGIDAIRE® PDSH4816AF Dishwasher Stainless Steel,"FRIGIDAIRE®, Dishwasher, Model PDSH4816AF, Stainless Steel, Stainless Steel","Dishwasher, PDSH4816AF","FRIGIDAIRE®, Dishwasher, Model PDSH4816AF, Stainless Steel, Stainless Steel",,,,,,,,,,,,,,,,,,,,,,,,,,Dishwasher,Item Type,Dishwasher,,Material,Stainless Steel,,Finish Color,Stainless Steel,,,,,,,,,,,,,,,,,,,,,,,,,,,,,,,,,,,,,,,,,,,,,,,,,,,,,,,,,,,,,,,,,,,,,,,,,,,,,,,,,,,,,,,,,,,,,,,,,,,,,,,,,,,,,,,,,,,,,,,,,,,,,,,,,,,,,,,,,,,,,,,,,,,,,,,,,,,,,,,,,,FRIGIDAIRE_PDSH4816AF.jpg,,,,,,,,,FRIGIDAIRE_PDSH4816AF_Specification_Sheet.pdf,,,,,,,,,,,,,,,,,,Yes
https://www.frigidaire.com/product/PDT715SYVFS,,,,,,,Industrial Supplies,Equipment & Hardware,Dishwasher,,PDT715SYVFS,PDT715SYVFS Ge Dishwasher SS,,,,Appliance Dealers Cooperative (APPDE),Electrolux Home Products Inc,FRIGIDAIRE®,,PDT715SYVFS,,Dishwasher,"FRIGIDAIRE, Dishwasher, PDT715SYVFS, Stainless Steel, Industrial Grade",DISHWASHER,FRIGIDAIRE® PDT715SYVFS Dishwasher Stainless Steel,"FRIGIDAIRE®, Dishwasher, Model PDT715SYVFS, Stainless Steel, Stainless Steel","Dishwasher, PDT715SYVFS","FRIGIDAIRE®, Dishwasher, Model PDT715SYVFS, Stainless Steel, Stainless Steel",,,,,,,,,,,,,,,,,,,,,,,,,,Dishwasher,Item Type,Dishwasher,,Material,Stainless Steel,,Finish Color,Stainless Steel,,,,,,,,,,,,,,,,,,,,,,,,,,,,,,,,,,,,,,,,,,,,,,,,,,,,,,,,,,,,,,,,,,,,,,,,,,,,,,,,,,,,,,,,,,,,,,,,,,,,,,,,,,,,,,,,,,,,,,,,,,,,,,,,,,,,,,,,,,,,,,,,,,,,,,,,,,,,,,,,,,FRIGIDAIRE_PDT715SYVFS.jpg,,,,,,,,,FRIGIDAIRE_PDT715SYVFS_Specification_Sheet.pdf,,,,,,,,,,,,,,,,,,Yes
https://www.frigidaire.com/product/LDPH5554D,,,,,,,Industrial Supplies,Equipment & Hardware,Dishwasher,,LDPH5554D,LDPH5554D LG Dishwasher BSS,,,,Appliance Dealers Cooperative (APPDE),Electrolux Home Products Inc,FRIGIDAIRE®,,LDPH5554D,,Dishwasher,"FRIGIDAIRE, Dishwasher, LDPH5554D, Stainless Steel, Industrial Grade",DISHWASHER,FRIGIDAIRE® LDPH5554D Dishwasher Stainless Steel,"FRIGIDAIRE®, Dishwasher, Model LDPH5554D, Stainless Steel, Stainless Steel","Dishwasher, LDPH5554D","FRIGIDAIRE®, Dishwasher, Model LDPH5554D, Stainless Steel, Stainless Steel",,,,,,,,,,,,,,,,,,,,,,,,,,Dishwasher,Item Type,Dishwasher,,Material,Stainless Steel,,Finish Color,Stainless Steel,,,,,,,,,,,,,,,,,,,,,,,,,,,,,,,,,,,,,,,,,,,,,,,,,,,,,,,,,,,,,,,,,,,,,,,,,,,,,,,,,,,,,,,,,,,,,,,,,,,,,,,,,,,,,,,,,,,,,,,,,,,,,,,,,,,,,,,,,,,,,,,,,,,,,,,,,,,,,,,,,,FRIGIDAIRE_LDPH5554D.jpg,,,,,,,,,FRIGIDAIRE_LDPH5554D_Specification_Sheet.pdf,,,,,,,,,,,,,,,,,,Yes
https://www.frigidaire.com/product/WDTS7024RZ,,,,,,,Industrial Supplies,Equipment & Hardware,Dishwasher,,WDTS7024RZ,WDTS7024RZ Dishwasher SS - Display Only,,,,Appliance Dealers Cooperative (APPDE),Electrolux Home Products Inc,FRIGIDAIRE®,,WDTS7024RZ,,Dishwasher,"FRIGIDAIRE, Dishwasher, WDTS7024RZ, Stainless Steel, Industrial Grade",DISHWASHER,FRIGIDAIRE® WDTS7024RZ Dishwasher Stainless Steel,"FRIGIDAIRE®, Dishwasher, Model WDTS7024RZ, Stainless Steel, Stainless Steel","Dishwasher, WDTS7024RZ","FRIGIDAIRE®, Dishwasher, Model WDTS7024RZ, Stainless Steel, Stainless Steel",,,,,,,,,,,,,,,,,,,,,,,,,,Dishwasher,Item Type,Dishwasher,,Material,Stainless Steel,,Finish Color,Stainless Steel,,,,,,,,,,,,,,,,,,,,,,,,,,,,,,,,,,,,,,,,,,,,,,,,,,,,,,,,,,,,,,,,,,,,,,,,,,,,,,,,,,,,,,,,,,,,,,,,,,,,,,,,,,,,,,,,,,,,,,,,,,,,,,,,,,,,,,,,,,,,,,,,,,,,,,,,,,,,,,,,,,FRIGIDAIRE_WDTS7024RZ.jpg,,,,,,,,,FRIGIDAIRE_WDTS7024RZ_Specification_Sheet.pdf,,,,,,,,,,,,,,,,,,Yes
https://www.frigidaire.com/product/PDD415PYYFS,,,,,,,Industrial Supplies,Equipment & Hardware,Dishwasher,,PDD415PYYFS,PDD415PYYFS GE Dishwasher SS,,,,Appliance Dealers Cooperative (APPDE),Electrolux Home Products Inc,FRIGIDAIRE®,,PDD415PYYFS,,Dishwasher,"FRIGIDAIRE, Dishwasher, PDD415PYYFS, Stainless Steel, Industrial Grade",DISHWASHER,FRIGIDAIRE® PDD415PYYFS Dishwasher Stainless Steel,"FRIGIDAIRE®, Dishwasher, Model PDD415PYYFS, Stainless Steel, Stainless Steel","Dishwasher, PDD415PYYFS","FRIGIDAIRE®, Dishwasher, Model PDD415PYYFS, Stainless Steel, Stainless Steel",,,,,,,,,,,,,,,,,,,,,,,,,,Dishwasher,Item Type,Dishwasher,,Material,Stainless Steel,,Finish Color,Stainless Steel,,,,,,,,,,,,,,,,,,,,,,,,,,,,,,,,,,,,,,,,,,,,,,,,,,,,,,,,,,,,,,,,,,,,,,,,,,,,,,,,,,,,,,,,,,,,,,,,,,,,,,,,,,,,,,,,,,,,,,,,,,,,,,,,,,,,,,,,,,,,,,,,,,,,,,,,,,,,,,,,,,FRIGIDAIRE_PDD415PYYFS.jpg,,,,,,,,,FRIGIDAIRE_PDD415PYYFS_Specification_Sheet.pdf,,,,,,,,,,,,,,,,,,Yes
https://www.frigidaire.com/product/KDTS424SBE,,,,,,,Industrial Supplies,Equipment & Hardware,Dishwasher,,KDTS424SBE,KDTS424SBE Kitchen Aid Dishwasher Bk,,,,Appliance Dealers Cooperative (APPDE),Electrolux Home Products Inc,FRIGIDAIRE®,,KDTS424SBE,,Dishwasher,"FRIGIDAIRE, Dishwasher, KDTS424SBE, Black, Industrial Grade, Commercial Quality",DISHWASHER,FRIGIDAIRE® KDTS424SBE Dishwasher Black,"FRIGIDAIRE®, Dishwasher, Model KDTS424SBE, Black","Dishwasher, KDTS424SBE","FRIGIDAIRE®, Dishwasher, Model KDTS424SBE, Black",,,,,,,,,,,,,,,,,,,,,,,,,,Dishwasher,Item Type,Dishwasher,,Finish Color,Black,,,,,,,,,,,,,,,,,,,,,,,,,,,,,,,,,,,,,,,,,,,,,,,,,,,,,,,,,,,,,,,,,,,,,,,,,,,,,,,,,,,,,,,,,,,,,,,,,,,,,,,,,,,,,,,,,,,,,,,,,,,,,,,,,,,,,,,,,,,,,,,,,,,,,,,,,,,,,,,,,,,,,FRIGIDAIRE_KDTS424SBE.jpg,,,,,,,,,FRIGIDAIRE_KDTS424SBE_Specification_Sheet.pdf,,,,,,,,,,,,,,,,,,Yes
https://www.frigidaire.com/product/KDTS324SPS,,,,,,,Industrial Supplies,Equipment & Hardware,Dishwasher,,KDTS324SPS,KDTS324SPS Kitchen Aid Dishwasher SS,,,,Appliance Dealers Cooperative (APPDE),Electrolux Home Products Inc,FRIGIDAIRE®,,KDTS324SPS,,Dishwasher,"FRIGIDAIRE, Dishwasher, KDTS324SPS, Stainless Steel, Industrial Grade",DISHWASHER,FRIGIDAIRE® KDTS324SPS Dishwasher Stainless Steel,"FRIGIDAIRE®, Dishwasher, Model KDTS324SPS, Stainless Steel, Stainless Steel","Dishwasher, KDTS324SPS","FRIGIDAIRE®, Dishwasher, Model KDTS324SPS, Stainless Steel, Stainless Steel",,,,,,,,,,,,,,,,,,,,,,,,,,Dishwasher,Item Type,Dishwasher,,Material,Stainless Steel,,Finish Color,Stainless Steel,,,,,,,,,,,,,,,,,,,,,,,,,,,,,,,,,,,,,,,,,,,,,,,,,,,,,,,,,,,,,,,,,,,,,,,,,,,,,,,,,,,,,,,,,,,,,,,,,,,,,,,,,,,,,,,,,,,,,,,,,,,,,,,,,,,,,,,,,,,,,,,,,,,,,,,,,,,,,,,,,,FRIGIDAIRE_KDTS324SPS.jpg,,,,,,,,,FRIGIDAIRE_KDTS324SPS_Specification_Sheet.pdf,,,,,,,,,,,,,,,,,,Yes
https://www.frigidaire.com/product/KDPS624SJP,,,,,,,Industrial Supplies,Equipment & Hardware,Dishwasher,,KDPS624SJP,KDPS624SJP Dishwasher Juniper - Display Only,,,,Appliance Dealers Cooperative (APPDE),Electrolux Home Products Inc,FRIGIDAIRE®,,KDPS624SJP,,Dishwasher,"FRIGIDAIRE, Dishwasher, KDPS624SJP, Industrial Grade, Commercial Quality",DISHWASHER,FRIGIDAIRE® KDPS624SJP Dishwasher,"FRIGIDAIRE®, Dishwasher, Model KDPS624SJP","Dishwasher, KDPS624SJP","FRIGIDAIRE®, Dishwasher, Model KDPS624SJP",,,,,,,,,,,,,,,,,,,,,,,,,,Dishwasher,Item Type,Dishwasher,,,,,,,,,,,,,,,,,,,,,,,,,,,,,,,,,,,,,,,,,,,,,,,,,,,,,,,,,,,,,,,,,,,,,,,,,,,,,,,,,,,,,,,,,,,,,,,,,,,,,,,,,,,,,,,,,,,,,,,,,,,,,,,,,,,,,,,,,,,,,,,,,,,,,,,,,,,,,,,,,,,,,,,,FRIGIDAIRE_KDPS624SJP.jpg,,,,,,,,,FRIGIDAIRE_KDPS624SJP_Specification_Sheet.pdf,,,,,,,,,,,,,,,,,,Yes
https://www.frigidaire.com/product/KDTS624SBE,,,,,,,Industrial Supplies,Equipment & Hardware,Dishwasher,,KDTS624SBE,KDTS624SBE Dishwasher BO Display Only,,,,Appliance Dealers Cooperative (APPDE),Electrolux Home Products Inc,FRIGIDAIRE®,,KDTS624SBE,,Dishwasher,"FRIGIDAIRE, Dishwasher, KDTS624SBE, Black Oxide, Industrial Grade",DISHWASHER,FRIGIDAIRE® KDTS624SBE Dishwasher Black Oxide,"FRIGIDAIRE®, Dishwasher, Model KDTS624SBE, Black Oxide","Dishwasher, KDTS624SBE","FRIGIDAIRE®, Dishwasher, Model KDTS624SBE, Black Oxide",,,,,,,,,,,,,,,,,,,,,,,,,,Dishwasher,Item Type,Dishwasher,,Finish Color,Black Oxide,,,,,,,,,,,,,,,,,,,,,,,,,,,,,,,,,,,,,,,,,,,,,,,,,,,,,,,,,,,,,,,,,,,,,,,,,,,,,,,,,,,,,,,,,,,,,,,,,,,,,,,,,,,,,,,,,,,,,,,,,,,,,,,,,,,,,,,,,,,,,,,,,,,,,,,,,,,,,,,,,,,,,FRIGIDAIRE_KDTS624SBE.jpg,,,,,,,,,FRIGIDAIRE_KDTS624SBE_Specification_Sheet.pdf,,,,,,,,,,,,,,,,,,Yes
https://www.v&vappliancepartsinc.com/product/D519127,,,,,,,Industrial Supplies,Equipment & Hardware,Tools & Parts,,D519127,D519127 Heater Kit,,,,V & V Appliance Parts Inc (VVAPP),V & V Appliance Parts Inc (VVAPP),V & V Appliance Parts Inc,,D519127,,Industrial Equipment,"V & V Appliance Parts Inc, D519127, Industrial Grade, Commercial Quality",HEATER KIT,V & V Appliance Parts Inc D519127 Heater Kit,"V & V Appliance Parts Inc, Model D519127, Kit",D519127,"V & V Appliance Parts Inc, Model D519127, Kit",,,,,,,,,,,,,,,,,,,,,,,,,,Product,Configuration,Kit,,,,,,,,,,,,,,,,,,,,,,,,,,,,,,,,,,,,,,,,,,,,,,,,,,,,,,,,,,,,,,,,,,,,,,,,,,,,,,,,,,,,,,,,,,,,,,,,,,,,,,,,,,,,,,,,,,,,,,,,,,,,,,,,,,,,,,,,,,,,,,,,,,,,,,,,,,,,,,,,,,,,,,,,V_&_V_APPLIANCE_PARTS_INC_D519127.jpg,,,,,,,,,V_&_V_APPLIANCE_PARTS_INC_D519127_Specification_Sheet.pdf,,,,,,,,,,,,,,,,,,Yes
https://www.frigidaire.com/product/DF7004WE,,,,,,,Industrial Supplies,Equipment & Hardware,Laundry Appliance,,DF7004WE,DF7004WE Speed Queen Elect Dryer Wh,,,,Appliance Dealers Cooperative (APPDE),Electrolux Home Products Inc,FRIGIDAIRE®,,DF7004WE,,Laundry Appliance,"FRIGIDAIRE, Laundry Appliance, DF7004WE, White, Industrial Grade",LAUNDRY APPLIANCE,FRIGIDAIRE® DF7004WE Laundry Appliance White,"FRIGIDAIRE®, Laundry Appliance, Model DF7004WE, White","Laundry Appliance, DF7004WE","FRIGIDAIRE®, Laundry Appliance, Model DF7004WE, White",,,,,,,,,,,,,,,,,,,,,,,,,,Laundry Appliance,Item Type,Laundry Appliance,,Finish Color,White,,,,,,,,,,,,,,,,,,,,,,,,,,,,,,,,,,,,,,,,,,,,,,,,,,,,,,,,,,,,,,,,,,,,,,,,,,,,,,,,,,,,,,,,,,,,,,,,,,,,,,,,,,,,,,,,,,,,,,,,,,,,,,,,,,,,,,,,,,,,,,,,,,,,,,,,,,,,,,,,,,,,,FRIGIDAIRE_DF7004WE.jpg,,,,,,,,,FRIGIDAIRE_DF7004WE_Specification_Sheet.pdf,,,,,,,,,,,,,,,,,,Yes
https://www.frigidaire.com/product/DR7004BE,,,,,,,Industrial Supplies,Equipment & Hardware,Laundry Appliance,,DR7004BE,DR7004BE SQ Elect Dryer Bk,,,,Appliance Dealers Cooperative (APPDE),Electrolux Home Products Inc,FRIGIDAIRE®,,DR7004BE,,Laundry Appliance,"FRIGIDAIRE, Laundry Appliance, DR7004BE, Black, Industrial Grade",LAUNDRY APPLIANCE,FRIGIDAIRE® DR7004BE Laundry Appliance Black,"FRIGIDAIRE®, Laundry Appliance, Model DR7004BE, Black","Laundry Appliance, DR7004BE","FRIGIDAIRE®, Laundry Appliance, Model DR7004BE, Black",,,,,,,,,,,,,,,,,,,,,,,,,,Laundry Appliance,Item Type,Laundry Appliance,,Finish Color,Black,,,,,,,,,,,,,,,,,,,,,,,,,,,,,,,,,,,,,,,,,,,,,,,,,,,,,,,,,,,,,,,,,,,,,,,,,,,,,,,,,,,,,,,,,,,,,,,,,,,,,,,,,,,,,,,,,,,,,,,,,,,,,,,,,,,,,,,,,,,,,,,,,,,,,,,,,,,,,,,,,,,,,FRIGIDAIRE_DR7004BE.jpg,,,,,,,,,FRIGIDAIRE_DR7004BE_Specification_Sheet.pdf,,,,,,,,,,,,,,,,,,Yes
https://www.frigidaire.com/product/DV2000WE,,,,,,,Industrial Supplies,Equipment & Hardware,Laundry Appliance,,DV2000WE,DV2000WE SQ Elect Dryer Wh,,,,Appliance Dealers Cooperative (APPDE),Electrolux Home Products Inc,FRIGIDAIRE®,,DV2000WE,,Laundry Appliance,"FRIGIDAIRE, Laundry Appliance, DV2000WE, White, Industrial Grade",LAUNDRY APPLIANCE,FRIGIDAIRE® DV2000WE Laundry Appliance White,"FRIGIDAIRE®, Laundry Appliance, Model DV2000WE, White","Laundry Appliance, DV2000WE","FRIGIDAIRE®, Laundry Appliance, Model DV2000WE, White",,,,,,,,,,,,,,,,,,,,,,,,,,Laundry Appliance,Item Type,Laundry Appliance,,Finish Color,White,,,,,,,,,,,,,,,,,,,,,,,,,,,,,,,,,,,,,,,,,,,,,,,,,,,,,,,,,,,,,,,,,,,,,,,,,,,,,,,,,,,,,,,,,,,,,,,,,,,,,,,,,,,,,,,,,,,,,,,,,,,,,,,,,,,,,,,,,,,,,,,,,,,,,,,,,,,,,,,,,,,,,FRIGIDAIRE_DV2000WE.jpg,,,,,,,,,FRIGIDAIRE_DV2000WE_Specification_Sheet.pdf,,,,,,,,,,,,,,,,,,Yes
https://www.frigidaire.com/product/DC5004WE,,,,,,,Industrial Supplies,Equipment & Hardware,Laundry Appliance,,DC5004WE,DC5004WE SQ Elect Dryer Wh,,,,Appliance Dealers Cooperative (APPDE),Electrolux Home Products Inc,FRIGIDAIRE®,,DC5004WE,,Laundry Appliance,"FRIGIDAIRE, Laundry Appliance, DC5004WE, White, Industrial Grade",LAUNDRY APPLIANCE,FRIGIDAIRE® DC5004WE Laundry Appliance White,"FRIGIDAIRE®, Laundry Appliance, Model DC5004WE, White","Laundry Appliance, DC5004WE","FRIGIDAIRE®, Laundry Appliance, Model DC5004WE, White",,,,,,,,,,,,,,,,,,,,,,,,,,Laundry Appliance,Item Type,Laundry Appliance,,Finish Color,White,,,,,,,,,,,,,,,,,,,,,,,,,,,,,,,,,,,,,,,,,,,,,,,,,,,,,,,,,,,,,,,,,,,,,,,,,,,,,,,,,,,,,,,,,,,,,,,,,,,,,,,,,,,,,,,,,,,,,,,,,,,,,,,,,,,,,,,,,,,,,,,,,,,,,,,,,,,,,,,,,,,,,FRIGIDAIRE_DC5004WE.jpg,,,,,,,,,FRIGIDAIRE_DC5004WE_Specification_Sheet.pdf,,,,,,,,,,,,,,,,,,Yes
https://www.frigidaire.com/product/DC5004BE,,,,,,,Industrial Supplies,Equipment & Hardware,Laundry Appliance,,DC5004BE,DC5004BE SQ Elect Dryer Bk,,,,Appliance Dealers Cooperative (APPDE),Electrolux Home Products Inc,FRIGIDAIRE®,,DC5004BE,,Laundry Appliance,"FRIGIDAIRE, Laundry Appliance, DC5004BE, Black, Industrial Grade",LAUNDRY APPLIANCE,FRIGIDAIRE® DC5004BE Laundry Appliance Black,"FRIGIDAIRE®, Laundry Appliance, Model DC5004BE, Black","Laundry Appliance, DC5004BE","FRIGIDAIRE®, Laundry Appliance, Model DC5004BE, Black",,,,,,,,,,,,,,,,,,,,,,,,,,Laundry Appliance,Item Type,Laundry Appliance,,Finish Color,Black,,,,,,,,,,,,,,,,,,,,,,,,,,,,,,,,,,,,,,,,,,,,,,,,,,,,,,,,,,,,,,,,,,,,,,,,,,,,,,,,,,,,,,,,,,,,,,,,,,,,,,,,,,,,,,,,,,,,,,,,,,,,,,,,,,,,,,,,,,,,,,,,,,,,,,,,,,,,,,,,,,,,,FRIGIDAIRE_DC5004BE.jpg,,,,,,,,,FRIGIDAIRE_DC5004BE_Specification_Sheet.pdf,,,,,,,,,,,,,,,,,,Yes
https://www.frigidaire.com/product/WKE100HWA,,,,,,,Industrial Supplies,Equipment & Hardware,Laundry Appliance,,WKE100HWA,WKE100HWA LG Laundry Center Wh - Display,,,,Appliance Dealers Cooperative (APPDE),Electrolux Home Products Inc,FRIGIDAIRE®,,WKE100HWA,,Laundry Appliance,"FRIGIDAIRE, Laundry Appliance, WKE100HWA, White, Industrial Grade",LAUNDRY APPLIANCE,FRIGIDAIRE® WKE100HWA Laundry Appliance White,"FRIGIDAIRE®, Laundry Appliance, Model WKE100HWA, White","Laundry Appliance, WKE100HWA","FRIGIDAIRE®, Laundry Appliance, Model WKE100HWA, White",,,,,,,,,,,,,,,,,,,,,,,,,,Laundry Appliance,Item Type,Laundry Appliance,,Finish Color,White,,,,,,,,,,,,,,,,,,,,,,,,,,,,,,,,,,,,,,,,,,,,,,,,,,,,,,,,,,,,,,,,,,,,,,,,,,,,,,,,,,,,,,,,,,,,,,,,,,,,,,,,,,,,,,,,,,,,,,,,,,,,,,,,,,,,,,,,,,,,,,,,,,,,,,,,,,,,,,,,,,,,,FRIGIDAIRE_WKE100HWA.jpg,,,,,,,,,FRIGIDAIRE_WKE100HWA_Specification_Sheet.pdf,,,,,,,,,,,,,,,,,,Yes
https://www.frigidaire.com/product/FF7011WN,,,,,,,Industrial Supplies,Equipment & Hardware,Laundry Appliance,,FF7011WN,FF7011WN Speed Queen Washer Wh,,,,Appliance Dealers Cooperative (APPDE),Electrolux Home Products Inc,FRIGIDAIRE®,,FF7011WN,,Laundry Appliance,"FRIGIDAIRE, Laundry Appliance, FF7011WN, White, Industrial Grade",LAUNDRY APPLIANCE,FRIGIDAIRE® FF7011WN Laundry Appliance White,"FRIGIDAIRE®, Laundry Appliance, Model FF7011WN, White","Laundry Appliance, FF7011WN","FRIGIDAIRE®, Laundry Appliance, Model FF7011WN, White",,,,,,,,,,,,,,,,,,,,,,,,,,Laundry Appliance,Item Type,Laundry Appliance,,Finish Color,White,,,,,,,,,,,,,,,,,,,,,,,,,,,,,,,,,,,,,,,,,,,,,,,,,,,,,,,,,,,,,,,,,,,,,,,,,,,,,,,,,,,,,,,,,,,,,,,,,,,,,,,,,,,,,,,,,,,,,,,,,,,,,,,,,,,,,,,,,,,,,,,,,,,,,,,,,,,,,,,,,,,,,FRIGIDAIRE_FF7011WN.jpg,,,,,,,,,FRIGIDAIRE_FF7011WN_Specification_Sheet.pdf,,,,,,,,,,,,,,,,,,Yes
https://www.frigidaire.com/product/PTD70GBPTDG,,,,,,,Industrial Supplies,Equipment & Hardware,Laundry Appliance,,PTD70GBPTDG,PTD70GBPTDG GE Gas Dryer DG,,,,Appliance Dealers Cooperative (APPDE),Electrolux Home Products Inc,FRIGIDAIRE®,,PTD70GBPTDG,,Laundry Appliance,"FRIGIDAIRE, Laundry Appliance, PTD70GBPTDG, Dark Gray, Industrial Grade",LAUNDRY APPLIANCE,FRIGIDAIRE® PTD70GBPTDG Laundry Appliance Dark Gray,"FRIGIDAIRE®, Laundry Appliance, Model PTD70GBPTDG, Dark Gray","Laundry Appliance, PTD70GBPTDG","FRIGIDAIRE®, Laundry Appliance, Model PTD70GBPTDG, Dark Gray",,,,,,,,,,,,,,,,,,,,,,,,,,Laundry Appliance,Item Type,Laundry Appliance,,Finish Color,Dark Gray,,,,,,,,,,,,,,,,,,,,,,,,,,,,,,,,,,,,,,,,,,,,,,,,,,,,,,,,,,,,,,,,,,,,,,,,,,,,,,,,,,,,,,,,,,,,,,,,,,,,,,,,,,,,,,,,,,,,,,,,,,,,,,,,,,,,,,,,,,,,,,,,,,,,,,,,,,,,,,,,,,,,,FRIGIDAIRE_PTD70GBPTDG.jpg,,,,,,,,,FRIGIDAIRE_PTD70GBPTDG_Specification_Sheet.pdf,,,,,,,,,,,,,,,,,,Yes
https://www.frigidaire.com/product/PTD70GBSTWS,,,,,,,Industrial Supplies,Equipment & Hardware,Laundry Appliance,,PTD70GBSTWS,PTD70GBSTWS GE Gas Dryer Wh,,,,Appliance Dealers Cooperative (APPDE),Electrolux Home Products Inc,FRIGIDAIRE®,,PTD70GBSTWS,,Laundry Appliance,"FRIGIDAIRE, Laundry Appliance, PTD70GBSTWS, White, Industrial Grade",LAUNDRY APPLIANCE,FRIGIDAIRE® PTD70GBSTWS Laundry Appliance White,"FRIGIDAIRE®, Laundry Appliance, Model PTD70GBSTWS, White","Laundry Appliance, PTD70GBSTWS","FRIGIDAIRE®, Laundry Appliance, Model PTD70GBSTWS, White",,,,,,,,,,,,,,,,,,,,,,,,,,Laundry Appliance,Item Type,Laundry Appliance,,Finish Color,White,,,,,,,,,,,,,,,,,,,,,,,,,,,,,,,,,,,,,,,,,,,,,,,,,,,,,,,,,,,,,,,,,,,,,,,,,,,,,,,,,,,,,,,,,,,,,,,,,,,,,,,,,,,,,,,,,,,,,,,,,,,,,,,,,,,,,,,,,,,,,,,,,,,,,,,,,,,,,,,,,,,,,FRIGIDAIRE_PTD70GBSTWS.jpg,,,,,,,,,FRIGIDAIRE_PTD70GBSTWS_Specification_Sheet.pdf,,,,,,,,,,,,,,,,,,Yes
https://www.frigidaire.com/product/DR5004WG,,,,,,,Industrial Supplies,Equipment & Hardware,Laundry Appliance,,DR5004WG,DR5004WG SQ Gas Dryer Wh,,,,Appliance Dealers Cooperative (APPDE),Electrolux Home Products Inc,FRIGIDAIRE®,,DR5004WG,,Laundry Appliance,"FRIGIDAIRE, Laundry Appliance, DR5004WG, White, Industrial Grade",LAUNDRY APPLIANCE,FRIGIDAIRE® DR5004WG Laundry Appliance White,"FRIGIDAIRE®, Laundry Appliance, Model DR5004WG, White","Laundry Appliance, DR5004WG","FRIGIDAIRE®, Laundry Appliance, Model DR5004WG, White",,,,,,,,,,,,,,,,,,,,,,,,,,Laundry Appliance,Item Type,Laundry Appliance,,Finish Color,White,,,,,,,,,,,,,,,,,,,,,,,,,,,,,,,,,,,,,,,,,,,,,,,,,,,,,,,,,,,,,,,,,,,,,,,,,,,,,,,,,,,,,,,,,,,,,,,,,,,,,,,,,,,,,,,,,,,,,,,,,,,,,,,,,,,,,,,,,,,,,,,,,,,,,,,,,,,,,,,,,,,,,FRIGIDAIRE_DR5004WG.jpg,,,,,,,,,FRIGIDAIRE_DR5004WG_Specification_Sheet.pdf,,,,,,,,,,,,,,,,,,Yes
https://www.frigidaire.com/product/DR7004BG,,,,,,,Industrial Supplies,Equipment & Hardware,Laundry Appliance,,DR7004BG,DR7004BG SQ Gas Dryer Bk,,,,Appliance Dealers Cooperative (APPDE),Electrolux Home Products Inc,FRIGIDAIRE®,,DR7004BG,,Laundry Appliance,"FRIGIDAIRE, Laundry Appliance, DR7004BG, Black, Industrial Grade",LAUNDRY APPLIANCE,FRIGIDAIRE® DR7004BG Laundry Appliance Black,"FRIGIDAIRE®, Laundry Appliance, Model DR7004BG, Black","Laundry Appliance, DR7004BG","FRIGIDAIRE®, Laundry Appliance, Model DR7004BG, Black",,,,,,,,,,,,,,,,,,,,,,,,,,Laundry Appliance,Item Type,Laundry Appliance,,Finish Color,Black,,,,,,,,,,,,,,,,,,,,,,,,,,,,,,,,,,,,,,,,,,,,,,,,,,,,,,,,,,,,,,,,,,,,,,,,,,,,,,,,,,,,,,,,,,,,,,,,,,,,,,,,,,,,,,,,,,,,,,,,,,,,,,,,,,,,,,,,,,,,,,,,,,,,,,,,,,,,,,,,,,,,,FRIGIDAIRE_DR7004BG.jpg,,,,,,,,,FRIGIDAIRE_DR7004BG_Specification_Sheet.pdf,,,,,,,,,,,,,,,,,,Yes
https://www.frigidaire.com/product/DR7004WG,,,,,,,Industrial Supplies,Equipment & Hardware,Laundry Appliance,,DR7004WG,DR7004WG SQ Gas Dryer Wh,,,,Appliance Dealers Cooperative (APPDE),Electrolux Home Products Inc,FRIGIDAIRE®,,DR7004WG,,Laundry Appliance,"FRIGIDAIRE, Laundry Appliance, DR7004WG, White, Industrial Grade",LAUNDRY APPLIANCE,FRIGIDAIRE® DR7004WG Laundry Appliance White,"FRIGIDAIRE®, Laundry Appliance, Model DR7004WG, White","Laundry Appliance, DR7004WG","FRIGIDAIRE®, Laundry Appliance, Model DR7004WG, White",,,,,,,,,,,,,,,,,,,,,,,,,,Laundry Appliance,Item Type,Laundry Appliance,,Finish Color,White,,,,,,,,,,,,,,,,,,,,,,,,,,,,,,,,,,,,,,,,,,,,,,,,,,,,,,,,,,,,,,,,,,,,,,,,,,,,,,,,,,,,,,,,,,,,,,,,,,,,,,,,,,,,,,,,,,,,,,,,,,,,,,,,,,,,,,,,,,,,,,,,,,,,,,,,,,,,,,,,,,,,,FRIGIDAIRE_DR7004WG.jpg,,,,,,,,,FRIGIDAIRE_DR7004WG_Specification_Sheet.pdf,,,,,,,,,,,,,,,,,,Yes
https://www.frigidaire.com/product/DV2000WG,,,,,,,Industrial Supplies,Equipment & Hardware,Laundry Appliance,,DV2000WG,DV2000WG SQ Gas Dryer Wh,,,,Appliance Dealers Cooperative (APPDE),Electrolux Home Products Inc,FRIGIDAIRE®,,DV2000WG,,Laundry Appliance,"FRIGIDAIRE, Laundry Appliance, DV2000WG, White, Industrial Grade",LAUNDRY APPLIANCE,FRIGIDAIRE® DV2000WG Laundry Appliance White,"FRIGIDAIRE®, Laundry Appliance, Model DV2000WG, White","Laundry Appliance, DV2000WG","FRIGIDAIRE®, Laundry Appliance, Model DV2000WG, White",,,,,,,,,,,,,,,,,,,,,,,,,,Laundry Appliance,Item Type,Laundry Appliance,,Finish Color,White,,,,,,,,,,,,,,,,,,,,,,,,,,,,,,,,,,,,,,,,,,,,,,,,,,,,,,,,,,,,,,,,,,,,,,,,,,,,,,,,,,,,,,,,,,,,,,,,,,,,,,,,,,,,,,,,,,,,,,,,,,,,,,,,,,,,,,,,,,,,,,,,,,,,,,,,,,,,,,,,,,,,,FRIGIDAIRE_DV2000WG.jpg,,,,,,,,,FRIGIDAIRE_DV2000WG_Specification_Sheet.pdf,,,,,,,,,,,,,,,,,,Yes
https://www.frigidaire.com/product/DC5004WG,,,,,,,Industrial Supplies,Equipment & Hardware,Laundry Appliance,,DC5004WG,DC5004WG SQ Gas Dryer Wh,,,,Appliance Dealers Cooperative (APPDE),Electrolux Home Products Inc,FRIGIDAIRE®,,DC5004WG,,Laundry Appliance,"FRIGIDAIRE, Laundry Appliance, DC5004WG, White, Industrial Grade",LAUNDRY APPLIANCE,FRIGIDAIRE® DC5004WG Laundry Appliance White,"FRIGIDAIRE®, Laundry Appliance, Model DC5004WG, White","Laundry Appliance, DC5004WG","FRIGIDAIRE®, Laundry Appliance, Model DC5004WG, White",,,,,,,,,,,,,,,,,,,,,,,,,,Laundry Appliance,Item Type,Laundry Appliance,,Finish Color,White,,,,,,,,,,,,,,,,,,,,,,,,,,,,,,,,,,,,,,,,,,,,,,,,,,,,,,,,,,,,,,,,,,,,,,,,,,,,,,,,,,,,,,,,,,,,,,,,,,,,,,,,,,,,,,,,,,,,,,,,,,,,,,,,,,,,,,,,,,,,,,,,,,,,,,,,,,,,,,,,,,,,,FRIGIDAIRE_DC5004WG.jpg,,,,,,,,,FRIGIDAIRE_DC5004WG_Specification_Sheet.pdf,,,,,,,,,,,,,,,,,,Yes
https://www.frigidaire.com/product/DC5004BG,,,,,,,Industrial Supplies,Equipment & Hardware,Laundry Appliance,,DC5004BG,DC5004BG SQ Gas Dryer Bk,,,,Appliance Dealers Cooperative (APPDE),Electrolux Home Products Inc,FRIGIDAIRE®,,DC5004BG,,Laundry Appliance,"FRIGIDAIRE, Laundry Appliance, DC5004BG, Black, Industrial Grade",LAUNDRY APPLIANCE,FRIGIDAIRE® DC5004BG Laundry Appliance Black,"FRIGIDAIRE®, Laundry Appliance, Model DC5004BG, Black","Laundry Appliance, DC5004BG","FRIGIDAIRE®, Laundry Appliance, Model DC5004BG, Black",,,,,,,,,,,,,,,,,,,,,,,,,,Laundry Appliance,Item Type,Laundry Appliance,,Finish Color,Black,,,,,,,,,,,,,,,,,,,,,,,,,,,,,,,,,,,,,,,,,,,,,,,,,,,,,,,,,,,,,,,,,,,,,,,,,,,,,,,,,,,,,,,,,,,,,,,,,,,,,,,,,,,,,,,,,,,,,,,,,,,,,,,,,,,,,,,,,,,,,,,,,,,,,,,,,,,,,,,,,,,,,FRIGIDAIRE_DC5004BG.jpg,,,,,,,,,FRIGIDAIRE_DC5004BG_Specification_Sheet.pdf,,,,,,,,,,,,,,,,,,Yes
https://www.frigidaire.com/product/PTW705BSTWS,,,,,,,Industrial Supplies,Equipment & Hardware,Laundry Appliance,,PTW705BSTWS,PTW705BSTWS GE Washer Wh,,,,Appliance Dealers Cooperative (APPDE),Electrolux Home Products Inc,FRIGIDAIRE®,,PTW705BSTWS,,Laundry Appliance,"FRIGIDAIRE, Laundry Appliance, PTW705BSTWS, White, Industrial Grade",LAUNDRY APPLIANCE,FRIGIDAIRE® PTW705BSTWS Laundry Appliance White,"FRIGIDAIRE®, Laundry Appliance, Model PTW705BSTWS, White","Laundry Appliance, PTW705BSTWS","FRIGIDAIRE®, Laundry Appliance, Model PTW705BSTWS, White",,,,,,,,,,,,,,,,,,,,,,,,,,Laundry Appliance,Item Type,Laundry Appliance,,Finish Color,White,,,,,,,,,,,,,,,,,,,,,,,,,,,,,,,,,,,,,,,,,,,,,,,,,,,,,,,,,,,,,,,,,,,,,,,,,,,,,,,,,,,,,,,,,,,,,,,,,,,,,,,,,,,,,,,,,,,,,,,,,,,,,,,,,,,,,,,,,,,,,,,,,,,,,,,,,,,,,,,,,,,,,FRIGIDAIRE_PTW705BSTWS.jpg,,,,,,,,,FRIGIDAIRE_PTW705BSTWS_Specification_Sheet.pdf,,,,,,,,,,,,,,,,,,Yes
https://www.frigidaire.com/product/MVWP586GW,,,,,,,Industrial Supplies,Equipment & Hardware,Laundry Appliance,,MVWP586GW,MVWP586GW Washer Wh - Display,,,,Appliance Dealers Cooperative (APPDE),Electrolux Home Products Inc,FRIGIDAIRE®,,MVWP586GW,,Laundry Appliance,"FRIGIDAIRE, Laundry Appliance, MVWP586GW, White, Industrial Grade",LAUNDRY APPLIANCE,FRIGIDAIRE® MVWP586GW Laundry Appliance White,"FRIGIDAIRE®, Laundry Appliance, Model MVWP586GW, White","Laundry Appliance, MVWP586GW","FRIGIDAIRE®, Laundry Appliance, Model MVWP586GW, White",,,,,,,,,,,,,,,,,,,,,,,,,,Laundry Appliance,Item Type,Laundry Appliance,,Finish Color,White,,,,,,,,,,,,,,,,,,,,,,,,,,,,,,,,,,,,,,,,,,,,,,,,,,,,,,,,,,,,,,,,,,,,,,,,,,,,,,,,,,,,,,,,,,,,,,,,,,,,,,,,,,,,,,,,,,,,,,,,,,,,,,,,,,,,,,,,,,,,,,,,,,,,,,,,,,,,,,,,,,,,,FRIGIDAIRE_MVWP586GW.jpg,,,,,,,,,FRIGIDAIRE_MVWP586GW_Specification_Sheet.pdf,,,,,,,,,,,,,,,,,,Yes
https://www.frigidaire.com/product/TV2000WN,,,,,,,Industrial Supplies,Equipment & Hardware,Laundry Appliance,,TV2000WN,TV2000WN SQ Elect Washer,,,,Appliance Dealers Cooperative (APPDE),Electrolux Home Products Inc,FRIGIDAIRE®,,TV2000WN,,Laundry Appliance,"FRIGIDAIRE, Laundry Appliance, TV2000WN, Industrial Grade, Commercial Quality",LAUNDRY APPLIANCE,FRIGIDAIRE® TV2000WN Laundry Appliance,"FRIGIDAIRE®, Laundry Appliance, Model TV2000WN","Laundry Appliance, TV2000WN","FRIGIDAIRE®, Laundry Appliance, Model TV2000WN",,,,,,,,,,,,,,,,,,,,,,,,,,Laundry Appliance,Item Type,Laundry Appliance,,,,,,,,,,,,,,,,,,,,,,,,,,,,,,,,,,,,,,,,,,,,,,,,,,,,,,,,,,,,,,,,,,,,,,,,,,,,,,,,,,,,,,,,,,,,,,,,,,,,,,,,,,,,,,,,,,,,,,,,,,,,,,,,,,,,,,,,,,,,,,,,,,,,,,,,,,,,,,,,,,,,,,,,FRIGIDAIRE_TV2000WN.jpg,,,,,,,,,FRIGIDAIRE_TV2000WN_Specification_Sheet.pdf,,,,,,,,,,,,,,,,,,Yes
https://www.frigidaire.com/product/TC5003BN,,,,,,,Industrial Supplies,Equipment & Hardware,Laundry Appliance,,TC5003BN,TC5003BN SQ Washer Bk,,,,Appliance Dealers Cooperative (APPDE),Electrolux Home Products Inc,FRIGIDAIRE®,,TC5003BN,,Laundry Appliance,"FRIGIDAIRE, Laundry Appliance, TC5003BN, Black, Industrial Grade",LAUNDRY APPLIANCE,FRIGIDAIRE® TC5003BN Laundry Appliance Black,"FRIGIDAIRE®, Laundry Appliance, Model TC5003BN, Black","Laundry Appliance, TC5003BN","FRIGIDAIRE®, Laundry Appliance, Model TC5003BN, Black",,,,,,,,,,,,,,,,,,,,,,,,,,Laundry Appliance,Item Type,Laundry Appliance,,Finish Color,Black,,,,,,,,,,,,,,,,,,,,,,,,,,,,,,,,,,,,,,,,,,,,,,,,,,,,,,,,,,,,,,,,,,,,,,,,,,,,,,,,,,,,,,,,,,,,,,,,,,,,,,,,,,,,,,,,,,,,,,,,,,,,,,,,,,,,,,,,,,,,,,,,,,,,,,,,,,,,,,,,,,,,,FRIGIDAIRE_TC5003BN.jpg,,,,,,,,,FRIGIDAIRE_TC5003BN_Specification_Sheet.pdf,,,,,,,,,,,,,,,,,,Yes
https://www.frigidaire.com/product/TR7006WN,,,,,,,Industrial Supplies,Equipment & Hardware,Laundry Appliance,,TR7006WN,TR7006WN Speed Queen Washer Wh,,,,Appliance Dealers Cooperative (APPDE),Electrolux Home Products Inc,FRIGIDAIRE®,,TR7006WN,,Laundry Appliance,"FRIGIDAIRE, Laundry Appliance, TR7006WN, White, Industrial Grade",LAUNDRY APPLIANCE,FRIGIDAIRE® TR7006WN Laundry Appliance White,"FRIGIDAIRE®, Laundry Appliance, Model TR7006WN, White","Laundry Appliance, TR7006WN","FRIGIDAIRE®, Laundry Appliance, Model TR7006WN, White",,,,,,,,,,,,,,,,,,,,,,,,,,Laundry Appliance,Item Type,Laundry Appliance,,Finish Color,White,,,,,,,,,,,,,,,,,,,,,,,,,,,,,,,,,,,,,,,,,,,,,,,,,,,,,,,,,,,,,,,,,,,,,,,,,,,,,,,,,,,,,,,,,,,,,,,,,,,,,,,,,,,,,,,,,,,,,,,,,,,,,,,,,,,,,,,,,,,,,,,,,,,,,,,,,,,,,,,,,,,,,FRIGIDAIRE_TR7006WN.jpg,,,,,,,,,FRIGIDAIRE_TR7006WN_Specification_Sheet.pdf,,,,,,,,,,,,,,,,,,Yes
https://www.frigidaire.com/product/TR7006BN,,,,,,,Industrial Supplies,Equipment & Hardware,Laundry Appliance,,TR7006BN,TR7006BN Speed Queen Washer Bk,,,,Appliance Dealers Cooperative (APPDE),Electrolux Home Products Inc,FRIGIDAIRE®,,TR7006BN,,Laundry Appliance,"FRIGIDAIRE, Laundry Appliance, TR7006BN, Black, Industrial Grade",LAUNDRY APPLIANCE,FRIGIDAIRE® TR7006BN Laundry Appliance Black,"FRIGIDAIRE®, Laundry Appliance, Model TR7006BN, Black","Laundry Appliance, TR7006BN","FRIGIDAIRE®, Laundry Appliance, Model TR7006BN, Black",,,,,,,,,,,,,,,,,,,,,,,,,,Laundry Appliance,Item Type,Laundry Appliance,,Finish Color,Black,,,,,,,,,,,,,,,,,,,,,,,,,,,,,,,,,,,,,,,,,,,,,,,,,,,,,,,,,,,,,,,,,,,,,,,,,,,,,,,,,,,,,,,,,,,,,,,,,,,,,,,,,,,,,,,,,,,,,,,,,,,,,,,,,,,,,,,,,,,,,,,,,,,,,,,,,,,,,,,,,,,,,FRIGIDAIRE_TR7006BN.jpg,,,,,,,,,FRIGIDAIRE_TR7006BN_Specification_Sheet.pdf,,,,,,,,,,,,,,,,,,Yes
https://www.frigidaire.com/product/TR5006WN,,,,,,,Industrial Supplies,Equipment & Hardware,Laundry Appliance,,TR5006WN,TR5006WN Speed Queen Washer Wh,,,,Appliance Dealers Cooperative (APPDE),Electrolux Home Products Inc,FRIGIDAIRE®,,TR5006WN,,Laundry Appliance,"FRIGIDAIRE, Laundry Appliance, TR5006WN, White, Industrial Grade",LAUNDRY APPLIANCE,FRIGIDAIRE® TR5006WN Laundry Appliance White,"FRIGIDAIRE®, Laundry Appliance, Model TR5006WN, White","Laundry Appliance, TR5006WN","FRIGIDAIRE®, Laundry Appliance, Model TR5006WN, White",,,,,,,,,,,,,,,,,,,,,,,,,,Laundry Appliance,Item Type,Laundry Appliance,,Finish Color,White,,,,,,,,,,,,,,,,,,,,,,,,,,,,,,,,,,,,,,,,,,,,,,,,,,,,,,,,,,,,,,,,,,,,,,,,,,,,,,,,,,,,,,,,,,,,,,,,,,,,,,,,,,,,,,,,,,,,,,,,,,,,,,,,,,,,,,,,,,,,,,,,,,,,,,,,,,,,,,,,,,,,,FRIGIDAIRE_TR5006WN.jpg,,,,,,,,,FRIGIDAIRE_TR5006WN_Specification_Sheet.pdf,,,,,,,,,,,,,,,,,,Yes
https://www.wera.com/product/05134545001,,,,,,,Industrial Supplies,Equipment & Hardware,Tools & Parts,,05134545001,9516 Kneeling Pad& Bttl Opener,,,,Wera Tools NA Inc (WERTO),Wera Tools NA Inc,Wera®,,05134545001,,Industrial Equipment,"Wera, 05134545001, Industrial Grade, Commercial Quality, Heavy Duty",9516 KNEELING PAD,Wera® 05134545001 9516 Kneeling Pad& Bottle,"Wera®, Model 05134545001",05134545001,"Wera®, Model 05134545001",,,,,,,,,,,,,,,,,,,,,,,,,,Product,,,,,,,,,,,,,,,,,,,,,,,,,,,,,,,,,,,,,,,,,,,,,,,,,,,,,,,,,,,,,,,,,,,,,,,,,,,,,,,,,,,,,,,,,,,,,,,,,,,,,,,,,,,,,,,,,,,,,,,,,,,,,,,,,,,,,,,,,,,,,,,,,,,,,,,,,,,,,,,,,,,,,,,,,,WERA_05134545001.jpg,,,,,,,,,WERA_05134545001_Specification_Sheet.pdf,,,,,,,,,,,,,,,,,,Yes
https://www.industrialstandard.com/product/LNL65301,,,,,,,Industrial Supplies,Equipment & Hardware,Tools & Parts,,LNL65301,LNL65301 Digital Tire Pressure - Inflator Gauge,,,,,Industrial Standard,Industrial Standard,,LNL65301,,Industrial Equipment,"Industrial Standard, LNL65301, Industrial Grade, Commercial Quality",DIGITAL TIRE PRESSURE,Industrial Standard LNL65301 Digital Tire Pressure -,"Industrial Standard, Model LNL65301",LNL65301,"Industrial Standard, Model LNL65301",,,,,,,,,,,,,,,,,,,,,,,,,,Product,,,,,,,,,,,,,,,,,,,,,,,,,,,,,,,,,,,,,,,,,,,,,,,,,,,,,,,,,,,,,,,,,,,,,,,,,,,,,,,,,,,,,,,,,,,,,,,,,,,,,,,,,,,,,,,,,,,,,,,,,,,,,,,,,,,,,,,,,,,,,,,,,,,,,,,,,,,,,,,,,,,,,,,,,,INDUSTRIAL_STANDARD_LNL65301.jpg,,,,,,,,,INDUSTRIAL_STANDARD_LNL65301_Specification_Sheet.pdf,,,,,,,,,,,,,,,,,,Yes
https://www.reescaststonecompany.com/product/25-A,,,,,,,Industrial Supplies,Equipment & Hardware,Tools & Parts,,25-A,Charcoal Black 25-A Mortar - Type N,,,,Rees Cast Stone Company (REECA),Rees Cast Stone Company (REECA),Rees Cast Stone Company,,25-A,,Industrial Equipment,"Rees Cast Stone Company, 25-A, Black, Industrial Grade, Commercial Quality",CHARCOAL BLACK 25-A,Rees Cast Stone Company 25-A Charcoal Black Mortar -,"Rees Cast Stone Company, Model 25-A, Black",25-A,"Rees Cast Stone Company, Model 25-A, Black",,,,,,,,,,,,,,,,,,,,,,,,,,Product,Finish Color,Black,,,,,,,,,,,,,,,,,,,,,,,,,,,,,,,,,,,,,,,,,,,,,,,,,,,,,,,,,,,,,,,,,,,,,,,,,,,,,,,,,,,,,,,,,,,,,,,,,,,,,,,,,,,,,,,,,,,,,,,,,,,,,,,,,,,,,,,,,,,,,,,,,,,,,,,,,,,,,,,,,,,,,,,,REES_CAST_STONE_COMPANY_25-A.jpg,,,,,,,,,REES_CAST_STONE_COMPANY_25-A_Specification_Sheet.pdf,,,,,,,,,,,,,,,,,,Yes
https://www.reescaststonecompany.com/product/38-E,,,,,,,Industrial Supplies,Equipment & Hardware,Tools & Parts,,38-E,Dark Chocolate 38-E Mortar - Type N,,,,Rees Cast Stone Company (REECA),Rees Cast Stone Company (REECA),Rees Cast Stone Company,,38-E,,Industrial Equipment,"Rees Cast Stone Company, 38-E, Industrial Grade, Commercial Quality",DARK CHOCOLATE 38-E,Rees Cast Stone Company 38-E Dark Chocolate Mortar -,"Rees Cast Stone Company, Model 38-E",38-E,"Rees Cast Stone Company, Model 38-E",,,,,,,,,,,,,,,,,,,,,,,,,,Product,,,,,,,,,,,,,,,,,,,,,,,,,,,,,,,,,,,,,,,,,,,,,,,,,,,,,,,,,,,,,,,,,,,,,,,,,,,,,,,,,,,,,,,,,,,,,,,,,,,,,,,,,,,,,,,,,,,,,,,,,,,,,,,,,,,,,,,,,,,,,,,,,,,,,,,,,,,,,,,,,,,,,,,,,,REES_CAST_STONE_COMPANY_38-E.jpg,,,,,,,,,REES_CAST_STONE_COMPANY_38-E_Specification_Sheet.pdf,,,,,,,,,,,,,,,,,,Yes
https://www.reescaststonecompany.com/product/59-J,,,,,,,Industrial Supplies,Equipment & Hardware,Tools & Parts,,59-J,Light Buff 59-J Mortar - Type N,,,,Rees Cast Stone Company (REECA),Rees Cast Stone Company (REECA),Rees Cast Stone Company,,59-J,,Industrial Equipment,"Rees Cast Stone Company, 59-J, Industrial Grade, Commercial Quality",LIGHT BUFF 59-J,Rees Cast Stone Company 59-J Light Buff Mortar -,"Rees Cast Stone Company, Model 59-J",59-J,"Rees Cast Stone Company, Model 59-J",,,,,,,,,,,,,,,,,,,,,,,,,,Product,,,,,,,,,,,,,,,,,,,,,,,,,,,,,,,,,,,,,,,,,,,,,,,,,,,,,,,,,,,,,,,,,,,,,,,,,,,,,,,,,,,,,,,,,,,,,,,,,,,,,,,,,,,,,,,,,,,,,,,,,,,,,,,,,,,,,,,,,,,,,,,,,,,,,,,,,,,,,,,,,,,,,,,,,,REES_CAST_STONE_COMPANY_59-J.jpg,,,,,,,,,REES_CAST_STONE_COMPANY_59-J_Specification_Sheet.pdf,,,,,,,,,,,,,,,,,,Yes
https://www.reescaststonecompany.com/product/44-A,,,,,,,Industrial Supplies,Equipment & Hardware,Tools & Parts,,44-A,Light Chocolate 44-A Mortar - Type N,,,,Rees Cast Stone Company (REECA),Rees Cast Stone Company (REECA),Rees Cast Stone Company,,44-A,,Industrial Equipment,"Rees Cast Stone Company, 44-A, Industrial Grade, Commercial Quality",LIGHT CHOCOLATE 44-A,Rees Cast Stone Company 44-A Light Chocolate Mortar -,"Rees Cast Stone Company, Model 44-A",44-A,"Rees Cast Stone Company, Model 44-A",,,,,,,,,,,,,,,,,,,,,,,,,,Product,,,,,,,,,,,,,,,,,,,,,,,,,,,,,,,,,,,,,,,,,,,,,,,,,,,,,,,,,,,,,,,,,,,,,,,,,,,,,,,,,,,,,,,,,,,,,,,,,,,,,,,,,,,,,,,,,,,,,,,,,,,,,,,,,,,,,,,,,,,,,,,,,,,,,,,,,,,,,,,,,,,,,,,,,,REES_CAST_STONE_COMPANY_44-A.jpg,,,,,,,,,REES_CAST_STONE_COMPANY_44-A_Specification_Sheet.pdf,,,,,,,,,,,,,,,,,,Yes
https://www.trex.com/product/543302126,,,,,,,Industrial Supplies,Equipment & Hardware,Building Materials,,543302126,6' Wh Select T-Rail Kit Horiz - w/Sq Composite Balusters,TREX,,,U S Lumber (3073),Trex Company Inc,Trex®,,543302126,,Building Materials,"Trex, Building Materials, 543302126, White, Composite PVC, Industrial Grade",BUILDING MATERIALS,Trex® 543302126 Building Materials White,"Trex®, Building Materials, Model 543302126, Composite PVC, White, Horizontal, Kit","Building Materials, 543302126","Trex®, Building Materials, Model 543302126, Composite PVC, White, Horizontal, Kit",,,,,,,,,,,,,,,,,,,,,,,,,,Building Materials,Item Type,Building Materials,,Material,Composite PVC,,Finish Color,White,,Configuration,Kit,,Orientation,Horizontal,,,,,,,,,,,,,,,,,,,,,,,,,,,,,,,,,,,,,,,,,,,,,,,,,,,,,,,,,,,,,,,,,,,,,,,,,,,,,,,,,,,,,,,,,,,,,,,,,,,,,,,,,,,,,,,,,,,,,,,,,,,,,,,,,,,,,,,,,,,,,,,,,,,,,,,,,,,,TREX_543302126.jpg,,,,,,,,,TREX_543302126_Specification_Sheet.pdf,,,,,,,,,,,,,,,,,,Yes
https://www.trex.com/product/543302146,,,,,,,Industrial Supplies,Equipment & Hardware,Building Materials,,543302146,8' Wh Select T-Rail Kit Horiz - w/Sq Composite Balusters,TREX,,,U S Lumber (3073),Trex Company Inc,Trex®,,543302146,,Building Materials,"Trex, Building Materials, 543302146, White, Composite PVC, Industrial Grade",BUILDING MATERIALS,Trex® 543302146 Building Materials White,"Trex®, Building Materials, Model 543302146, Composite PVC, White, Horizontal, Kit","Building Materials, 543302146","Trex®, Building Materials, Model 543302146, Composite PVC, White, Horizontal, Kit",,,,,,,,,,,,,,,,,,,,,,,,,,Building Materials,Item Type,Building Materials,,Material,Composite PVC,,Finish Color,White,,Configuration,Kit,,Orientation,Horizontal,,,,,,,,,,,,,,,,,,,,,,,,,,,,,,,,,,,,,,,,,,,,,,,,,,,,,,,,,,,,,,,,,,,,,,,,,,,,,,,,,,,,,,,,,,,,,,,,,,,,,,,,,,,,,,,,,,,,,,,,,,,,,,,,,,,,,,,,,,,,,,,,,,,,,,,,,,,,TREX_543302146.jpg,,,,,,,,,TREX_543302146_Specification_Sheet.pdf,,,,,,,,,,,,,,,,,,Yes
https://www.rdi.com/product/73019603,,,,,,,Industrial Supplies,Equipment & Hardware,Building Materials,,73019603,Finyline Wh 6' Fl Rail Kit Sq,,,,,Barrette Outdoor Living / RDI,RDI®,,73019603,,Building Materials,"RDI, Building Materials, 73019603, White, Industrial Grade, Commercial Quality",BUILDING MATERIALS,RDI® 73019603 Building Materials White,"RDI®, Building Materials, Model 73019603, White, Kit","Building Materials, 73019603","RDI®, Building Materials, Model 73019603, White, Kit",,,,,,,,,,,,,,,,,,,,,,,,,,Building Materials,Item Type,Building Materials,,Finish Color,White,,Configuration,Kit,,,,,,,,,,,,,,,,,,,,,,,,,,,,,,,,,,,,,,,,,,,,,,,,,,,,,,,,,,,,,,,,,,,,,,,,,,,,,,,,,,,,,,,,,,,,,,,,,,,,,,,,,,,,,,,,,,,,,,,,,,,,,,,,,,,,,,,,,,,,,,,,,,,,,,,,,,,,,,,,,,RDI_73019603.jpg,,,,,,,,,RDI_73019603_Specification_Sheet.pdf,,,,,,,,,,,,,,,,,,Yes
https://www.rdi.com/product/73019652,,,,,,,Industrial Supplies,Equipment & Hardware,Building Materials,,73019652,Finyline Wh 8' Fl Rail Kit Sq,,,,,Barrette Outdoor Living / RDI,RDI®,,73019652,,Building Materials,"RDI, Building Materials, 73019652, White, Industrial Grade, Commercial Quality",BUILDING MATERIALS,RDI® 73019652 Building Materials White,"RDI®, Building Materials, Model 73019652, White, Kit","Building Materials, 73019652","RDI®, Building Materials, Model 73019652, White, Kit",,,,,,,,,,,,,,,,,,,,,,,,,,Building Materials,Item Type,Building Materials,,Finish Color,White,,Configuration,Kit,,,,,,,,,,,,,,,,,,,,,,,,,,,,,,,,,,,,,,,,,,,,,,,,,,,,,,,,,,,,,,,,,,,,,,,,,,,,,,,,,,,,,,,,,,,,,,,,,,,,,,,,,,,,,,,,,,,,,,,,,,,,,,,,,,,,,,,,,,,,,,,,,,,,,,,,,,,,,,,,,,RDI_73019652.jpg,,,,,,,,,RDI_73019652_Specification_Sheet.pdf,,,,,,,,,,,,,,,,,,Yes
https://www.rdi.com/product/73019517,,,,,,,Industrial Supplies,Equipment & Hardware,Building Materials,,73019517,Finyline Wh 10' Fl Rail Kit Sq,,,,,Barrette Outdoor Living / RDI,RDI®,,73019517,,Building Materials,"RDI, Building Materials, 73019517, White, Industrial Grade, Commercial Quality",BUILDING MATERIALS,RDI® 73019517 Building Materials White,"RDI®, Building Materials, Model 73019517, White, Kit","Building Materials, 73019517","RDI®, Building Materials, Model 73019517, White, Kit",,,,,,,,,,,,,,,,,,,,,,,,,,Building Materials,Item Type,Building Materials,,Finish Color,White,,Configuration,Kit,,,,,,,,,,,,,,,,,,,,,,,,,,,,,,,,,,,,,,,,,,,,,,,,,,,,,,,,,,,,,,,,,,,,,,,,,,,,,,,,,,,,,,,,,,,,,,,,,,,,,,,,,,,,,,,,,,,,,,,,,,,,,,,,,,,,,,,,,,,,,,,,,,,,,,,,,,,,,,,,,,RDI_73019517.jpg,,,,,,,,,RDI_73019517_Specification_Sheet.pdf,,,,,,,,,,,,,,,,,,Yes
https://www.rdi.com/product/73019602,,,,,,,Industrial Supplies,Equipment & Hardware,Building Materials,,73019602,Finyline Wh 6' Fl Rail Kit Rd - w/Black Alum Balusters,,,,,Barrette Outdoor Living / RDI,RDI®,,73019602,,Building Materials,"RDI, Building Materials, 73019602, Black, Aluminum, Industrial Grade",BUILDING MATERIALS,RDI® 73019602 Building Materials Black,"RDI®, Building Materials, Model 73019602, Aluminum, Black, Kit","Building Materials, 73019602","RDI®, Building Materials, Model 73019602, Aluminum, Black, Kit",,,,,,,,,,,,,,,,,,,,,,,,,,Building Materials,Item Type,Building Materials,,Material,Aluminum,,Finish Color,Black,,Configuration,Kit,,,,,,,,,,,,,,,,,,,,,,,,,,,,,,,,,,,,,,,,,,,,,,,,,,,,,,,,,,,,,,,,,,,,,,,,,,,,,,,,,,,,,,,,,,,,,,,,,,,,,,,,,,,,,,,,,,,,,,,,,,,,,,,,,,,,,,,,,,,,,,,,,,,,,,,,,,,,,,,RDI_73019602.jpg,,,,,,,,,RDI_73019602_Specification_Sheet.pdf,,,,,,,,,,,,,,,,,,Yes
https://www.rdi.com/product/73019651,,,,,,,Industrial Supplies,Equipment & Hardware,Building Materials,,73019651,Finyline Wh 8' Fl Rail Kit Rd - w/Black Alum Balusters,,,,,Barrette Outdoor Living / RDI,RDI®,,73019651,,Building Materials,"RDI, Building Materials, 73019651, Black, Aluminum, Industrial Grade",BUILDING MATERIALS,RDI® 73019651 Building Materials Black,"RDI®, Building Materials, Model 73019651, Aluminum, Black, Kit","Building Materials, 73019651","RDI®, Building Materials, Model 73019651, Aluminum, Black, Kit",,,,,,,,,,,,,,,,,,,,,,,,,,Building Materials,Item Type,Building Materials,,Material,Aluminum,,Finish Color,Black,,Configuration,Kit,,,,,,,,,,,,,,,,,,,,,,,,,,,,,,,,,,,,,,,,,,,,,,,,,,,,,,,,,,,,,,,,,,,,,,,,,,,,,,,,,,,,,,,,,,,,,,,,,,,,,,,,,,,,,,,,,,,,,,,,,,,,,,,,,,,,,,,,,,,,,,,,,,,,,,,,,,,,,,,RDI_73019651.jpg,,,,,,,,,RDI_73019651_Specification_Sheet.pdf,,,,,,,,,,,,,,,,,,Yes
https://www.rdi.com/product/73019516,,,,,,,Industrial Supplies,Equipment & Hardware,Building Materials,,73019516,Finyline Wh 10' Fl Rail Kit Rd - w/Black Alum Balusters,,,,,Barrette Outdoor Living / RDI,RDI®,,73019516,,Building Materials,"RDI, Building Materials, 73019516, Black, Aluminum, Industrial Grade",BUILDING MATERIALS,RDI® 73019516 Building Materials Black,"RDI®, Building Materials, Model 73019516, Aluminum, Black, Kit","Building Materials, 73019516","RDI®, Building Materials, Model 73019516, Aluminum, Black, Kit",,,,,,,,,,,,,,,,,,,,,,,,,,Building Materials,Item Type,Building Materials,,Material,Aluminum,,Finish Color,Black,,Configuration,Kit,,,,,,,,,,,,,,,,,,,,,,,,,,,,,,,,,,,,,,,,,,,,,,,,,,,,,,,,,,,,,,,,,,,,,,,,,,,,,,,,,,,,,,,,,,,,,,,,,,,,,,,,,,,,,,,,,,,,,,,,,,,,,,,,,,,,,,,,,,,,,,,,,,,,,,,,,,,,,,,RDI_73019516.jpg,,,,,,,,,RDI_73019516_Specification_Sheet.pdf,,,,,,,,,,,,,,,,,,Yes
https://www.trex.com/product/543300256,,,,,,,Industrial Supplies,Equipment & Hardware,Building Materials,,543300256,6' Black Select Classic Horiz - Rail w/Rnd Black Alum Baluster,TREX,,,Boise Cascade Building Materials (BOICA),Trex Company Inc,Trex®,,543300256,,Building Materials,"Trex, Building Materials, 543300256, Black, Aluminum, Industrial Grade",BUILDING MATERIALS,Trex® 543300256 Building Materials Black,"Trex®, Building Materials, Model 543300256, Aluminum, Black, Horizontal","Building Materials, 543300256","Trex®, Building Materials, Model 543300256, Aluminum, Black, Horizontal",,,,,,,,,,,,,,,,,,,,,,,,,,Building Materials,Item Type,Building Materials,,Material,Aluminum,,Finish Color,Black,,Orientation,Horizontal,,,,,,,,,,,,,,,,,,,,,,,,,,,,,,,,,,,,,,,,,,,,,,,,,,,,,,,,,,,,,,,,,,,,,,,,,,,,,,,,,,,,,,,,,,,,,,,,,,,,,,,,,,,,,,,,,,,,,,,,,,,,,,,,,,,,,,,,,,,,,,,,,,,,,,,,,,,,,,,TREX_543300256.jpg,,,,,,,,,TREX_543300256_Specification_Sheet.pdf,,,,,,,,,,,,,,,,,,Yes
https://www.trex.com/product/543300276,,,,,,,Industrial Supplies,Equipment & Hardware,Building Materials,,543300276,8' Black Select Classic Horiz - Rail w/Rnd Black Alum Baluster,TREX,,,Boise Cascade Building Materials (BOICA),Trex Company Inc,Trex®,,543300276,,Building Materials,"Trex, Building Materials, 543300276, Black, Aluminum, Industrial Grade",BUILDING MATERIALS,Trex® 543300276 Building Materials Black,"Trex®, Building Materials, Model 543300276, Aluminum, Black, Horizontal","Building Materials, 543300276","Trex®, Building Materials, Model 543300276, Aluminum, Black, Horizontal",,,,,,,,,,,,,,,,,,,,,,,,,,Building Materials,Item Type,Building Materials,,Material,Aluminum,,Finish Color,Black,,Orientation,Horizontal,,,,,,,,,,,,,,,,,,,,,,,,,,,,,,,,,,,,,,,,,,,,,,,,,,,,,,,,,,,,,,,,,,,,,,,,,,,,,,,,,,,,,,,,,,,,,,,,,,,,,,,,,,,,,,,,,,,,,,,,,,,,,,,,,,,,,,,,,,,,,,,,,,,,,,,,,,,,,,,TREX_543300276.jpg,,,,,,,,,TREX_543300276_Specification_Sheet.pdf,,,,,,,,,,,,,,,,,,Yes
https://www.rdi.com/product/73045028,,,,,,,Industrial Supplies,Equipment & Hardware,Tools & Parts,,73045028,Custom Finyline Wh Gate Sq Bal,,,,,Barrette Outdoor Living / RDI,RDI®,,73045028,,Industrial Equipment,"RDI, 73045028, White, Industrial Grade, Commercial Quality, Heavy Duty",CUSTOM FINYLINE WHITE,RDI® 73045028 Custom Finyline White Gate,"RDI®, Model 73045028, White",73045028,"RDI®, Model 73045028, White",,,,,,,,,,,,,,,,,,,,,,,,,,Product,Finish Color,White,,,,,,,,,,,,,,,,,,,,,,,,,,,,,,,,,,,,,,,,,,,,,,,,,,,,,,,,,,,,,,,,,,,,,,,,,,,,,,,,,,,,,,,,,,,,,,,,,,,,,,,,,,,,,,,,,,,,,,,,,,,,,,,,,,,,,,,,,,,,,,,,,,,,,,,,,,,,,,,,,,,,,,,,RDI_73045028.jpg,,,,,,,,,RDI_73045028_Specification_Sheet.pdf,,,,,,,,,,,,,,,,,,Yes
https://www.rdi.com/product/73045031,,,,,,,Industrial Supplies,Equipment & Hardware,Tools & Parts,,73045031,Custom Finyline Wh Gate Rd - w/Black Alum Balusters,,,,,Barrette Outdoor Living / RDI,RDI®,,73045031,,Industrial Equipment,"RDI, 73045031, Black, Aluminum, Industrial Grade, Commercial Quality",CUSTOM FINYLINE WHITE,RDI® 73045031 Custom Finyline White Gate Black,"RDI®, Model 73045031, Aluminum, Black",73045031,"RDI®, Model 73045031, Aluminum, Black",,,,,,,,,,,,,,,,,,,,,,,,,,Product,Material,Aluminum,,Finish Color,Black,,,,,,,,,,,,,,,,,,,,,,,,,,,,,,,,,,,,,,,,,,,,,,,,,,,,,,,,,,,,,,,,,,,,,,,,,,,,,,,,,,,,,,,,,,,,,,,,,,,,,,,,,,,,,,,,,,,,,,,,,,,,,,,,,,,,,,,,,,,,,,,,,,,,,,,,,,,,,,,,,,,,,RDI_73045031.jpg,,,,,,,,,RDI_73045031_Specification_Sheet.pdf,,,,,,,,,,,,,,,,,,Yes
https://www.trex.com/product/543340126,,,,,,,Industrial Supplies,Equipment & Hardware,Tools & Parts,,543340126,"6'x36"" Select Alm w/Sq Bal Hor - Assembled Black Rail Panel",TREX,,,Boise Cascade Building Materials (BOICA),Trex Company Inc,Trex®,,543340126,,Industrial Equipment,"Trex, 543340126, Black, Aluminum, Industrial Grade, Commercial Quality",6 FTX36 IN,Trex® 543340126 6 ftx36 in Select Black,"Trex®, Model 543340126, Aluminum, Black, Horizontal",543340126,"Trex®, Model 543340126, Aluminum, Black, Horizontal",,,,,,,,,,,,,,,,,,,,,,,,,,Product,Material,Aluminum,,Finish Color,Black,,Orientation,Horizontal,,,,,,,,,,,,,,,,,,,,,,,,,,,,,,,,,,,,,,,,,,,,,,,,,,,,,,,,,,,,,,,,,,,,,,,,,,,,,,,,,,,,,,,,,,,,,,,,,,,,,,,,,,,,,,,,,,,,,,,,,,,,,,,,,,,,,,,,,,,,,,,,,,,,,,,,,,,,,,,,,,TREX_543340126.jpg,,,,,,,,,TREX_543340126_Specification_Sheet.pdf,,,,,,,,,,,,,,,,,,Yes
https://www.trex.com/product/543340127,,,,,,,Industrial Supplies,Equipment & Hardware,Tools & Parts,,543340127,"6'x36"" Select Alm w/Sq Bal Str - Assembled Black Rail Panel",TREX,,,Boise Cascade Building Materials (BOICA),Trex Company Inc,Trex®,,543340127,,Industrial Equipment,"Trex, 543340127, Black, Aluminum, Industrial Grade, Commercial Quality",6 FTX36 IN,Trex® 543340127 6 ftx36 in Select Black,"Trex®, Model 543340127, Aluminum, Black",543340127,"Trex®, Model 543340127, Aluminum, Black",,,,,,,,,,,,,,,,,,,,,,,,,,Product,Material,Aluminum,,Finish Color,Black,,,,,,,,,,,,,,,,,,,,,,,,,,,,,,,,,,,,,,,,,,,,,,,,,,,,,,,,,,,,,,,,,,,,,,,,,,,,,,,,,,,,,,,,,,,,,,,,,,,,,,,,,,,,,,,,,,,,,,,,,,,,,,,,,,,,,,,,,,,,,,,,,,,,,,,,,,,,,,,,,,,,,TREX_543340127.jpg,,,,,,,,,TREX_543340127_Specification_Sheet.pdf,,,,,,,,,,,,,,,,,,Yes
https://www.trex.com/product/543340146,,,,,,,Industrial Supplies,Equipment & Hardware,Tools & Parts,,543340146,"8'x36"" Select Alm w/Sq Bal Hor - Assembled Black Rail Panel",TREX,,,Boise Cascade Building Materials (BOICA),Trex Company Inc,Trex®,,543340146,,Industrial Equipment,"Trex, 543340146, Black, Aluminum, Industrial Grade, Commercial Quality",8 FTX36 IN,Trex® 543340146 8 ftx36 in Select Black,"Trex®, Model 543340146, Aluminum, Black, Horizontal",543340146,"Trex®, Model 543340146, Aluminum, Black, Horizontal",,,,,,,,,,,,,,,,,,,,,,,,,,Product,Material,Aluminum,,Finish Color,Black,,Orientation,Horizontal,,,,,,,,,,,,,,,,,,,,,,,,,,,,,,,,,,,,,,,,,,,,,,,,,,,,,,,,,,,,,,,,,,,,,,,,,,,,,,,,,,,,,,,,,,,,,,,,,,,,,,,,,,,,,,,,,,,,,,,,,,,,,,,,,,,,,,,,,,,,,,,,,,,,,,,,,,,,,,,,,,TREX_543340146.jpg,,,,,,,,,TREX_543340146_Specification_Sheet.pdf,,,,,,,,,,,,,,,,,,Yes
https://www.trex.com/product/543340147,,,,,,,Industrial Supplies,Equipment & Hardware,Tools & Parts,,543340147,"8'x36"" Select Alm w/Sq Bal Str - Assembled Black Rail Panel",TREX,,,Boise Cascade Building Materials (BOICA),Trex Company Inc,Trex®,,543340147,,Industrial Equipment,"Trex, 543340147, Black, Aluminum, Industrial Grade, Commercial Quality",8 FTX36 IN,Trex® 543340147 8 ftx36 in Select Black,"Trex®, Model 543340147, Aluminum, Black",543340147,"Trex®, Model 543340147, Aluminum, Black",,,,,,,,,,,,,,,,,,,,,,,,,,Product,Material,Aluminum,,Finish Color,Black,,,,,,,,,,,,,,,,,,,,,,,,,,,,,,,,,,,,,,,,,,,,,,,,,,,,,,,,,,,,,,,,,,,,,,,,,,,,,,,,,,,,,,,,,,,,,,,,,,,,,,,,,,,,,,,,,,,,,,,,,,,,,,,,,,,,,,,,,,,,,,,,,,,,,,,,,,,,,,,,,,,,,TREX_543340147.jpg,,,,,,,,,TREX_543340147_Specification_Sheet.pdf,,,,,,,,,,,,,,,,,,Yes
https://www.timbertech.com/product/ADB15516CS,,,,,,,Industrial Supplies,Equipment & Hardware,Building Materials,,ADB15516CS,1x6-16' Coastline Sq Edge - Vintage Azek PVC Decking,TIMBERTECH,,,Parksite (6151),The AZEK Company Inc,TimberTech®,Vintage Azek,ADB15516CS,,Building Materials,"TimberTech, Building Materials, Vintage Azek, ADB15516CS, 1 in x 6 in x 16 ft",BUILDING MATERIALS 1INX6INX16FT,"TimberTech® Vintage Azek ADB15516CS Building Materials 1 in x 6 in x 16 ft, Coastline","TimberTech®, Vintage Azek, Building Materials, Model ADB15516CS, 1 in x 6 in x 16 ft, Composite PVC, Coastline, Square Edge","Vintage Azek Building Materials, ADB15516CS","TimberTech®, Vintage Azek, Building Materials, Model ADB15516CS, 1 in x 6 in x 16 ft, Composite PVC, Coastline, Square Edge",,,,,,,,,,,,,,,,,,,,,,,,,,Building Materials,Item Type,Building Materials,,Series,Vintage Azek,,Dimensions,1 in x 6 in x 16,ft,Material,Composite PVC,,Finish Color,Coastline,,Edge Profile,Square Edge,,,,,,,,,,,,,,,,,,,,,,,,,,,,,,,,,,,,,,,,,,,,,,,,,,,,,,,,,,,,,,,,,,,,,,,,,,,,,,,,,,,,,,,,,,,,,,,,,,,,,,,,,,,,,,,,,,,,,,,,,,,,,,,,,,,,,,,,,,,,,,,,,,,,,,,,,TIMBERTECH_ADB15516CS.jpg,,,,,,,,,TIMBERTECH_ADB15516CS_Specification_Sheet.pdf,,,,,,,,,,,,,,,,,,Yes
https://www.timbertech.com/product/ADB15520CS,,,,,,,Industrial Supplies,Equipment & Hardware,Building Materials,,ADB15520CS,1x6-20' Coastline Sq Edge - Vintage Azek PVC Decking,TIMBERTECH,,,Parksite (6151),The AZEK Company Inc,TimberTech®,Vintage Azek,ADB15520CS,,Building Materials,"TimberTech, Building Materials, Vintage Azek, ADB15520CS, 1 in x 6 in x 20 ft",BUILDING MATERIALS 1INX6INX20FT,"TimberTech® Vintage Azek ADB15520CS Building Materials 1 in x 6 in x 20 ft, Coastline","TimberTech®, Vintage Azek, Building Materials, Model ADB15520CS, 1 in x 6 in x 20 ft, Composite PVC, Coastline, Square Edge","Vintage Azek Building Materials, ADB15520CS","TimberTech®, Vintage Azek, Building Materials, Model ADB15520CS, 1 in x 6 in x 20 ft, Composite PVC, Coastline, Square Edge",,,,,,,,,,,,,,,,,,,,,,,,,,Building Materials,Item Type,Building Materials,,Series,Vintage Azek,,Dimensions,1 in x 6 in x 20,ft,Material,Composite PVC,,Finish Color,Coastline,,Edge Profile,Square Edge,,,,,,,,,,,,,,,,,,,,,,,,,,,,,,,,,,,,,,,,,,,,,,,,,,,,,,,,,,,,,,,,,,,,,,,,,,,,,,,,,,,,,,,,,,,,,,,,,,,,,,,,,,,,,,,,,,,,,,,,,,,,,,,,,,,,,,,,,,,,,,,,,,,,,,,,,TIMBERTECH_ADB15520CS.jpg,,,,,,,,,TIMBERTECH_ADB15520CS_Specification_Sheet.pdf,,,,,,,,,,,,,,,,,,Yes
https://www.timbertech.com/product/ADB15516EW,,,,,,,Industrial Supplies,Equipment & Hardware,Building Materials,,ADB15516EW,1x6-16' English Walnut Sq Edge - Vintage Azek PVC Decking,TIMBERTECH,,,Parksite (6151),The AZEK Company Inc,TimberTech®,Vintage Azek,ADB15516EW,,Building Materials,"TimberTech, Building Materials, Vintage Azek, ADB15516EW, 1 in x 6 in x 16 ft",BUILDING MATERIALS 1INX6INX16FT,"TimberTech® Vintage Azek ADB15516EW Building Materials 1 in x 6 in x 16 ft, English Walnut","TimberTech®, Vintage Azek, Building Materials, Model ADB15516EW, 1 in x 6 in x 16 ft, Composite PVC, English Walnut, Square Edge","Vintage Azek Building Materials, ADB15516EW","TimberTech®, Vintage Azek, Building Materials, Model ADB15516EW, 1 in x 6 in x 16 ft, Composite PVC, English Walnut, Square Edge",,,,,,,,,,,,,,,,,,,,,,,,,,Building Materials,Item Type,Building Materials,,Series,Vintage Azek,,Dimensions,1 in x 6 in x 16,ft,Material,Composite PVC,,Finish Color,English Walnut,,Edge Profile,Square Edge,,,,,,,,,,,,,,,,,,,,,,,,,,,,,,,,,,,,,,,,,,,,,,,,,,,,,,,,,,,,,,,,,,,,,,,,,,,,,,,,,,,,,,,,,,,,,,,,,,,,,,,,,,,,,,,,,,,,,,,,,,,,,,,,,,,,,,,,,,,,,,,,,,,,,,,,,TIMBERTECH_ADB15516EW.jpg,,,,,,,,,TIMBERTECH_ADB15516EW_Specification_Sheet.pdf,,,,,,,,,,,,,,,,,,Yes
https://www.timbertech.com/product/ADB15520EW,,,,,,,Industrial Supplies,Equipment & Hardware,Building Materials,,ADB15520EW,1x6-20' English Walnut Sq Edge - Vintage Azek PVC Decking,TIMBERTECH,,,Parksite (6151),The AZEK Company Inc,TimberTech®,Vintage Azek,ADB15520EW,,Building Materials,"TimberTech, Building Materials, Vintage Azek, ADB15520EW, 1 in x 6 in x 20 ft",BUILDING MATERIALS 1INX6INX20FT,"TimberTech® Vintage Azek ADB15520EW Building Materials 1 in x 6 in x 20 ft, English Walnut","TimberTech®, Vintage Azek, Building Materials, Model ADB15520EW, 1 in x 6 in x 20 ft, Composite PVC, English Walnut, Square Edge","Vintage Azek Building Materials, ADB15520EW","TimberTech®, Vintage Azek, Building Materials, Model ADB15520EW, 1 in x 6 in x 20 ft, Composite PVC, English Walnut, Square Edge",,,,,,,,,,,,,,,,,,,,,,,,,,Building Materials,Item Type,Building Materials,,Series,Vintage Azek,,Dimensions,1 in x 6 in x 20,ft,Material,Composite PVC,,Finish Color,English Walnut,,Edge Profile,Square Edge,,,,,,,,,,,,,,,,,,,,,,,,,,,,,,,,,,,,,,,,,,,,,,,,,,,,,,,,,,,,,,,,,,,,,,,,,,,,,,,,,,,,,,,,,,,,,,,,,,,,,,,,,,,,,,,,,,,,,,,,,,,,,,,,,,,,,,,,,,,,,,,,,,,,,,,,,TIMBERTECH_ADB15520EW.jpg,,,,,,,,,TIMBERTECH_ADB15520EW_Specification_Sheet.pdf,,,,,,,,,,,,,,,,,,Yes
https://www.timbertech.com/product/ADB15516MH,,,,,,,Industrial Supplies,Equipment & Hardware,Building Materials,,ADB15516MH,1x6-16' Mahogany Sq Edge - Vintage Azek PVC Decking,TIMBERTECH,,,Parksite (6151),The AZEK Company Inc,TimberTech®,Vintage Azek,ADB15516MH,,Building Materials,"TimberTech, Building Materials, Vintage Azek, ADB15516MH, 1 in x 6 in x 16 ft",BUILDING MATERIALS 1INX6INX16FT,"TimberTech® Vintage Azek ADB15516MH Building Materials 1 in x 6 in x 16 ft, Mahogany","TimberTech®, Vintage Azek, Building Materials, Model ADB15516MH, 1 in x 6 in x 16 ft, Composite PVC, Mahogany, Square Edge","Vintage Azek Building Materials, ADB15516MH","TimberTech®, Vintage Azek, Building Materials, Model ADB15516MH, 1 in x 6 in x 16 ft, Composite PVC, Mahogany, Square Edge",,,,,,,,,,,,,,,,,,,,,,,,,,Building Materials,Item Type,Building Materials,,Series,Vintage Azek,,Dimensions,1 in x 6 in x 16,ft,Material,Composite PVC,,Finish Color,Mahogany,,Edge Profile,Square Edge,,,,,,,,,,,,,,,,,,,,,,,,,,,,,,,,,,,,,,,,,,,,,,,,,,,,,,,,,,,,,,,,,,,,,,,,,,,,,,,,,,,,,,,,,,,,,,,,,,,,,,,,,,,,,,,,,,,,,,,,,,,,,,,,,,,,,,,,,,,,,,,,,,,,,,,,,TIMBERTECH_ADB15516MH.jpg,,,,,,,,,TIMBERTECH_ADB15516MH_Specification_Sheet.pdf,,,,,,,,,,,,,,,,,,Yes
https://www.timbertech.com/product/ADB15520MH,,,,,,,Industrial Supplies,Equipment & Hardware,Building Materials,,ADB15520MH,1x6-20' Mahogany Sq Edge - Vintage Azek PVC Decking,TIMBERTECH,,,Parksite (6151),The AZEK Company Inc,TimberTech®,Vintage Azek,ADB15520MH,,Building Materials,"TimberTech, Building Materials, Vintage Azek, ADB15520MH, 1 in x 6 in x 20 ft",BUILDING MATERIALS 1INX6INX20FT,"TimberTech® Vintage Azek ADB15520MH Building Materials 1 in x 6 in x 20 ft, Mahogany","TimberTech®, Vintage Azek, Building Materials, Model ADB15520MH, 1 in x 6 in x 20 ft, Composite PVC, Mahogany, Square Edge","Vintage Azek Building Materials, ADB15520MH","TimberTech®, Vintage Azek, Building Materials, Model ADB15520MH, 1 in x 6 in x 20 ft, Composite PVC, Mahogany, Square Edge",,,,,,,,,,,,,,,,,,,,,,,,,,Building Materials,Item Type,Building Materials,,Series,Vintage Azek,,Dimensions,1 in x 6 in x 20,ft,Material,Composite PVC,,Finish Color,Mahogany,,Edge Profile,Square Edge,,,,,,,,,,,,,,,,,,,,,,,,,,,,,,,,,,,,,,,,,,,,,,,,,,,,,,,,,,,,,,,,,,,,,,,,,,,,,,,,,,,,,,,,,,,,,,,,,,,,,,,,,,,,,,,,,,,,,,,,,,,,,,,,,,,,,,,,,,,,,,,,,,,,,,,,,TIMBERTECH_ADB15520MH.jpg,,,,,,,,,TIMBERTECH_ADB15520MH_Specification_Sheet.pdf,,,,,,,,,,,,,,,,,,Yes
https://www.timbertech.com/product/ADB15516WT,,,,,,,Industrial Supplies,Equipment & Hardware,Building Materials,,ADB15516WT,1x6-16' Weathered Teak Sq Edge - Vintage Azek PVC Decking,TIMBERTECH,,,Parksite (6151),The AZEK Company Inc,TimberTech®,Vintage Azek,ADB15516WT,,Building Materials,"TimberTech, Building Materials, Vintage Azek, ADB15516WT, 1 in x 6 in x 16 ft",BUILDING MATERIALS 1INX6INX16FT,"TimberTech® Vintage Azek ADB15516WT Building Materials 1 in x 6 in x 16 ft, Weathered Teak","TimberTech®, Vintage Azek, Building Materials, Model ADB15516WT, 1 in x 6 in x 16 ft, Composite PVC, Weathered Teak, Square Edge","Vintage Azek Building Materials, ADB15516WT","TimberTech®, Vintage Azek, Building Materials, Model ADB15516WT, 1 in x 6 in x 16 ft, Composite PVC, Weathered Teak, Square Edge",,,,,,,,,,,,,,,,,,,,,,,,,,Building Materials,Item Type,Building Materials,,Series,Vintage Azek,,Dimensions,1 in x 6 in x 16,ft,Material,Composite PVC,,Finish Color,Weathered Teak,,Edge Profile,Square Edge,,,,,,,,,,,,,,,,,,,,,,,,,,,,,,,,,,,,,,,,,,,,,,,,,,,,,,,,,,,,,,,,,,,,,,,,,,,,,,,,,,,,,,,,,,,,,,,,,,,,,,,,,,,,,,,,,,,,,,,,,,,,,,,,,,,,,,,,,,,,,,,,,,,,,,,,,TIMBERTECH_ADB15516WT.jpg,,,,,,,,,TIMBERTECH_ADB15516WT_Specification_Sheet.pdf,,,,,,,,,,,,,,,,,,Yes
https://www.timbertech.com/product/ADB15520WT,,,,,,,Industrial Supplies,Equipment & Hardware,Building Materials,,ADB15520WT,1x6-20' Weathered Teak Sq Edge - Vintage Azek PVC Decking,TIMBERTECH,,,Parksite (6151),The AZEK Company Inc,TimberTech®,Vintage Azek,ADB15520WT,,Building Materials,"TimberTech, Building Materials, Vintage Azek, ADB15520WT, 1 in x 6 in x 20 ft",BUILDING MATERIALS 1INX6INX20FT,"TimberTech® Vintage Azek ADB15520WT Building Materials 1 in x 6 in x 20 ft, Weathered Teak","TimberTech®, Vintage Azek, Building Materials, Model ADB15520WT, 1 in x 6 in x 20 ft, Composite PVC, Weathered Teak, Square Edge","Vintage Azek Building Materials, ADB15520WT","TimberTech®, Vintage Azek, Building Materials, Model ADB15520WT, 1 in x 6 in x 20 ft, Composite PVC, Weathered Teak, Square Edge",,,,,,,,,,,,,,,,,,,,,,,,,,Building Materials,Item Type,Building Materials,,Series,Vintage Azek,,Dimensions,1 in x 6 in x 20,ft,Material,Composite PVC,,Finish Color,Weathered Teak,,Edge Profile,Square Edge,,,,,,,,,,,,,,,,,,,,,,,,,,,,,,,,,,,,,,,,,,,,,,,,,,,,,,,,,,,,,,,,,,,,,,,,,,,,,,,,,,,,,,,,,,,,,,,,,,,,,,,,,,,,,,,,,,,,,,,,,,,,,,,,,,,,,,,,,,,,,,,,,,,,,,,,,TIMBERTECH_ADB15520WT.jpg,,,,,,,,,TIMBERTECH_ADB15520WT_Specification_Sheet.pdf,,,,,,,,,,,,,,,,,,Yes
https://www.timbertech.com/product/AGB15512CS,,,,,,,Industrial Supplies,Equipment & Hardware,Building Materials,,AGB15512CS,1x6-12' Coastline Grooved - Vintage Azek PVC Decking,TIMBERTECH,,,Parksite (6151),The AZEK Company Inc,TimberTech®,Vintage Azek,AGB15512CS,,Building Materials,"TimberTech, Building Materials, Vintage Azek, AGB15512CS, 1 in x 6 in x 12 ft",BUILDING MATERIALS 1INX6INX12FT,"TimberTech® Vintage Azek AGB15512CS Building Materials 1 in x 6 in x 12 ft, Coastline","TimberTech®, Vintage Azek, Building Materials, Model AGB15512CS, 1 in x 6 in x 12 ft, Composite PVC, Coastline, Grooved","Vintage Azek Building Materials, AGB15512CS","TimberTech®, Vintage Azek, Building Materials, Model AGB15512CS, 1 in x 6 in x 12 ft, Composite PVC, Coastline, Grooved",,,,,,,,,,,,,,,,,,,,,,,,,,Building Materials,Item Type,Building Materials,,Series,Vintage Azek,,Dimensions,1 in x 6 in x 12,ft,Material,Composite PVC,,Finish Color,Coastline,,Edge Profile,Grooved,,,,,,,,,,,,,,,,,,,,,,,,,,,,,,,,,,,,,,,,,,,,,,,,,,,,,,,,,,,,,,,,,,,,,,,,,,,,,,,,,,,,,,,,,,,,,,,,,,,,,,,,,,,,,,,,,,,,,,,,,,,,,,,,,,,,,,,,,,,,,,,,,,,,,,,,,TIMBERTECH_AGB15512CS.jpg,,,,,,,,,TIMBERTECH_AGB15512CS_Specification_Sheet.pdf,,,,,,,,,,,,,,,,,,Yes
https://www.timbertech.com/product/AGB15516CS,,,,,,,Industrial Supplies,Equipment & Hardware,Building Materials,,AGB15516CS,1x6-16' Coastline Grooved - Vintage Azek PVC Decking,TIMBERTECH,,,Parksite (6151),The AZEK Company Inc,TimberTech®,Vintage Azek,AGB15516CS,,Building Materials,"TimberTech, Building Materials, Vintage Azek, AGB15516CS, 1 in x 6 in x 16 ft",BUILDING MATERIALS 1INX6INX16FT,"TimberTech® Vintage Azek AGB15516CS Building Materials 1 in x 6 in x 16 ft, Coastline","TimberTech®, Vintage Azek, Building Materials, Model AGB15516CS, 1 in x 6 in x 16 ft, Composite PVC, Coastline, Grooved","Vintage Azek Building Materials, AGB15516CS","TimberTech®, Vintage Azek, Building Materials, Model AGB15516CS, 1 in x 6 in x 16 ft, Composite PVC, Coastline, Grooved",,,,,,,,,,,,,,,,,,,,,,,,,,Building Materials,Item Type,Building Materials,,Series,Vintage Azek,,Dimensions,1 in x 6 in x 16,ft,Material,Composite PVC,,Finish Color,Coastline,,Edge Profile,Grooved,,,,,,,,,,,,,,,,,,,,,,,,,,,,,,,,,,,,,,,,,,,,,,,,,,,,,,,,,,,,,,,,,,,,,,,,,,,,,,,,,,,,,,,,,,,,,,,,,,,,,,,,,,,,,,,,,,,,,,,,,,,,,,,,,,,,,,,,,,,,,,,,,,,,,,,,,TIMBERTECH_AGB15516CS.jpg,,,,,,,,,TIMBERTECH_AGB15516CS_Specification_Sheet.pdf,,,,,,,,,,,,,,,,,,Yes
https://www.timbertech.com/product/AGB15520CS,,,,,,,Industrial Supplies,Equipment & Hardware,Building Materials,,AGB15520CS,1x6-20' Coastline Grooved - Vintage Azek PVC Decking,TIMBERTECH,,,Parksite (6151),The AZEK Company Inc,TimberTech®,Vintage Azek,AGB15520CS,,Building Materials,"TimberTech, Building Materials, Vintage Azek, AGB15520CS, 1 in x 6 in x 20 ft",BUILDING MATERIALS 1INX6INX20FT,"TimberTech® Vintage Azek AGB15520CS Building Materials 1 in x 6 in x 20 ft, Coastline","TimberTech®, Vintage Azek, Building Materials, Model AGB15520CS, 1 in x 6 in x 20 ft, Composite PVC, Coastline, Grooved","Vintage Azek Building Materials, AGB15520CS","TimberTech®, Vintage Azek, Building Materials, Model AGB15520CS, 1 in x 6 in x 20 ft, Composite PVC, Coastline, Grooved",,,,,,,,,,,,,,,,,,,,,,,,,,Building Materials,Item Type,Building Materials,,Series,Vintage Azek,,Dimensions,1 in x 6 in x 20,ft,Material,Composite PVC,,Finish Color,Coastline,,Edge Profile,Grooved,,,,,,,,,,,,,,,,,,,,,,,,,,,,,,,,,,,,,,,,,,,,,,,,,,,,,,,,,,,,,,,,,,,,,,,,,,,,,,,,,,,,,,,,,,,,,,,,,,,,,,,,,,,,,,,,,,,,,,,,,,,,,,,,,,,,,,,,,,,,,,,,,,,,,,,,,TIMBERTECH_AGB15520CS.jpg,,,,,,,,,TIMBERTECH_AGB15520CS_Specification_Sheet.pdf,,,,,,,,,,,,,,,,,,Yes
https://www.timbertech.com/product/AGB15512EW,,,,,,,Industrial Supplies,Equipment & Hardware,Building Materials,,AGB15512EW,1x6-12' English Walnut Grooved - Vintage Azek PVC Decking,TIMBERTECH,,,Parksite (6151),The AZEK Company Inc,TimberTech®,Vintage Azek,AGB15512EW,,Building Materials,"TimberTech, Building Materials, Vintage Azek, AGB15512EW, 1 in x 6 in x 12 ft",BUILDING MATERIALS 1INX6INX12FT,"TimberTech® Vintage Azek AGB15512EW Building Materials 1 in x 6 in x 12 ft, English Walnut","TimberTech®, Vintage Azek, Building Materials, Model AGB15512EW, 1 in x 6 in x 12 ft, Composite PVC, English Walnut, Grooved","Vintage Azek Building Materials, AGB15512EW","TimberTech®, Vintage Azek, Building Materials, Model AGB15512EW, 1 in x 6 in x 12 ft, Composite PVC, English Walnut, Grooved",,,,,,,,,,,,,,,,,,,,,,,,,,Building Materials,Item Type,Building Materials,,Series,Vintage Azek,,Dimensions,1 in x 6 in x 12,ft,Material,Composite PVC,,Finish Color,English Walnut,,Edge Profile,Grooved,,,,,,,,,,,,,,,,,,,,,,,,,,,,,,,,,,,,,,,,,,,,,,,,,,,,,,,,,,,,,,,,,,,,,,,,,,,,,,,,,,,,,,,,,,,,,,,,,,,,,,,,,,,,,,,,,,,,,,,,,,,,,,,,,,,,,,,,,,,,,,,,,,,,,,,,,TIMBERTECH_AGB15512EW.jpg,,,,,,,,,TIMBERTECH_AGB15512EW_Specification_Sheet.pdf,,,,,,,,,,,,,,,,,,Yes
https://www.timbertech.com/product/AGB15516EW,,,,,,,Industrial Supplies,Equipment & Hardware,Building Materials,,AGB15516EW,1x6-16' English Walnut Grooved - Vintage Azek PVC Decking,TIMBERTECH,,,Parksite (6151),The AZEK Company Inc,TimberTech®,Vintage Azek,AGB15516EW,,Building Materials,"TimberTech, Building Materials, Vintage Azek, AGB15516EW, 1 in x 6 in x 16 ft",BUILDING MATERIALS 1INX6INX16FT,"TimberTech® Vintage Azek AGB15516EW Building Materials 1 in x 6 in x 16 ft, English Walnut","TimberTech®, Vintage Azek, Building Materials, Model AGB15516EW, 1 in x 6 in x 16 ft, Composite PVC, English Walnut, Grooved","Vintage Azek Building Materials, AGB15516EW","TimberTech®, Vintage Azek, Building Materials, Model AGB15516EW, 1 in x 6 in x 16 ft, Composite PVC, English Walnut, Grooved",,,,,,,,,,,,,,,,,,,,,,,,,,Building Materials,Item Type,Building Materials,,Series,Vintage Azek,,Dimensions,1 in x 6 in x 16,ft,Material,Composite PVC,,Finish Color,English Walnut,,Edge Profile,Grooved,,,,,,,,,,,,,,,,,,,,,,,,,,,,,,,,,,,,,,,,,,,,,,,,,,,,,,,,,,,,,,,,,,,,,,,,,,,,,,,,,,,,,,,,,,,,,,,,,,,,,,,,,,,,,,,,,,,,,,,,,,,,,,,,,,,,,,,,,,,,,,,,,,,,,,,,,TIMBERTECH_AGB15516EW.jpg,,,,,,,,,TIMBERTECH_AGB15516EW_Specification_Sheet.pdf,,,,,,,,,,,,,,,,,,Yes
https://www.timbertech.com/product/AGB15520EW,,,,,,,Industrial Supplies,Equipment & Hardware,Building Materials,,AGB15520EW,1x6-20' English Walnut Grooved - Vintage Azek PVC Decking,TIMBERTECH,,,Parksite (6151),The AZEK Company Inc,TimberTech®,Vintage Azek,AGB15520EW,,Building Materials,"TimberTech, Building Materials, Vintage Azek, AGB15520EW, 1 in x 6 in x 20 ft",BUILDING MATERIALS 1INX6INX20FT,"TimberTech® Vintage Azek AGB15520EW Building Materials 1 in x 6 in x 20 ft, English Walnut","TimberTech®, Vintage Azek, Building Materials, Model AGB15520EW, 1 in x 6 in x 20 ft, Composite PVC, English Walnut, Grooved","Vintage Azek Building Materials, AGB15520EW","TimberTech®, Vintage Azek, Building Materials, Model AGB15520EW, 1 in x 6 in x 20 ft, Composite PVC, English Walnut, Grooved",,,,,,,,,,,,,,,,,,,,,,,,,,Building Materials,Item Type,Building Materials,,Series,Vintage Azek,,Dimensions,1 in x 6 in x 20,ft,Material,Composite PVC,,Finish Color,English Walnut,,Edge Profile,Grooved,,,,,,,,,,,,,,,,,,,,,,,,,,,,,,,,,,,,,,,,,,,,,,,,,,,,,,,,,,,,,,,,,,,,,,,,,,,,,,,,,,,,,,,,,,,,,,,,,,,,,,,,,,,,,,,,,,,,,,,,,,,,,,,,,,,,,,,,,,,,,,,,,,,,,,,,,TIMBERTECH_AGB15520EW.jpg,,,,,,,,,TIMBERTECH_AGB15520EW_Specification_Sheet.pdf,,,,,,,,,,,,,,,,,,Yes
https://www.timbertech.com/product/AGB15512MH,,,,,,,Industrial Supplies,Equipment & Hardware,Building Materials,,AGB15512MH,1x6-12' Mahogany Grooved - Vintage Azek PVC Decking,TIMBERTECH,,,Parksite (6151),The AZEK Company Inc,TimberTech®,Vintage Azek,AGB15512MH,,Building Materials,"TimberTech, Building Materials, Vintage Azek, AGB15512MH, 1 in x 6 in x 12 ft",BUILDING MATERIALS 1INX6INX12FT,"TimberTech® Vintage Azek AGB15512MH Building Materials 1 in x 6 in x 12 ft, Mahogany","TimberTech®, Vintage Azek, Building Materials, Model AGB15512MH, 1 in x 6 in x 12 ft, Composite PVC, Mahogany, Grooved","Vintage Azek Building Materials, AGB15512MH","TimberTech®, Vintage Azek, Building Materials, Model AGB15512MH, 1 in x 6 in x 12 ft, Composite PVC, Mahogany, Grooved",,,,,,,,,,,,,,,,,,,,,,,,,,Building Materials,Item Type,Building Materials,,Series,Vintage Azek,,Dimensions,1 in x 6 in x 12,ft,Material,Composite PVC,,Finish Color,Mahogany,,Edge Profile,Grooved,,,,,,,,,,,,,,,,,,,,,,,,,,,,,,,,,,,,,,,,,,,,,,,,,,,,,,,,,,,,,,,,,,,,,,,,,,,,,,,,,,,,,,,,,,,,,,,,,,,,,,,,,,,,,,,,,,,,,,,,,,,,,,,,,,,,,,,,,,,,,,,,,,,,,,,,,TIMBERTECH_AGB15512MH.jpg,,,,,,,,,TIMBERTECH_AGB15512MH_Specification_Sheet.pdf,,,,,,,,,,,,,,,,,,Yes
https://www.timbertech.com/product/AGB15516MH,,,,,,,Industrial Supplies,Equipment & Hardware,Building Materials,,AGB15516MH,1x6-16' Mahogany Grooved - Vintage Azek PVC Decking,TIMBERTECH,,,Parksite (6151),The AZEK Company Inc,TimberTech®,Vintage Azek,AGB15516MH,,Building Materials,"TimberTech, Building Materials, Vintage Azek, AGB15516MH, 1 in x 6 in x 16 ft",BUILDING MATERIALS 1INX6INX16FT,"TimberTech® Vintage Azek AGB15516MH Building Materials 1 in x 6 in x 16 ft, Mahogany","TimberTech®, Vintage Azek, Building Materials, Model AGB15516MH, 1 in x 6 in x 16 ft, Composite PVC, Mahogany, Grooved","Vintage Azek Building Materials, AGB15516MH","TimberTech®, Vintage Azek, Building Materials, Model AGB15516MH, 1 in x 6 in x 16 ft, Composite PVC, Mahogany, Grooved",,,,,,,,,,,,,,,,,,,,,,,,,,Building Materials,Item Type,Building Materials,,Series,Vintage Azek,,Dimensions,1 in x 6 in x 16,ft,Material,Composite PVC,,Finish Color,Mahogany,,Edge Profile,Grooved,,,,,,,,,,,,,,,,,,,,,,,,,,,,,,,,,,,,,,,,,,,,,,,,,,,,,,,,,,,,,,,,,,,,,,,,,,,,,,,,,,,,,,,,,,,,,,,,,,,,,,,,,,,,,,,,,,,,,,,,,,,,,,,,,,,,,,,,,,,,,,,,,,,,,,,,,TIMBERTECH_AGB15516MH.jpg,,,,,,,,,TIMBERTECH_AGB15516MH_Specification_Sheet.pdf,,,,,,,,,,,,,,,,,,Yes
https://www.timbertech.com/product/AGB15520MH,,,,,,,Industrial Supplies,Equipment & Hardware,Building Materials,,AGB15520MH,1x6-20' Mahogany Grooved - Vintage Azek PVC Decking,TIMBERTECH,,,Parksite (6151),The AZEK Company Inc,TimberTech®,Vintage Azek,AGB15520MH,,Building Materials,"TimberTech, Building Materials, Vintage Azek, AGB15520MH, 1 in x 6 in x 20 ft",BUILDING MATERIALS 1INX6INX20FT,"TimberTech® Vintage Azek AGB15520MH Building Materials 1 in x 6 in x 20 ft, Mahogany","TimberTech®, Vintage Azek, Building Materials, Model AGB15520MH, 1 in x 6 in x 20 ft, Composite PVC, Mahogany, Grooved","Vintage Azek Building Materials, AGB15520MH","TimberTech®, Vintage Azek, Building Materials, Model AGB15520MH, 1 in x 6 in x 20 ft, Composite PVC, Mahogany, Grooved",,,,,,,,,,,,,,,,,,,,,,,,,,Building Materials,Item Type,Building Materials,,Series,Vintage Azek,,Dimensions,1 in x 6 in x 20,ft,Material,Composite PVC,,Finish Color,Mahogany,,Edge Profile,Grooved,,,,,,,,,,,,,,,,,,,,,,,,,,,,,,,,,,,,,,,,,,,,,,,,,,,,,,,,,,,,,,,,,,,,,,,,,,,,,,,,,,,,,,,,,,,,,,,,,,,,,,,,,,,,,,,,,,,,,,,,,,,,,,,,,,,,,,,,,,,,,,,,,,,,,,,,,TIMBERTECH_AGB15520MH.jpg,,,,,,,,,TIMBERTECH_AGB15520MH_Specification_Sheet.pdf,,,,,,,,,,,,,,,,,,Yes
https://www.timbertech.com/product/AGB15512WT,,,,,,,Industrial Supplies,Equipment & Hardware,Building Materials,,AGB15512WT,1x6-12' Weathered Teak Grooved - Vintage Azek PVC Decking,TIMBERTECH,,,Parksite (6151),The AZEK Company Inc,TimberTech®,Vintage Azek,AGB15512WT,,Building Materials,"TimberTech, Building Materials, Vintage Azek, AGB15512WT, 1 in x 6 in x 12 ft",BUILDING MATERIALS 1INX6INX12FT,"TimberTech® Vintage Azek AGB15512WT Building Materials 1 in x 6 in x 12 ft, Weathered Teak","TimberTech®, Vintage Azek, Building Materials, Model AGB15512WT, 1 in x 6 in x 12 ft, Composite PVC, Weathered Teak, Grooved","Vintage Azek Building Materials, AGB15512WT","TimberTech®, Vintage Azek, Building Materials, Model AGB15512WT, 1 in x 6 in x 12 ft, Composite PVC, Weathered Teak, Grooved",,,,,,,,,,,,,,,,,,,,,,,,,,Building Materials,Item Type,Building Materials,,Series,Vintage Azek,,Dimensions,1 in x 6 in x 12,ft,Material,Composite PVC,,Finish Color,Weathered Teak,,Edge Profile,Grooved,,,,,,,,,,,,,,,,,,,,,,,,,,,,,,,,,,,,,,,,,,,,,,,,,,,,,,,,,,,,,,,,,,,,,,,,,,,,,,,,,,,,,,,,,,,,,,,,,,,,,,,,,,,,,,,,,,,,,,,,,,,,,,,,,,,,,,,,,,,,,,,,,,,,,,,,,TIMBERTECH_AGB15512WT.jpg,,,,,,,,,TIMBERTECH_AGB15512WT_Specification_Sheet.pdf,,,,,,,,,,,,,,,,,,Yes
https://www.timbertech.com/product/AGB15516WT,,,,,,,Industrial Supplies,Equipment & Hardware,Building Materials,,AGB15516WT,1x6-16' Weathered Teak Grooved - Vintage Azek PVC Decking,TIMBERTECH,,,Parksite (6151),The AZEK Company Inc,TimberTech®,Vintage Azek,AGB15516WT,,Building Materials,"TimberTech, Building Materials, Vintage Azek, AGB15516WT, 1 in x 6 in x 16 ft",BUILDING MATERIALS 1INX6INX16FT,"TimberTech® Vintage Azek AGB15516WT Building Materials 1 in x 6 in x 16 ft, Weathered Teak","TimberTech®, Vintage Azek, Building Materials, Model AGB15516WT, 1 in x 6 in x 16 ft, Composite PVC, Weathered Teak, Grooved","Vintage Azek Building Materials, AGB15516WT","TimberTech®, Vintage Azek, Building Materials, Model AGB15516WT, 1 in x 6 in x 16 ft, Composite PVC, Weathered Teak, Grooved",,,,,,,,,,,,,,,,,,,,,,,,,,Building Materials,Item Type,Building Materials,,Series,Vintage Azek,,Dimensions,1 in x 6 in x 16,ft,Material,Composite PVC,,Finish Color,Weathered Teak,,Edge Profile,Grooved,,,,,,,,,,,,,,,,,,,,,,,,,,,,,,,,,,,,,,,,,,,,,,,,,,,,,,,,,,,,,,,,,,,,,,,,,,,,,,,,,,,,,,,,,,,,,,,,,,,,,,,,,,,,,,,,,,,,,,,,,,,,,,,,,,,,,,,,,,,,,,,,,,,,,,,,,TIMBERTECH_AGB15516WT.jpg,,,,,,,,,TIMBERTECH_AGB15516WT_Specification_Sheet.pdf,,,,,,,,,,,,,,,,,,Yes
https://www.timbertech.com/product/AGB15520WT,,,,,,,Industrial Supplies,Equipment & Hardware,Building Materials,,AGB15520WT,1x6-20' Weathered Teak Grooved - Vintage Azek PVC Decking,TIMBERTECH,,,Parksite (6151),The AZEK Company Inc,TimberTech®,Vintage Azek,AGB15520WT,,Building Materials,"TimberTech, Building Materials, Vintage Azek, AGB15520WT, 1 in x 6 in x 20 ft",BUILDING MATERIALS 1INX6INX20FT,"TimberTech® Vintage Azek AGB15520WT Building Materials 1 in x 6 in x 20 ft, Weathered Teak","TimberTech®, Vintage Azek, Building Materials, Model AGB15520WT, 1 in x 6 in x 20 ft, Composite PVC, Weathered Teak, Grooved","Vintage Azek Building Materials, AGB15520WT","TimberTech®, Vintage Azek, Building Materials, Model AGB15520WT, 1 in x 6 in x 20 ft, Composite PVC, Weathered Teak, Grooved",,,,,,,,,,,,,,,,,,,,,,,,,,Building Materials,Item Type,Building Materials,,Series,Vintage Azek,,Dimensions,1 in x 6 in x 20,ft,Material,Composite PVC,,Finish Color,Weathered Teak,,Edge Profile,Grooved,,,,,,,,,,,,,,,,,,,,,,,,,,,,,,,,,,,,,,,,,,,,,,,,,,,,,,,,,,,,,,,,,,,,,,,,,,,,,,,,,,,,,,,,,,,,,,,,,,,,,,,,,,,,,,,,,,,,,,,,,,,,,,,,,,,,,,,,,,,,,,,,,,,,,,,,,TIMBERTECH_AGB15520WT.jpg,,,,,,,,,TIMBERTECH_AGB15520WT_Specification_Sheet.pdf,,,,,,,,,,,,,,,,,,Yes
https://www.timbertech.com/product/ADB15516AW,,,,,,,Industrial Supplies,Equipment & Hardware,Building Materials,,ADB15516AW,1x6-16' American Walnut Sq Edg - Landmark Azek PVC Decking,TIMBERTECH,,,Parksite (6151),The AZEK Company Inc,TimberTech®,Landmark Azek,ADB15516AW,,Building Materials,"TimberTech, Building Materials, Landmark Azek, ADB15516AW, 1 in x 6 in x 16 ft",BUILDING MATERIALS 1INX6INX16FT,"TimberTech® Landmark Azek ADB15516AW Building Materials 1 in x 6 in x 16 ft, American Walnut","TimberTech®, Landmark Azek, Building Materials, Model ADB15516AW, 1 in x 6 in x 16 ft, Composite PVC, American Walnut","Landmark Azek Building Materials, ADB15516AW","TimberTech®, Landmark Azek, Building Materials, Model ADB15516AW, 1 in x 6 in x 16 ft, Composite PVC, American Walnut",,,,,,,,,,,,,,,,,,,,,,,,,,Building Materials,Item Type,Building Materials,,Series,Landmark Azek,,Dimensions,1 in x 6 in x 16,ft,Material,Composite PVC,,Finish Color,American Walnut,,,,,,,,,,,,,,,,,,,,,,,,,,,,,,,,,,,,,,,,,,,,,,,,,,,,,,,,,,,,,,,,,,,,,,,,,,,,,,,,,,,,,,,,,,,,,,,,,,,,,,,,,,,,,,,,,,,,,,,,,,,,,,,,,,,,,,,,,,,,,,,,,,,,,,,,,,,,TIMBERTECH_ADB15516AW.jpg,,,,,,,,,TIMBERTECH_ADB15516AW_Specification_Sheet.pdf,,,,,,,,,,,,,,,,,,Yes
https://www.timbertech.com/product/ADB15520AW,,,,,,,Industrial Supplies,Equipment & Hardware,Building Materials,,ADB15520AW,1x6-20' American Walnut Sq Edg - Landmark Azek PVC Decking,TIMBERTECH,,,Parksite (6151),The AZEK Company Inc,TimberTech®,Landmark Azek,ADB15520AW,,Building Materials,"TimberTech, Building Materials, Landmark Azek, ADB15520AW, 1 in x 6 in x 20 ft",BUILDING MATERIALS 1INX6INX20FT,"TimberTech® Landmark Azek ADB15520AW Building Materials 1 in x 6 in x 20 ft, American Walnut","TimberTech®, Landmark Azek, Building Materials, Model ADB15520AW, 1 in x 6 in x 20 ft, Composite PVC, American Walnut","Landmark Azek Building Materials, ADB15520AW","TimberTech®, Landmark Azek, Building Materials, Model ADB15520AW, 1 in x 6 in x 20 ft, Composite PVC, American Walnut",,,,,,,,,,,,,,,,,,,,,,,,,,Building Materials,Item Type,Building Materials,,Series,Landmark Azek,,Dimensions,1 in x 6 in x 20,ft,Material,Composite PVC,,Finish Color,American Walnut,,,,,,,,,,,,,,,,,,,,,,,,,,,,,,,,,,,,,,,,,,,,,,,,,,,,,,,,,,,,,,,,,,,,,,,,,,,,,,,,,,,,,,,,,,,,,,,,,,,,,,,,,,,,,,,,,,,,,,,,,,,,,,,,,,,,,,,,,,,,,,,,,,,,,,,,,,,,TIMBERTECH_ADB15520AW.jpg,,,,,,,,,TIMBERTECH_ADB15520AW_Specification_Sheet.pdf,,,,,,,,,,,,,,,,,,Yes
https://www.timbertech.com/product/ADB15516CG,,,,,,,Industrial Supplies,Equipment & Hardware,Building Materials,,ADB15516CG,1x6-16' Castle Gate Sq Edge - Landmark Azek PVC Decking,TIMBERTECH,,,Parksite (6151),The AZEK Company Inc,TimberTech®,Landmark Azek,ADB15516CG,,Building Materials,"TimberTech, Building Materials, Landmark Azek, ADB15516CG, 1 in x 6 in x 16 ft",BUILDING MATERIALS 1INX6INX16FT,"TimberTech® Landmark Azek ADB15516CG Building Materials 1 in x 6 in x 16 ft, Castle Gate","TimberTech®, Landmark Azek, Building Materials, Model ADB15516CG, 1 in x 6 in x 16 ft, Composite PVC, Castle Gate, Square Edge","Landmark Azek Building Materials, ADB15516CG","TimberTech®, Landmark Azek, Building Materials, Model ADB15516CG, 1 in x 6 in x 16 ft, Composite PVC, Castle Gate, Square Edge",,,,,,,,,,,,,,,,,,,,,,,,,,Building Materials,Item Type,Building Materials,,Series,Landmark Azek,,Dimensions,1 in x 6 in x 16,ft,Material,Composite PVC,,Finish Color,Castle Gate,,Edge Profile,Square Edge,,,,,,,,,,,,,,,,,,,,,,,,,,,,,,,,,,,,,,,,,,,,,,,,,,,,,,,,,,,,,,,,,,,,,,,,,,,,,,,,,,,,,,,,,,,,,,,,,,,,,,,,,,,,,,,,,,,,,,,,,,,,,,,,,,,,,,,,,,,,,,,,,,,,,,,,,TIMBERTECH_ADB15516CG.jpg,,,,,,,,,TIMBERTECH_ADB15516CG_Specification_Sheet.pdf,,,,,,,,,,,,,,,,,,Yes
https://www.timbertech.com/product/ADB15520CG,,,,,,,Industrial Supplies,Equipment & Hardware,Building Materials,,ADB15520CG,1x6-20' Castle Gate Sq Edge - Landmark Azek PVC Decking,TIMBERTECH,,,Parksite (6151),The AZEK Company Inc,TimberTech®,Landmark Azek,ADB15520CG,,Building Materials,"TimberTech, Building Materials, Landmark Azek, ADB15520CG, 1 in x 6 in x 20 ft",BUILDING MATERIALS 1INX6INX20FT,"TimberTech® Landmark Azek ADB15520CG Building Materials 1 in x 6 in x 20 ft, Castle Gate","TimberTech®, Landmark Azek, Building Materials, Model ADB15520CG, 1 in x 6 in x 20 ft, Composite PVC, Castle Gate, Square Edge","Landmark Azek Building Materials, ADB15520CG","TimberTech®, Landmark Azek, Building Materials, Model ADB15520CG, 1 in x 6 in x 20 ft, Composite PVC, Castle Gate, Square Edge",,,,,,,,,,,,,,,,,,,,,,,,,,Building Materials,Item Type,Building Materials,,Series,Landmark Azek,,Dimensions,1 in x 6 in x 20,ft,Material,Composite PVC,,Finish Color,Castle Gate,,Edge Profile,Square Edge,,,,,,,,,,,,,,,,,,,,,,,,,,,,,,,,,,,,,,,,,,,,,,,,,,,,,,,,,,,,,,,,,,,,,,,,,,,,,,,,,,,,,,,,,,,,,,,,,,,,,,,,,,,,,,,,,,,,,,,,,,,,,,,,,,,,,,,,,,,,,,,,,,,,,,,,,TIMBERTECH_ADB15520CG.jpg,,,,,,,,,TIMBERTECH_ADB15520CG_Specification_Sheet.pdf,,,,,,,,,,,,,,,,,,Yes
https://www.timbertech.com/product/ADB15516FW,,,,,,,Industrial Supplies,Equipment & Hardware,Building Materials,,ADB15516FW,1x6-16' French White Oak Sq Ed - Landmark Azek PVC Decking,TIMBERTECH,,,Parksite (6151),The AZEK Company Inc,TimberTech®,Landmark Azek,ADB15516FW,,Building Materials,"TimberTech, Building Materials, Landmark Azek, ADB15516FW, 1 in x 6 in x 16 ft",BUILDING MATERIALS 1INX6INX16FT,"TimberTech® Landmark Azek ADB15516FW Building Materials 1 in x 6 in x 16 ft, White","TimberTech®, Landmark Azek, Building Materials, Model ADB15516FW, 1 in x 6 in x 16 ft, Composite PVC, White","Landmark Azek Building Materials, ADB15516FW","TimberTech®, Landmark Azek, Building Materials, Model ADB15516FW, 1 in x 6 in x 16 ft, Composite PVC, White",,,,,,,,,,,,,,,,,,,,,,,,,,Building Materials,Item Type,Building Materials,,Series,Landmark Azek,,Dimensions,1 in x 6 in x 16,ft,Material,Composite PVC,,Finish Color,White,,,,,,,,,,,,,,,,,,,,,,,,,,,,,,,,,,,,,,,,,,,,,,,,,,,,,,,,,,,,,,,,,,,,,,,,,,,,,,,,,,,,,,,,,,,,,,,,,,,,,,,,,,,,,,,,,,,,,,,,,,,,,,,,,,,,,,,,,,,,,,,,,,,,,,,,,,,,TIMBERTECH_ADB15516FW.jpg,,,,,,,,,TIMBERTECH_ADB15516FW_Specification_Sheet.pdf,,,,,,,,,,,,,,,,,,Yes
https://www.timbertech.com/product/ADB15520FW,,,,,,,Industrial Supplies,Equipment & Hardware,Building Materials,,ADB15520FW,1x6-20' French White Oak Sq Ed - Landmark Azek PVC Decking,TIMBERTECH,,,Parksite (6151),The AZEK Company Inc,TimberTech®,Landmark Azek,ADB15520FW,,Building Materials,"TimberTech, Building Materials, Landmark Azek, ADB15520FW, 1 in x 6 in x 20 ft",BUILDING MATERIALS 1INX6INX20FT,"TimberTech® Landmark Azek ADB15520FW Building Materials 1 in x 6 in x 20 ft, White","TimberTech®, Landmark Azek, Building Materials, Model ADB15520FW, 1 in x 6 in x 20 ft, Composite PVC, White","Landmark Azek Building Materials, ADB15520FW","TimberTech®, Landmark Azek, Building Materials, Model ADB15520FW, 1 in x 6 in x 20 ft, Composite PVC, White",,,,,,,,,,,,,,,,,,,,,,,,,,Building Materials,Item Type,Building Materials,,Series,Landmark Azek,,Dimensions,1 in x 6 in x 20,ft,Material,Composite PVC,,Finish Color,White,,,,,,,,,,,,,,,,,,,,,,,,,,,,,,,,,,,,,,,,,,,,,,,,,,,,,,,,,,,,,,,,,,,,,,,,,,,,,,,,,,,,,,,,,,,,,,,,,,,,,,,,,,,,,,,,,,,,,,,,,,,,,,,,,,,,,,,,,,,,,,,,,,,,,,,,,,,,TIMBERTECH_ADB15520FW.jpg,,,,,,,,,TIMBERTECH_ADB15520FW_Specification_Sheet.pdf,,,,,,,,,,,,,,,,,,Yes
https://www.timbertech.com/product/AGB15512AW,,,,,,,Industrial Supplies,Equipment & Hardware,Building Materials,,AGB15512AW,1x6-12' American Walnut Groove - Landmark Azek PVC Decking,TIMBERTECH,,,Parksite (6151),The AZEK Company Inc,TimberTech®,Landmark Azek,AGB15512AW,,Building Materials,"TimberTech, Building Materials, Landmark Azek, AGB15512AW, 1 in x 6 in x 12 ft",BUILDING MATERIALS 1INX6INX12FT,"TimberTech® Landmark Azek AGB15512AW Building Materials 1 in x 6 in x 12 ft, American Walnut","TimberTech®, Landmark Azek, Building Materials, Model AGB15512AW, 1 in x 6 in x 12 ft, Composite PVC, American Walnut","Landmark Azek Building Materials, AGB15512AW","TimberTech®, Landmark Azek, Building Materials, Model AGB15512AW, 1 in x 6 in x 12 ft, Composite PVC, American Walnut",,,,,,,,,,,,,,,,,,,,,,,,,,Building Materials,Item Type,Building Materials,,Series,Landmark Azek,,Dimensions,1 in x 6 in x 12,ft,Material,Composite PVC,,Finish Color,American Walnut,,,,,,,,,,,,,,,,,,,,,,,,,,,,,,,,,,,,,,,,,,,,,,,,,,,,,,,,,,,,,,,,,,,,,,,,,,,,,,,,,,,,,,,,,,,,,,,,,,,,,,,,,,,,,,,,,,,,,,,,,,,,,,,,,,,,,,,,,,,,,,,,,,,,,,,,,,,,TIMBERTECH_AGB15512AW.jpg,,,,,,,,,TIMBERTECH_AGB15512AW_Specification_Sheet.pdf,,,,,,,,,,,,,,,,,,Yes
https://www.timbertech.com/product/AGB15516AW,,,,,,,Industrial Supplies,Equipment & Hardware,Building Materials,,AGB15516AW,1x6-16' American Walnut Groove - Landmark Azek PVC Decking,TIMBERTECH,,,Parksite (6151),The AZEK Company Inc,TimberTech®,Landmark Azek,AGB15516AW,,Building Materials,"TimberTech, Building Materials, Landmark Azek, AGB15516AW, 1 in x 6 in x 16 ft",BUILDING MATERIALS 1INX6INX16FT,"TimberTech® Landmark Azek AGB15516AW Building Materials 1 in x 6 in x 16 ft, American Walnut","TimberTech®, Landmark Azek, Building Materials, Model AGB15516AW, 1 in x 6 in x 16 ft, Composite PVC, American Walnut","Landmark Azek Building Materials, AGB15516AW","TimberTech®, Landmark Azek, Building Materials, Model AGB15516AW, 1 in x 6 in x 16 ft, Composite PVC, American Walnut",,,,,,,,,,,,,,,,,,,,,,,,,,Building Materials,Item Type,Building Materials,,Series,Landmark Azek,,Dimensions,1 in x 6 in x 16,ft,Material,Composite PVC,,Finish Color,American Walnut,,,,,,,,,,,,,,,,,,,,,,,,,,,,,,,,,,,,,,,,,,,,,,,,,,,,,,,,,,,,,,,,,,,,,,,,,,,,,,,,,,,,,,,,,,,,,,,,,,,,,,,,,,,,,,,,,,,,,,,,,,,,,,,,,,,,,,,,,,,,,,,,,,,,,,,,,,,,TIMBERTECH_AGB15516AW.jpg,,,,,,,,,TIMBERTECH_AGB15516AW_Specification_Sheet.pdf,,,,,,,,,,,,,,,,,,Yes
https://www.timbertech.com/product/AGB15520AW,,,,,,,Industrial Supplies,Equipment & Hardware,Building Materials,,AGB15520AW,1x6-20' American Walnut Groove - Landmark Azek PVC Decking,TIMBERTECH,,,Parksite (6151),The AZEK Company Inc,TimberTech®,Landmark Azek,AGB15520AW,,Building Materials,"TimberTech, Building Materials, Landmark Azek, AGB15520AW, 1 in x 6 in x 20 ft",BUILDING MATERIALS 1INX6INX20FT,"TimberTech® Landmark Azek AGB15520AW Building Materials 1 in x 6 in x 20 ft, American Walnut","TimberTech®, Landmark Azek, Building Materials, Model AGB15520AW, 1 in x 6 in x 20 ft, Composite PVC, American Walnut","Landmark Azek Building Materials, AGB15520AW","TimberTech®, Landmark Azek, Building Materials, Model AGB15520AW, 1 in x 6 in x 20 ft, Composite PVC, American Walnut",,,,,,,,,,,,,,,,,,,,,,,,,,Building Materials,Item Type,Building Materials,,Series,Landmark Azek,,Dimensions,1 in x 6 in x 20,ft,Material,Composite PVC,,Finish Color,American Walnut,,,,,,,,,,,,,,,,,,,,,,,,,,,,,,,,,,,,,,,,,,,,,,,,,,,,,,,,,,,,,,,,,,,,,,,,,,,,,,,,,,,,,,,,,,,,,,,,,,,,,,,,,,,,,,,,,,,,,,,,,,,,,,,,,,,,,,,,,,,,,,,,,,,,,,,,,,,,TIMBERTECH_AGB15520AW.jpg,,,,,,,,,TIMBERTECH_AGB15520AW_Specification_Sheet.pdf,,,,,,,,,,,,,,,,,,Yes
https://www.timbertech.com/product/AGB15512CG,,,,,,,Industrial Supplies,Equipment & Hardware,Building Materials,,AGB15512CG,1x6-12' Castle Gate Grooved - Landmark Azek PVC Decking,TIMBERTECH,,,Parksite (6151),The AZEK Company Inc,TimberTech®,Landmark Azek,AGB15512CG,,Building Materials,"TimberTech, Building Materials, Landmark Azek, AGB15512CG, 1 in x 6 in x 12 ft",BUILDING MATERIALS 1INX6INX12FT,"TimberTech® Landmark Azek AGB15512CG Building Materials 1 in x 6 in x 12 ft, Castle Gate","TimberTech®, Landmark Azek, Building Materials, Model AGB15512CG, 1 in x 6 in x 12 ft, Composite PVC, Castle Gate, Grooved","Landmark Azek Building Materials, AGB15512CG","TimberTech®, Landmark Azek, Building Materials, Model AGB15512CG, 1 in x 6 in x 12 ft, Composite PVC, Castle Gate, Grooved",,,,,,,,,,,,,,,,,,,,,,,,,,Building Materials,Item Type,Building Materials,,Series,Landmark Azek,,Dimensions,1 in x 6 in x 12,ft,Material,Composite PVC,,Finish Color,Castle Gate,,Edge Profile,Grooved,,,,,,,,,,,,,,,,,,,,,,,,,,,,,,,,,,,,,,,,,,,,,,,,,,,,,,,,,,,,,,,,,,,,,,,,,,,,,,,,,,,,,,,,,,,,,,,,,,,,,,,,,,,,,,,,,,,,,,,,,,,,,,,,,,,,,,,,,,,,,,,,,,,,,,,,,TIMBERTECH_AGB15512CG.jpg,,,,,,,,,TIMBERTECH_AGB15512CG_Specification_Sheet.pdf,,,,,,,,,,,,,,,,,,Yes
https://www.timbertech.com/product/AGB15516CG,,,,,,,Industrial Supplies,Equipment & Hardware,Building Materials,,AGB15516CG,1x6-16' Castle Gate Grooved - Landmark Azek PVC Decking,TIMBERTECH,,,Parksite (6151),The AZEK Company Inc,TimberTech®,Landmark Azek,AGB15516CG,,Building Materials,"TimberTech, Building Materials, Landmark Azek, AGB15516CG, 1 in x 6 in x 16 ft",BUILDING MATERIALS 1INX6INX16FT,"TimberTech® Landmark Azek AGB15516CG Building Materials 1 in x 6 in x 16 ft, Castle Gate","TimberTech®, Landmark Azek, Building Materials, Model AGB15516CG, 1 in x 6 in x 16 ft, Composite PVC, Castle Gate, Grooved","Landmark Azek Building Materials, AGB15516CG","TimberTech®, Landmark Azek, Building Materials, Model AGB15516CG, 1 in x 6 in x 16 ft, Composite PVC, Castle Gate, Grooved",,,,,,,,,,,,,,,,,,,,,,,,,,Building Materials,Item Type,Building Materials,,Series,Landmark Azek,,Dimensions,1 in x 6 in x 16,ft,Material,Composite PVC,,Finish Color,Castle Gate,,Edge Profile,Grooved,,,,,,,,,,,,,,,,,,,,,,,,,,,,,,,,,,,,,,,,,,,,,,,,,,,,,,,,,,,,,,,,,,,,,,,,,,,,,,,,,,,,,,,,,,,,,,,,,,,,,,,,,,,,,,,,,,,,,,,,,,,,,,,,,,,,,,,,,,,,,,,,,,,,,,,,,TIMBERTECH_AGB15516CG.jpg,,,,,,,,,TIMBERTECH_AGB15516CG_Specification_Sheet.pdf,,,,,,,,,,,,,,,,,,Yes
https://www.timbertech.com/product/AGB15520CG,,,,,,,Industrial Supplies,Equipment & Hardware,Building Materials,,AGB15520CG,1x6-20' Castle Gate Grooved - Landmark Azek PVC Decking,TIMBERTECH,,,Parksite (6151),The AZEK Company Inc,TimberTech®,Landmark Azek,AGB15520CG,,Building Materials,"TimberTech, Building Materials, Landmark Azek, AGB15520CG, 1 in x 6 in x 20 ft",BUILDING MATERIALS 1INX6INX20FT,"TimberTech® Landmark Azek AGB15520CG Building Materials 1 in x 6 in x 20 ft, Castle Gate","TimberTech®, Landmark Azek, Building Materials, Model AGB15520CG, 1 in x 6 in x 20 ft, Composite PVC, Castle Gate, Grooved","Landmark Azek Building Materials, AGB15520CG","TimberTech®, Landmark Azek, Building Materials, Model AGB15520CG, 1 in x 6 in x 20 ft, Composite PVC, Castle Gate, Grooved",,,,,,,,,,,,,,,,,,,,,,,,,,Building Materials,Item Type,Building Materials,,Series,Landmark Azek,,Dimensions,1 in x 6 in x 20,ft,Material,Composite PVC,,Finish Color,Castle Gate,,Edge Profile,Grooved,,,,,,,,,,,,,,,,,,,,,,,,,,,,,,,,,,,,,,,,,,,,,,,,,,,,,,,,,,,,,,,,,,,,,,,,,,,,,,,,,,,,,,,,,,,,,,,,,,,,,,,,,,,,,,,,,,,,,,,,,,,,,,,,,,,,,,,,,,,,,,,,,,,,,,,,,TIMBERTECH_AGB15520CG.jpg,,,,,,,,,TIMBERTECH_AGB15520CG_Specification_Sheet.pdf,,,,,,,,,,,,,,,,,,Yes
https://www.timbertech.com/product/AGB15512FW,,,,,,,Industrial Supplies,Equipment & Hardware,Building Materials,,AGB15512FW,1x6-12' French White Oak Groov - Landmark Azek PVC Decking,TIMBERTECH,,,Parksite (6151),The AZEK Company Inc,TimberTech®,Landmark Azek,AGB15512FW,,Building Materials,"TimberTech, Building Materials, Landmark Azek, AGB15512FW, 1 in x 6 in x 12 ft",BUILDING MATERIALS 1INX6INX12FT,"TimberTech® Landmark Azek AGB15512FW Building Materials 1 in x 6 in x 12 ft, White","TimberTech®, Landmark Azek, Building Materials, Model AGB15512FW, 1 in x 6 in x 12 ft, Composite PVC, White, Grooved","Landmark Azek Building Materials, AGB15512FW","TimberTech®, Landmark Azek, Building Materials, Model AGB15512FW, 1 in x 6 in x 12 ft, Composite PVC, White, Grooved",,,,,,,,,,,,,,,,,,,,,,,,,,Building Materials,Item Type,Building Materials,,Series,Landmark Azek,,Dimensions,1 in x 6 in x 12,ft,Material,Composite PVC,,Finish Color,White,,Edge Profile,Grooved,,,,,,,,,,,,,,,,,,,,,,,,,,,,,,,,,,,,,,,,,,,,,,,,,,,,,,,,,,,,,,,,,,,,,,,,,,,,,,,,,,,,,,,,,,,,,,,,,,,,,,,,,,,,,,,,,,,,,,,,,,,,,,,,,,,,,,,,,,,,,,,,,,,,,,,,,TIMBERTECH_AGB15512FW.jpg,,,,,,,,,TIMBERTECH_AGB15512FW_Specification_Sheet.pdf,,,,,,,,,,,,,,,,,,Yes
https://www.timbertech.com/product/AGB15516FW,,,,,,,Industrial Supplies,Equipment & Hardware,Building Materials,,AGB15516FW,1x6-16' French White Oak Groov - Landmark Azek PVC Decking,TIMBERTECH,,,Parksite (6151),The AZEK Company Inc,TimberTech®,Landmark Azek,AGB15516FW,,Building Materials,"TimberTech, Building Materials, Landmark Azek, AGB15516FW, 1 in x 6 in x 16 ft",BUILDING MATERIALS 1INX6INX16FT,"TimberTech® Landmark Azek AGB15516FW Building Materials 1 in x 6 in x 16 ft, White","TimberTech®, Landmark Azek, Building Materials, Model AGB15516FW, 1 in x 6 in x 16 ft, Composite PVC, White, Grooved","Landmark Azek Building Materials, AGB15516FW","TimberTech®, Landmark Azek, Building Materials, Model AGB15516FW, 1 in x 6 in x 16 ft, Composite PVC, White, Grooved",,,,,,,,,,,,,,,,,,,,,,,,,,Building Materials,Item Type,Building Materials,,Series,Landmark Azek,,Dimensions,1 in x 6 in x 16,ft,Material,Composite PVC,,Finish Color,White,,Edge Profile,Grooved,,,,,,,,,,,,,,,,,,,,,,,,,,,,,,,,,,,,,,,,,,,,,,,,,,,,,,,,,,,,,,,,,,,,,,,,,,,,,,,,,,,,,,,,,,,,,,,,,,,,,,,,,,,,,,,,,,,,,,,,,,,,,,,,,,,,,,,,,,,,,,,,,,,,,,,,,TIMBERTECH_AGB15516FW.jpg,,,,,,,,,TIMBERTECH_AGB15516FW_Specification_Sheet.pdf,,,,,,,,,,,,,,,,,,Yes
https://www.timbertech.com/product/AGB15520FW,,,,,,,Industrial Supplies,Equipment & Hardware,Building Materials,,AGB15520FW,1x6-20' French White Oak Groov - Landmark Azek PVC Decking,TIMBERTECH,,,Parksite (6151),The AZEK Company Inc,TimberTech®,Landmark Azek,AGB15520FW,,Building Materials,"TimberTech, Building Materials, Landmark Azek, AGB15520FW, 1 in x 6 in x 20 ft",BUILDING MATERIALS 1INX6INX20FT,"TimberTech® Landmark Azek AGB15520FW Building Materials 1 in x 6 in x 20 ft, White","TimberTech®, Landmark Azek, Building Materials, Model AGB15520FW, 1 in x 6 in x 20 ft, Composite PVC, White, Grooved","Landmark Azek Building Materials, AGB15520FW","TimberTech®, Landmark Azek, Building Materials, Model AGB15520FW, 1 in x 6 in x 20 ft, Composite PVC, White, Grooved",,,,,,,,,,,,,,,,,,,,,,,,,,Building Materials,Item Type,Building Materials,,Series,Landmark Azek,,Dimensions,1 in x 6 in x 20,ft,Material,Composite PVC,,Finish Color,White,,Edge Profile,Grooved,,,,,,,,,,,,,,,,,,,,,,,,,,,,,,,,,,,,,,,,,,,,,,,,,,,,,,,,,,,,,,,,,,,,,,,,,,,,,,,,,,,,,,,,,,,,,,,,,,,,,,,,,,,,,,,,,,,,,,,,,,,,,,,,,,,,,,,,,,,,,,,,,,,,,,,,,TIMBERTECH_AGB15520FW.jpg,,,,,,,,,TIMBERTECH_AGB15520FW_Specification_Sheet.pdf,,,,,,,,,,,,,,,,,,Yes
https://www.timbertech.com/product/ADCB15516BS,,,,,,,Industrial Supplies,Equipment & Hardware,Building Materials,,ADCB15516BS,1x6-16' Brownstone Sq Edge - Harvest Azek PVC Decking,TIMBERTECH,,,Parksite (6151),The AZEK Company Inc,TimberTech®,Harvest Azek,ADCB15516BS,,Building Materials,"TimberTech, Building Materials, Harvest Azek, ADCB15516BS, 1 in x 6 in x 16 ft",BUILDING MATERIALS 1INX6INX16FT,"TimberTech® Harvest Azek ADCB15516BS Building Materials 1 in x 6 in x 16 ft, Brownstone","TimberTech®, Harvest Azek, Building Materials, Model ADCB15516BS, 1 in x 6 in x 16 ft, Composite PVC, Brownstone, Square Edge","Harvest Azek Building Materials, ADCB15516BS","TimberTech®, Harvest Azek, Building Materials, Model ADCB15516BS, 1 in x 6 in x 16 ft, Composite PVC, Brownstone, Square Edge",,,,,,,,,,,,,,,,,,,,,,,,,,Building Materials,Item Type,Building Materials,,Series,Harvest Azek,,Dimensions,1 in x 6 in x 16,ft,Material,Composite PVC,,Finish Color,Brownstone,,Edge Profile,Square Edge,,,,,,,,,,,,,,,,,,,,,,,,,,,,,,,,,,,,,,,,,,,,,,,,,,,,,,,,,,,,,,,,,,,,,,,,,,,,,,,,,,,,,,,,,,,,,,,,,,,,,,,,,,,,,,,,,,,,,,,,,,,,,,,,,,,,,,,,,,,,,,,,,,,,,,,,,TIMBERTECH_ADCB15516BS.jpg,,,,,,,,,TIMBERTECH_ADCB15516BS_Specification_Sheet.pdf,,,,,,,,,,,,,,,,,,Yes
https://www.timbertech.com/product/ADCB15520BS,,,,,,,Industrial Supplies,Equipment & Hardware,Building Materials,,ADCB15520BS,1x6-20' Brownstone Sq Edge - Harvest Azek PVC Decking,TIMBERTECH,,,Parksite (6151),The AZEK Company Inc,TimberTech®,Harvest Azek,ADCB15520BS,,Building Materials,"TimberTech, Building Materials, Harvest Azek, ADCB15520BS, 1 in x 6 in x 20 ft",BUILDING MATERIALS 1INX6INX20FT,"TimberTech® Harvest Azek ADCB15520BS Building Materials 1 in x 6 in x 20 ft, Brownstone","TimberTech®, Harvest Azek, Building Materials, Model ADCB15520BS, 1 in x 6 in x 20 ft, Composite PVC, Brownstone, Square Edge","Harvest Azek Building Materials, ADCB15520BS","TimberTech®, Harvest Azek, Building Materials, Model ADCB15520BS, 1 in x 6 in x 20 ft, Composite PVC, Brownstone, Square Edge",,,,,,,,,,,,,,,,,,,,,,,,,,Building Materials,Item Type,Building Materials,,Series,Harvest Azek,,Dimensions,1 in x 6 in x 20,ft,Material,Composite PVC,,Finish Color,Brownstone,,Edge Profile,Square Edge,,,,,,,,,,,,,,,,,,,,,,,,,,,,,,,,,,,,,,,,,,,,,,,,,,,,,,,,,,,,,,,,,,,,,,,,,,,,,,,,,,,,,,,,,,,,,,,,,,,,,,,,,,,,,,,,,,,,,,,,,,,,,,,,,,,,,,,,,,,,,,,,,,,,,,,,,TIMBERTECH_ADCB15520BS.jpg,,,,,,,,,TIMBERTECH_ADCB15520BS_Specification_Sheet.pdf,,,,,,,,,,,,,,,,,,Yes
https://www.timbertech.com/product/ADCB15516SG,,,,,,,Industrial Supplies,Equipment & Hardware,Building Materials,,ADCB15516SG,1x6-16' Slate Gray Sq Edge - Harvest Azek PVC Decking,TIMBERTECH,,,Parksite (6151),The AZEK Company Inc,TimberTech®,Harvest Azek,ADCB15516SG,,Building Materials,"TimberTech, Building Materials, Harvest Azek, ADCB15516SG, 1 in x 6 in x 16 ft",BUILDING MATERIALS 1INX6INX16FT,"TimberTech® Harvest Azek ADCB15516SG Building Materials 1 in x 6 in x 16 ft, Slate Gray","TimberTech®, Harvest Azek, Building Materials, Model ADCB15516SG, 1 in x 6 in x 16 ft, Composite PVC, Slate Gray, Square Edge","Harvest Azek Building Materials, ADCB15516SG","TimberTech®, Harvest Azek, Building Materials, Model ADCB15516SG, 1 in x 6 in x 16 ft, Composite PVC, Slate Gray, Square Edge",,,,,,,,,,,,,,,,,,,,,,,,,,Building Materials,Item Type,Building Materials,,Series,Harvest Azek,,Dimensions,1 in x 6 in x 16,ft,Material,Composite PVC,,Finish Color,Slate Gray,,Edge Profile,Square Edge,,,,,,,,,,,,,,,,,,,,,,,,,,,,,,,,,,,,,,,,,,,,,,,,,,,,,,,,,,,,,,,,,,,,,,,,,,,,,,,,,,,,,,,,,,,,,,,,,,,,,,,,,,,,,,,,,,,,,,,,,,,,,,,,,,,,,,,,,,,,,,,,,,,,,,,,,TIMBERTECH_ADCB15516SG.jpg,,,,,,,,,TIMBERTECH_ADCB15516SG_Specification_Sheet.pdf,,,,,,,,,,,,,,,,,,Yes
https://www.timbertech.com/product/ADCB15520SG,,,,,,,Industrial Supplies,Equipment & Hardware,Building Materials,,ADCB15520SG,1x6-20' Slate Gray Sq Edge - Harvest Azek PVC Decking,TIMBERTECH,,,Parksite (6151),The AZEK Company Inc,TimberTech®,Harvest Azek,ADCB15520SG,,Building Materials,"TimberTech, Building Materials, Harvest Azek, ADCB15520SG, 1 in x 6 in x 20 ft",BUILDING MATERIALS 1INX6INX20FT,"TimberTech® Harvest Azek ADCB15520SG Building Materials 1 in x 6 in x 20 ft, Slate Gray","TimberTech®, Harvest Azek, Building Materials, Model ADCB15520SG, 1 in x 6 in x 20 ft, Composite PVC, Slate Gray, Square Edge","Harvest Azek Building Materials, ADCB15520SG","TimberTech®, Harvest Azek, Building Materials, Model ADCB15520SG, 1 in x 6 in x 20 ft, Composite PVC, Slate Gray, Square Edge",,,,,,,,,,,,,,,,,,,,,,,,,,Building Materials,Item Type,Building Materials,,Series,Harvest Azek,,Dimensions,1 in x 6 in x 20,ft,Material,Composite PVC,,Finish Color,Slate Gray,,Edge Profile,Square Edge,,,,,,,,,,,,,,,,,,,,,,,,,,,,,,,,,,,,,,,,,,,,,,,,,,,,,,,,,,,,,,,,,,,,,,,,,,,,,,,,,,,,,,,,,,,,,,,,,,,,,,,,,,,,,,,,,,,,,,,,,,,,,,,,,,,,,,,,,,,,,,,,,,,,,,,,,TIMBERTECH_ADCB15520SG.jpg,,,,,,,,,TIMBERTECH_ADCB15520SG_Specification_Sheet.pdf,,,,,,,,,,,,,,,,,,Yes
https://www.timbertech.com/product/AGB15512BS,,,,,,,Industrial Supplies,Equipment & Hardware,Building Materials,,AGB15512BS,1x6-12' Brownstone Grooved - Harvest Azek PVC Decking,TIMBERTECH,,,Parksite (6151),The AZEK Company Inc,TimberTech®,Harvest Azek,AGB15512BS,,Building Materials,"TimberTech, Building Materials, Harvest Azek, AGB15512BS, 1 in x 6 in x 12 ft",BUILDING MATERIALS 1INX6INX12FT,"TimberTech® Harvest Azek AGB15512BS Building Materials 1 in x 6 in x 12 ft, Brownstone","TimberTech®, Harvest Azek, Building Materials, Model AGB15512BS, 1 in x 6 in x 12 ft, Composite PVC, Brownstone, Grooved","Harvest Azek Building Materials, AGB15512BS","TimberTech®, Harvest Azek, Building Materials, Model AGB15512BS, 1 in x 6 in x 12 ft, Composite PVC, Brownstone, Grooved",,,,,,,,,,,,,,,,,,,,,,,,,,Building Materials,Item Type,Building Materials,,Series,Harvest Azek,,Dimensions,1 in x 6 in x 12,ft,Material,Composite PVC,,Finish Color,Brownstone,,Edge Profile,Grooved,,,,,,,,,,,,,,,,,,,,,,,,,,,,,,,,,,,,,,,,,,,,,,,,,,,,,,,,,,,,,,,,,,,,,,,,,,,,,,,,,,,,,,,,,,,,,,,,,,,,,,,,,,,,,,,,,,,,,,,,,,,,,,,,,,,,,,,,,,,,,,,,,,,,,,,,,TIMBERTECH_AGB15512BS.jpg,,,,,,,,,TIMBERTECH_AGB15512BS_Specification_Sheet.pdf,,,,,,,,,,,,,,,,,,Yes
https://www.timbertech.com/product/AGB15516BS,,,,,,,Industrial Supplies,Equipment & Hardware,Building Materials,,AGB15516BS,1x6-16' Brownstone Grooved - Harvest Azek PVC Decking,TIMBERTECH,,,Parksite (6151),The AZEK Company Inc,TimberTech®,Harvest Azek,AGB15516BS,,Building Materials,"TimberTech, Building Materials, Harvest Azek, AGB15516BS, 1 in x 6 in x 16 ft",BUILDING MATERIALS 1INX6INX16FT,"TimberTech® Harvest Azek AGB15516BS Building Materials 1 in x 6 in x 16 ft, Brownstone","TimberTech®, Harvest Azek, Building Materials, Model AGB15516BS, 1 in x 6 in x 16 ft, Composite PVC, Brownstone, Grooved","Harvest Azek Building Materials, AGB15516BS","TimberTech®, Harvest Azek, Building Materials, Model AGB15516BS, 1 in x 6 in x 16 ft, Composite PVC, Brownstone, Grooved",,,,,,,,,,,,,,,,,,,,,,,,,,Building Materials,Item Type,Building Materials,,Series,Harvest Azek,,Dimensions,1 in x 6 in x 16,ft,Material,Composite PVC,,Finish Color,Brownstone,,Edge Profile,Grooved,,,,,,,,,,,,,,,,,,,,,,,,,,,,,,,,,,,,,,,,,,,,,,,,,,,,,,,,,,,,,,,,,,,,,,,,,,,,,,,,,,,,,,,,,,,,,,,,,,,,,,,,,,,,,,,,,,,,,,,,,,,,,,,,,,,,,,,,,,,,,,,,,,,,,,,,,TIMBERTECH_AGB15516BS.jpg,,,,,,,,,TIMBERTECH_AGB15516BS_Specification_Sheet.pdf,,,,,,,,,,,,,,,,,,Yes
https://www.timbertech.com/product/AGB15520BS,,,,,,,Industrial Supplies,Equipment & Hardware,Building Materials,,AGB15520BS,1x6-20' Brownstone Grooved - Harvest Azek PVC Decking,TIMBERTECH,,,Parksite (6151),The AZEK Company Inc,TimberTech®,Harvest Azek,AGB15520BS,,Building Materials,"TimberTech, Building Materials, Harvest Azek, AGB15520BS, 1 in x 6 in x 20 ft",BUILDING MATERIALS 1INX6INX20FT,"TimberTech® Harvest Azek AGB15520BS Building Materials 1 in x 6 in x 20 ft, Brownstone","TimberTech®, Harvest Azek, Building Materials, Model AGB15520BS, 1 in x 6 in x 20 ft, Composite PVC, Brownstone, Grooved","Harvest Azek Building Materials, AGB15520BS","TimberTech®, Harvest Azek, Building Materials, Model AGB15520BS, 1 in x 6 in x 20 ft, Composite PVC, Brownstone, Grooved",,,,,,,,,,,,,,,,,,,,,,,,,,Building Materials,Item Type,Building Materials,,Series,Harvest Azek,,Dimensions,1 in x 6 in x 20,ft,Material,Composite PVC,,Finish Color,Brownstone,,Edge Profile,Grooved,,,,,,,,,,,,,,,,,,,,,,,,,,,,,,,,,,,,,,,,,,,,,,,,,,,,,,,,,,,,,,,,,,,,,,,,,,,,,,,,,,,,,,,,,,,,,,,,,,,,,,,,,,,,,,,,,,,,,,,,,,,,,,,,,,,,,,,,,,,,,,,,,,,,,,,,,TIMBERTECH_AGB15520BS.jpg,,,,,,,,,TIMBERTECH_AGB15520BS_Specification_Sheet.pdf,,,,,,,,,,,,,,,,,,Yes
https://www.timbertech.com/product/AGB15512SG,,,,,,,Industrial Supplies,Equipment & Hardware,Building Materials,,AGB15512SG,1x6-12' Slate Gray Grooved - Harvest Azek PVC Decking,TIMBERTECH,,,Parksite (6151),The AZEK Company Inc,TimberTech®,Harvest Azek,AGB15512SG,,Building Materials,"TimberTech, Building Materials, Harvest Azek, AGB15512SG, 1 in x 6 in x 12 ft",BUILDING MATERIALS 1INX6INX12FT,"TimberTech® Harvest Azek AGB15512SG Building Materials 1 in x 6 in x 12 ft, Slate Gray","TimberTech®, Harvest Azek, Building Materials, Model AGB15512SG, 1 in x 6 in x 12 ft, Composite PVC, Slate Gray, Grooved","Harvest Azek Building Materials, AGB15512SG","TimberTech®, Harvest Azek, Building Materials, Model AGB15512SG, 1 in x 6 in x 12 ft, Composite PVC, Slate Gray, Grooved",,,,,,,,,,,,,,,,,,,,,,,,,,Building Materials,Item Type,Building Materials,,Series,Harvest Azek,,Dimensions,1 in x 6 in x 12,ft,Material,Composite PVC,,Finish Color,Slate Gray,,Edge Profile,Grooved,,,,,,,,,,,,,,,,,,,,,,,,,,,,,,,,,,,,,,,,,,,,,,,,,,,,,,,,,,,,,,,,,,,,,,,,,,,,,,,,,,,,,,,,,,,,,,,,,,,,,,,,,,,,,,,,,,,,,,,,,,,,,,,,,,,,,,,,,,,,,,,,,,,,,,,,,TIMBERTECH_AGB15512SG.jpg,,,,,,,,,TIMBERTECH_AGB15512SG_Specification_Sheet.pdf,,,,,,,,,,,,,,,,,,Yes
https://www.timbertech.com/product/AGB15516SG,,,,,,,Industrial Supplies,Equipment & Hardware,Building Materials,,AGB15516SG,1x6-16' Slate Gray Grooved - Harvest Azek PVC Decking,TIMBERTECH,,,Parksite (6151),The AZEK Company Inc,TimberTech®,Harvest Azek,AGB15516SG,,Building Materials,"TimberTech, Building Materials, Harvest Azek, AGB15516SG, 1 in x 6 in x 16 ft",BUILDING MATERIALS 1INX6INX16FT,"TimberTech® Harvest Azek AGB15516SG Building Materials 1 in x 6 in x 16 ft, Slate Gray","TimberTech®, Harvest Azek, Building Materials, Model AGB15516SG, 1 in x 6 in x 16 ft, Composite PVC, Slate Gray, Grooved","Harvest Azek Building Materials, AGB15516SG","TimberTech®, Harvest Azek, Building Materials, Model AGB15516SG, 1 in x 6 in x 16 ft, Composite PVC, Slate Gray, Grooved",,,,,,,,,,,,,,,,,,,,,,,,,,Building Materials,Item Type,Building Materials,,Series,Harvest Azek,,Dimensions,1 in x 6 in x 16,ft,Material,Composite PVC,,Finish Color,Slate Gray,,Edge Profile,Grooved,,,,,,,,,,,,,,,,,,,,,,,,,,,,,,,,,,,,,,,,,,,,,,,,,,,,,,,,,,,,,,,,,,,,,,,,,,,,,,,,,,,,,,,,,,,,,,,,,,,,,,,,,,,,,,,,,,,,,,,,,,,,,,,,,,,,,,,,,,,,,,,,,,,,,,,,,TIMBERTECH_AGB15516SG.jpg,,,,,,,,,TIMBERTECH_AGB15516SG_Specification_Sheet.pdf,,,,,,,,,,,,,,,,,,Yes
https://www.timbertech.com/product/AGB15520SG,,,,,,,Industrial Supplies,Equipment & Hardware,Building Materials,,AGB15520SG,1x6-20' Slate Gray Grooved - Harvest Azek PVC Decking,TIMBERTECH,,,Parksite (6151),The AZEK Company Inc,TimberTech®,Harvest Azek,AGB15520SG,,Building Materials,"TimberTech, Building Materials, Harvest Azek, AGB15520SG, 1 in x 6 in x 20 ft",BUILDING MATERIALS 1INX6INX20FT,"TimberTech® Harvest Azek AGB15520SG Building Materials 1 in x 6 in x 20 ft, Slate Gray","TimberTech®, Harvest Azek, Building Materials, Model AGB15520SG, 1 in x 6 in x 20 ft, Composite PVC, Slate Gray, Grooved","Harvest Azek Building Materials, AGB15520SG","TimberTech®, Harvest Azek, Building Materials, Model AGB15520SG, 1 in x 6 in x 20 ft, Composite PVC, Slate Gray, Grooved",,,,,,,,,,,,,,,,,,,,,,,,,,Building Materials,Item Type,Building Materials,,Series,Harvest Azek,,Dimensions,1 in x 6 in x 20,ft,Material,Composite PVC,,Finish Color,Slate Gray,,Edge Profile,Grooved,,,,,,,,,,,,,,,,,,,,,,,,,,,,,,,,,,,,,,,,,,,,,,,,,,,,,,,,,,,,,,,,,,,,,,,,,,,,,,,,,,,,,,,,,,,,,,,,,,,,,,,,,,,,,,,,,,,,,,,,,,,,,,,,,,,,,,,,,,,,,,,,,,,,,,,,,TIMBERTECH_AGB15520SG.jpg,,,,,,,,,TIMBERTECH_AGB15520SG_Specification_Sheet.pdf,,,,,,,,,,,,,,,,,,Yes
https://www.trex.com/product/543140016,,,,,,,Industrial Supplies,Equipment & Hardware,Building Materials,,543140016,1nx6-16' Biscayne Sq Edge - Trex Transcend Lineage Decking,TREX,,,U S Lumber (3073),Trex Company Inc,Trex®,Transcend Lineage,543140016,,Building Materials,"Trex, Building Materials, Transcend Lineage, 543140016, 1 in x 6 in x 16 ft",BUILDING MATERIALS 1INX6INX16FT,"Trex® Transcend Lineage 543140016 Building Materials 1 in x 6 in x 16 ft, Biscayne","Trex®, Transcend Lineage, Building Materials, Model 543140016, 1 in x 6 in x 16 ft, Biscayne, Square Edge","Transcend Lineage Building Materials, 543140016","Trex®, Transcend Lineage, Building Materials, Model 543140016, 1 in x 6 in x 16 ft, Biscayne, Square Edge",,,,,,,,,,,,,,,,,,,,,,,,,,Building Materials,Item Type,Building Materials,,Series,Transcend Lineage,,Dimensions,1 in x 6 in x 16,ft,Finish Color,Biscayne,,Edge Profile,Square Edge,,,,,,,,,,,,,,,,,,,,,,,,,,,,,,,,,,,,,,,,,,,,,,,,,,,,,,,,,,,,,,,,,,,,,,,,,,,,,,,,,,,,,,,,,,,,,,,,,,,,,,,,,,,,,,,,,,,,,,,,,,,,,,,,,,,,,,,,,,,,,,,,,,,,,,,,,,,,TREX_543140016.jpg,,,,,,,,,TREX_543140016_Specification_Sheet.pdf,,,,,,,,,,,,,,,,,,Yes
https://www.trex.com/product/543140020,,,,,,,Industrial Supplies,Equipment & Hardware,Building Materials,,543140020,1nx6-20' Biscayne Sq Edge - Trex Transcend Lineage Decking,TREX,,,U S Lumber (3073),Trex Company Inc,Trex®,Transcend Lineage,543140020,,Building Materials,"Trex, Building Materials, Transcend Lineage, 543140020, 1 in x 6 in x 20 ft",BUILDING MATERIALS 1INX6INX20FT,"Trex® Transcend Lineage 543140020 Building Materials 1 in x 6 in x 20 ft, Biscayne","Trex®, Transcend Lineage, Building Materials, Model 543140020, 1 in x 6 in x 20 ft, Biscayne, Square Edge","Transcend Lineage Building Materials, 543140020","Trex®, Transcend Lineage, Building Materials, Model 543140020, 1 in x 6 in x 20 ft, Biscayne, Square Edge",,,,,,,,,,,,,,,,,,,,,,,,,,Building Materials,Item Type,Building Materials,,Series,Transcend Lineage,,Dimensions,1 in x 6 in x 20,ft,Finish Color,Biscayne,,Edge Profile,Square Edge,,,,,,,,,,,,,,,,,,,,,,,,,,,,,,,,,,,,,,,,,,,,,,,,,,,,,,,,,,,,,,,,,,,,,,,,,,,,,,,,,,,,,,,,,,,,,,,,,,,,,,,,,,,,,,,,,,,,,,,,,,,,,,,,,,,,,,,,,,,,,,,,,,,,,,,,,,,,TREX_543140020.jpg,,,,,,,,,TREX_543140020_Specification_Sheet.pdf,,,,,,,,,,,,,,,,,,Yes
https://www.trex.com/product/543142016,,,,,,,Industrial Supplies,Equipment & Hardware,Building Materials,,543142016,1nx6-16' Carmel Sq Edge - Trex Transcend Lineage Decking,TREX,,,U S Lumber (3073),Trex Company Inc,Trex®,Transcend Lineage,543142016,,Building Materials,"Trex, Building Materials, Transcend Lineage, 543142016, 1 in x 6 in x 16 ft",BUILDING MATERIALS 1INX6INX16FT,"Trex® Transcend Lineage 543142016 Building Materials 1 in x 6 in x 16 ft, Carmel","Trex®, Transcend Lineage, Building Materials, Model 543142016, 1 in x 6 in x 16 ft, Carmel, Square Edge","Transcend Lineage Building Materials, 543142016","Trex®, Transcend Lineage, Building Materials, Model 543142016, 1 in x 6 in x 16 ft, Carmel, Square Edge",,,,,,,,,,,,,,,,,,,,,,,,,,Building Materials,Item Type,Building Materials,,Series,Transcend Lineage,,Dimensions,1 in x 6 in x 16,ft,Finish Color,Carmel,,Edge Profile,Square Edge,,,,,,,,,,,,,,,,,,,,,,,,,,,,,,,,,,,,,,,,,,,,,,,,,,,,,,,,,,,,,,,,,,,,,,,,,,,,,,,,,,,,,,,,,,,,,,,,,,,,,,,,,,,,,,,,,,,,,,,,,,,,,,,,,,,,,,,,,,,,,,,,,,,,,,,,,,,,TREX_543142016.jpg,,,,,,,,,TREX_543142016_Specification_Sheet.pdf,,,,,,,,,,,,,,,,,,Yes
https://www.trex.com/product/543142020,,,,,,,Industrial Supplies,Equipment & Hardware,Building Materials,,543142020,1nx6-20' Carmel Sq Edge - Trex Transcend Lineage Decking,TREX,,,U S Lumber (3073),Trex Company Inc,Trex®,Transcend Lineage,543142020,,Building Materials,"Trex, Building Materials, Transcend Lineage, 543142020, 1 in x 6 in x 20 ft",BUILDING MATERIALS 1INX6INX20FT,"Trex® Transcend Lineage 543142020 Building Materials 1 in x 6 in x 20 ft, Carmel","Trex®, Transcend Lineage, Building Materials, Model 543142020, 1 in x 6 in x 20 ft, Carmel, Square Edge","Transcend Lineage Building Materials, 543142020","Trex®, Transcend Lineage, Building Materials, Model 543142020, 1 in x 6 in x 20 ft, Carmel, Square Edge",,,,,,,,,,,,,,,,,,,,,,,,,,Building Materials,Item Type,Building Materials,,Series,Transcend Lineage,,Dimensions,1 in x 6 in x 20,ft,Finish Color,Carmel,,Edge Profile,Square Edge,,,,,,,,,,,,,,,,,,,,,,,,,,,,,,,,,,,,,,,,,,,,,,,,,,,,,,,,,,,,,,,,,,,,,,,,,,,,,,,,,,,,,,,,,,,,,,,,,,,,,,,,,,,,,,,,,,,,,,,,,,,,,,,,,,,,,,,,,,,,,,,,,,,,,,,,,,,,TREX_543142020.jpg,,,,,,,,,TREX_543142020_Specification_Sheet.pdf,,,,,,,,,,,,,,,,,,Yes
https://www.trex.com/product/543144016,,,,,,,Industrial Supplies,Equipment & Hardware,Building Materials,,543144016,1nx6-16' Island Mist Sq Edge - Trex Transcend Lineage Decking,TREX,,,U S Lumber (3073),Trex Company Inc,Trex®,Transcend Lineage,543144016,,Building Materials,"Trex, Building Materials, Transcend Lineage, 543144016, 1 in x 6 in x 16 ft",BUILDING MATERIALS 1INX6INX16FT,Trex® Transcend Lineage 543144016 Building Materials 1 in x 6 in x 16 ft,"Trex®, Transcend Lineage, Building Materials, Model 543144016, 1 in x 6 in x 16 ft, Square Edge","Transcend Lineage Building Materials, 543144016","Trex®, Transcend Lineage, Building Materials, Model 543144016, 1 in x 6 in x 16 ft, Square Edge",,,,,,,,,,,,,,,,,,,,,,,,,,Building Materials,Item Type,Building Materials,,Series,Transcend Lineage,,Dimensions,1 in x 6 in x 16,ft,Edge Profile,Square Edge,,,,,,,,,,,,,,,,,,,,,,,,,,,,,,,,,,,,,,,,,,,,,,,,,,,,,,,,,,,,,,,,,,,,,,,,,,,,,,,,,,,,,,,,,,,,,,,,,,,,,,,,,,,,,,,,,,,,,,,,,,,,,,,,,,,,,,,,,,,,,,,,,,,,,,,,,,,,,,,TREX_543144016.jpg,,,,,,,,,TREX_543144016_Specification_Sheet.pdf,,,,,,,,,,,,,,,,,,Yes
https://www.trex.com/product/543144020,,,,,,,Industrial Supplies,Equipment & Hardware,Building Materials,,543144020,1nx6-20' Island Mist Sq Edge - Trex Transcend Lineage Decking,TREX,,,U S Lumber (3073),Trex Company Inc,Trex®,Transcend Lineage,543144020,,Building Materials,"Trex, Building Materials, Transcend Lineage, 543144020, 1 in x 6 in x 20 ft",BUILDING MATERIALS 1INX6INX20FT,Trex® Transcend Lineage 543144020 Building Materials 1 in x 6 in x 20 ft,"Trex®, Transcend Lineage, Building Materials, Model 543144020, 1 in x 6 in x 20 ft, Square Edge","Transcend Lineage Building Materials, 543144020","Trex®, Transcend Lineage, Building Materials, Model 543144020, 1 in x 6 in x 20 ft, Square Edge",,,,,,,,,,,,,,,,,,,,,,,,,,Building Materials,Item Type,Building Materials,,Series,Transcend Lineage,,Dimensions,1 in x 6 in x 20,ft,Edge Profile,Square Edge,,,,,,,,,,,,,,,,,,,,,,,,,,,,,,,,,,,,,,,,,,,,,,,,,,,,,,,,,,,,,,,,,,,,,,,,,,,,,,,,,,,,,,,,,,,,,,,,,,,,,,,,,,,,,,,,,,,,,,,,,,,,,,,,,,,,,,,,,,,,,,,,,,,,,,,,,,,,,,,TREX_543144020.jpg,,,,,,,,,TREX_543144020_Specification_Sheet.pdf,,,,,,,,,,,,,,,,,,Yes
https://www.trex.com/product/543143016,,,,,,,Industrial Supplies,Equipment & Hardware,Building Materials,,543143016,1nx6-16' Jasper Sq Edge - Trex Transcend Lineage Decking,TREX,,,U S Lumber (3073),Trex Company Inc,Trex®,Transcend Lineage,543143016,,Building Materials,"Trex, Building Materials, Transcend Lineage, 543143016, 1 in x 6 in x 16 ft",BUILDING MATERIALS 1INX6INX16FT,"Trex® Transcend Lineage 543143016 Building Materials 1 in x 6 in x 16 ft, Jasper","Trex®, Transcend Lineage, Building Materials, Model 543143016, 1 in x 6 in x 16 ft, Jasper, Square Edge","Transcend Lineage Building Materials, 543143016","Trex®, Transcend Lineage, Building Materials, Model 543143016, 1 in x 6 in x 16 ft, Jasper, Square Edge",,,,,,,,,,,,,,,,,,,,,,,,,,Building Materials,Item Type,Building Materials,,Series,Transcend Lineage,,Dimensions,1 in x 6 in x 16,ft,Finish Color,Jasper,,Edge Profile,Square Edge,,,,,,,,,,,,,,,,,,,,,,,,,,,,,,,,,,,,,,,,,,,,,,,,,,,,,,,,,,,,,,,,,,,,,,,,,,,,,,,,,,,,,,,,,,,,,,,,,,,,,,,,,,,,,,,,,,,,,,,,,,,,,,,,,,,,,,,,,,,,,,,,,,,,,,,,,,,,TREX_543143016.jpg,,,,,,,,,TREX_543143016_Specification_Sheet.pdf,,,,,,,,,,,,,,,,,,Yes
https://www.trex.com/product/543143020,,,,,,,Industrial Supplies,Equipment & Hardware,Building Materials,,543143020,1nx6-20' Jasper Sq Edge - Trex Transcend Lineage Decking,TREX,,,U S Lumber (3073),Trex Company Inc,Trex®,Transcend Lineage,543143020,,Building Materials,"Trex, Building Materials, Transcend Lineage, 543143020, 1 in x 6 in x 20 ft",BUILDING MATERIALS 1INX6INX20FT,"Trex® Transcend Lineage 543143020 Building Materials 1 in x 6 in x 20 ft, Jasper","Trex®, Transcend Lineage, Building Materials, Model 543143020, 1 in x 6 in x 20 ft, Jasper, Square Edge","Transcend Lineage Building Materials, 543143020","Trex®, Transcend Lineage, Building Materials, Model 543143020, 1 in x 6 in x 20 ft, Jasper, Square Edge",,,,,,,,,,,,,,,,,,,,,,,,,,Building Materials,Item Type,Building Materials,,Series,Transcend Lineage,,Dimensions,1 in x 6 in x 20,ft,Finish Color,Jasper,,Edge Profile,Square Edge,,,,,,,,,,,,,,,,,,,,,,,,,,,,,,,,,,,,,,,,,,,,,,,,,,,,,,,,,,,,,,,,,,,,,,,,,,,,,,,,,,,,,,,,,,,,,,,,,,,,,,,,,,,,,,,,,,,,,,,,,,,,,,,,,,,,,,,,,,,,,,,,,,,,,,,,,,,,TREX_543143020.jpg,,,,,,,,,TREX_543143020_Specification_Sheet.pdf,,,,,,,,,,,,,,,,,,Yes
https://www.trex.com/product/543141016,,,,,,,Industrial Supplies,Equipment & Hardware,Building Materials,,543141016,1nx6-16' Rainier Sq Edge - Trex Transcend Lineage Decking,TREX,,,U S Lumber (3073),Trex Company Inc,Trex®,Transcend Lineage,543141016,,Building Materials,"Trex, Building Materials, Transcend Lineage, 543141016, 1 in x 6 in x 16 ft",BUILDING MATERIALS 1INX6INX16FT,"Trex® Transcend Lineage 543141016 Building Materials 1 in x 6 in x 16 ft, Rainier","Trex®, Transcend Lineage, Building Materials, Model 543141016, 1 in x 6 in x 16 ft, Rainier, Square Edge","Transcend Lineage Building Materials, 543141016","Trex®, Transcend Lineage, Building Materials, Model 543141016, 1 in x 6 in x 16 ft, Rainier, Square Edge",,,,,,,,,,,,,,,,,,,,,,,,,,Building Materials,Item Type,Building Materials,,Series,Transcend Lineage,,Dimensions,1 in x 6 in x 16,ft,Finish Color,Rainier,,Edge Profile,Square Edge,,,,,,,,,,,,,,,,,,,,,,,,,,,,,,,,,,,,,,,,,,,,,,,,,,,,,,,,,,,,,,,,,,,,,,,,,,,,,,,,,,,,,,,,,,,,,,,,,,,,,,,,,,,,,,,,,,,,,,,,,,,,,,,,,,,,,,,,,,,,,,,,,,,,,,,,,,,,TREX_543141016.jpg,,,,,,,,,TREX_543141016_Specification_Sheet.pdf,,,,,,,,,,,,,,,,,,Yes
https://www.trex.com/product/543141020,,,,,,,Industrial Supplies,Equipment & Hardware,Building Materials,,543141020,1nx6-20' Rainier Sq Edge - Trex Transcend Lineage Decking,TREX,,,U S Lumber (3073),Trex Company Inc,Trex®,Transcend Lineage,543141020,,Building Materials,"Trex, Building Materials, Transcend Lineage, 543141020, 1 in x 6 in x 20 ft",BUILDING MATERIALS 1INX6INX20FT,"Trex® Transcend Lineage 543141020 Building Materials 1 in x 6 in x 20 ft, Rainier","Trex®, Transcend Lineage, Building Materials, Model 543141020, 1 in x 6 in x 20 ft, Rainier, Square Edge","Transcend Lineage Building Materials, 543141020","Trex®, Transcend Lineage, Building Materials, Model 543141020, 1 in x 6 in x 20 ft, Rainier, Square Edge",,,,,,,,,,,,,,,,,,,,,,,,,,Building Materials,Item Type,Building Materials,,Series,Transcend Lineage,,Dimensions,1 in x 6 in x 20,ft,Finish Color,Rainier,,Edge Profile,Square Edge,,,,,,,,,,,,,,,,,,,,,,,,,,,,,,,,,,,,,,,,,,,,,,,,,,,,,,,,,,,,,,,,,,,,,,,,,,,,,,,,,,,,,,,,,,,,,,,,,,,,,,,,,,,,,,,,,,,,,,,,,,,,,,,,,,,,,,,,,,,,,,,,,,,,,,,,,,,,TREX_543141020.jpg,,,,,,,,,TREX_543141020_Specification_Sheet.pdf,,,,,,,,,,,,,,,,,,Yes
https://www.trex.com/product/543140412,,,,,,,Industrial Supplies,Equipment & Hardware,Building Materials,,543140412,1nx6-12' Biscayne Grooved - Trex Transcend Lineage Decking,TREX,,,U S Lumber (3073),Trex Company Inc,Trex®,Transcend Lineage,543140412,,Building Materials,"Trex, Building Materials, Transcend Lineage, 543140412, 1 in x 6 in x 12 ft",BUILDING MATERIALS 1INX6INX12FT,"Trex® Transcend Lineage 543140412 Building Materials 1 in x 6 in x 12 ft, Biscayne","Trex®, Transcend Lineage, Building Materials, Model 543140412, 1 in x 6 in x 12 ft, Biscayne, Grooved","Transcend Lineage Building Materials, 543140412","Trex®, Transcend Lineage, Building Materials, Model 543140412, 1 in x 6 in x 12 ft, Biscayne, Grooved",,,,,,,,,,,,,,,,,,,,,,,,,,Building Materials,Item Type,Building Materials,,Series,Transcend Lineage,,Dimensions,1 in x 6 in x 12,ft,Finish Color,Biscayne,,Edge Profile,Grooved,,,,,,,,,,,,,,,,,,,,,,,,,,,,,,,,,,,,,,,,,,,,,,,,,,,,,,,,,,,,,,,,,,,,,,,,,,,,,,,,,,,,,,,,,,,,,,,,,,,,,,,,,,,,,,,,,,,,,,,,,,,,,,,,,,,,,,,,,,,,,,,,,,,,,,,,,,,,TREX_543140412.jpg,,,,,,,,,TREX_543140412_Specification_Sheet.pdf,,,,,,,,,,,,,,,,,,Yes
https://www.trex.com/product/543140416,,,,,,,Industrial Supplies,Equipment & Hardware,Building Materials,,543140416,1nx6-16' Biscayne Grooved - Trex Transcend Lineage Decking,TREX,,,U S Lumber (3073),Trex Company Inc,Trex®,Transcend Lineage,543140416,,Building Materials,"Trex, Building Materials, Transcend Lineage, 543140416, 1 in x 6 in x 16 ft",BUILDING MATERIALS 1INX6INX16FT,"Trex® Transcend Lineage 543140416 Building Materials 1 in x 6 in x 16 ft, Biscayne","Trex®, Transcend Lineage, Building Materials, Model 543140416, 1 in x 6 in x 16 ft, Biscayne, Grooved","Transcend Lineage Building Materials, 543140416","Trex®, Transcend Lineage, Building Materials, Model 543140416, 1 in x 6 in x 16 ft, Biscayne, Grooved",,,,,,,,,,,,,,,,,,,,,,,,,,Building Materials,Item Type,Building Materials,,Series,Transcend Lineage,,Dimensions,1 in x 6 in x 16,ft,Finish Color,Biscayne,,Edge Profile,Grooved,,,,,,,,,,,,,,,,,,,,,,,,,,,,,,,,,,,,,,,,,,,,,,,,,,,,,,,,,,,,,,,,,,,,,,,,,,,,,,,,,,,,,,,,,,,,,,,,,,,,,,,,,,,,,,,,,,,,,,,,,,,,,,,,,,,,,,,,,,,,,,,,,,,,,,,,,,,,TREX_543140416.jpg,,,,,,,,,TREX_543140416_Specification_Sheet.pdf,,,,,,,,,,,,,,,,,,Yes
https://www.trex.com/product/543140420,,,,,,,Industrial Supplies,Equipment & Hardware,Building Materials,,543140420,1nx6-20' Biscayne Grooved - Trex Transcend Lineage Decking,TREX,,,U S Lumber (3073),Trex Company Inc,Trex®,Transcend Lineage,543140420,,Building Materials,"Trex, Building Materials, Transcend Lineage, 543140420, 1 in x 6 in x 20 ft",BUILDING MATERIALS 1INX6INX20FT,"Trex® Transcend Lineage 543140420 Building Materials 1 in x 6 in x 20 ft, Biscayne","Trex®, Transcend Lineage, Building Materials, Model 543140420, 1 in x 6 in x 20 ft, Biscayne, Grooved","Transcend Lineage Building Materials, 543140420","Trex®, Transcend Lineage, Building Materials, Model 543140420, 1 in x 6 in x 20 ft, Biscayne, Grooved",,,,,,,,,,,,,,,,,,,,,,,,,,Building Materials,Item Type,Building Materials,,Series,Transcend Lineage,,Dimensions,1 in x 6 in x 20,ft,Finish Color,Biscayne,,Edge Profile,Grooved,,,,,,,,,,,,,,,,,,,,,,,,,,,,,,,,,,,,,,,,,,,,,,,,,,,,,,,,,,,,,,,,,,,,,,,,,,,,,,,,,,,,,,,,,,,,,,,,,,,,,,,,,,,,,,,,,,,,,,,,,,,,,,,,,,,,,,,,,,,,,,,,,,,,,,,,,,,,TREX_543140420.jpg,,,,,,,,,TREX_543140420_Specification_Sheet.pdf,,,,,,,,,,,,,,,,,,Yes
https://www.trex.com/product/543142412,,,,,,,Industrial Supplies,Equipment & Hardware,Building Materials,,543142412,1nx6-12' Carmel Grooved - Trex Transcend Lineage Decking,TREX,,,U S Lumber (3073),Trex Company Inc,Trex®,Transcend Lineage,543142412,,Building Materials,"Trex, Building Materials, Transcend Lineage, 543142412, 1 in x 6 in x 12 ft",BUILDING MATERIALS 1INX6INX12FT,"Trex® Transcend Lineage 543142412 Building Materials 1 in x 6 in x 12 ft, Carmel","Trex®, Transcend Lineage, Building Materials, Model 543142412, 1 in x 6 in x 12 ft, Carmel, Grooved","Transcend Lineage Building Materials, 543142412","Trex®, Transcend Lineage, Building Materials, Model 543142412, 1 in x 6 in x 12 ft, Carmel, Grooved",,,,,,,,,,,,,,,,,,,,,,,,,,Building Materials,Item Type,Building Materials,,Series,Transcend Lineage,,Dimensions,1 in x 6 in x 12,ft,Finish Color,Carmel,,Edge Profile,Grooved,,,,,,,,,,,,,,,,,,,,,,,,,,,,,,,,,,,,,,,,,,,,,,,,,,,,,,,,,,,,,,,,,,,,,,,,,,,,,,,,,,,,,,,,,,,,,,,,,,,,,,,,,,,,,,,,,,,,,,,,,,,,,,,,,,,,,,,,,,,,,,,,,,,,,,,,,,,,TREX_543142412.jpg,,,,,,,,,TREX_543142412_Specification_Sheet.pdf,,,,,,,,,,,,,,,,,,Yes
https://www.trex.com/product/543142416,,,,,,,Industrial Supplies,Equipment & Hardware,Building Materials,,543142416,1nx6-16' Carmel Grooved - Trex Transcend Lineage Decking,TREX,,,U S Lumber (3073),Trex Company Inc,Trex®,Transcend Lineage,543142416,,Building Materials,"Trex, Building Materials, Transcend Lineage, 543142416, 1 in x 6 in x 16 ft",BUILDING MATERIALS 1INX6INX16FT,"Trex® Transcend Lineage 543142416 Building Materials 1 in x 6 in x 16 ft, Carmel","Trex®, Transcend Lineage, Building Materials, Model 543142416, 1 in x 6 in x 16 ft, Carmel, Grooved","Transcend Lineage Building Materials, 543142416","Trex®, Transcend Lineage, Building Materials, Model 543142416, 1 in x 6 in x 16 ft, Carmel, Grooved",,,,,,,,,,,,,,,,,,,,,,,,,,Building Materials,Item Type,Building Materials,,Series,Transcend Lineage,,Dimensions,1 in x 6 in x 16,ft,Finish Color,Carmel,,Edge Profile,Grooved,,,,,,,,,,,,,,,,,,,,,,,,,,,,,,,,,,,,,,,,,,,,,,,,,,,,,,,,,,,,,,,,,,,,,,,,,,,,,,,,,,,,,,,,,,,,,,,,,,,,,,,,,,,,,,,,,,,,,,,,,,,,,,,,,,,,,,,,,,,,,,,,,,,,,,,,,,,,TREX_543142416.jpg,,,,,,,,,TREX_543142416_Specification_Sheet.pdf,,,,,,,,,,,,,,,,,,Yes
https://www.trex.com/product/543142420,,,,,,,Industrial Supplies,Equipment & Hardware,Building Materials,,543142420,1nx6-20' Carmel Grooved - Trex Transcend Lineage Decking,TREX,,,U S Lumber (3073),Trex Company Inc,Trex®,Transcend Lineage,543142420,,Building Materials,"Trex, Building Materials, Transcend Lineage, 543142420, 1 in x 6 in x 20 ft",BUILDING MATERIALS 1INX6INX20FT,"Trex® Transcend Lineage 543142420 Building Materials 1 in x 6 in x 20 ft, Carmel","Trex®, Transcend Lineage, Building Materials, Model 543142420, 1 in x 6 in x 20 ft, Carmel, Grooved","Transcend Lineage Building Materials, 543142420","Trex®, Transcend Lineage, Building Materials, Model 543142420, 1 in x 6 in x 20 ft, Carmel, Grooved",,,,,,,,,,,,,,,,,,,,,,,,,,Building Materials,Item Type,Building Materials,,Series,Transcend Lineage,,Dimensions,1 in x 6 in x 20,ft,Finish Color,Carmel,,Edge Profile,Grooved,,,,,,,,,,,,,,,,,,,,,,,,,,,,,,,,,,,,,,,,,,,,,,,,,,,,,,,,,,,,,,,,,,,,,,,,,,,,,,,,,,,,,,,,,,,,,,,,,,,,,,,,,,,,,,,,,,,,,,,,,,,,,,,,,,,,,,,,,,,,,,,,,,,,,,,,,,,,TREX_543142420.jpg,,,,,,,,,TREX_543142420_Specification_Sheet.pdf,,,,,,,,,,,,,,,,,,Yes
https://www.trex.com/product/543144412,,,,,,,Industrial Supplies,Equipment & Hardware,Building Materials,,543144412,1nx6-12' Island Mist Grooved - Trex Transcend Lineage Decking,TREX,,,U S Lumber (3073),Trex Company Inc,Trex®,Transcend Lineage,543144412,,Building Materials,"Trex, Building Materials, Transcend Lineage, 543144412, 1 in x 6 in x 12 ft",BUILDING MATERIALS 1INX6INX12FT,Trex® Transcend Lineage 543144412 Building Materials 1 in x 6 in x 12 ft,"Trex®, Transcend Lineage, Building Materials, Model 543144412, 1 in x 6 in x 12 ft, Grooved","Transcend Lineage Building Materials, 543144412","Trex®, Transcend Lineage, Building Materials, Model 543144412, 1 in x 6 in x 12 ft, Grooved",,,,,,,,,,,,,,,,,,,,,,,,,,Building Materials,Item Type,Building Materials,,Series,Transcend Lineage,,Dimensions,1 in x 6 in x 12,ft,Edge Profile,Grooved,,,,,,,,,,,,,,,,,,,,,,,,,,,,,,,,,,,,,,,,,,,,,,,,,,,,,,,,,,,,,,,,,,,,,,,,,,,,,,,,,,,,,,,,,,,,,,,,,,,,,,,,,,,,,,,,,,,,,,,,,,,,,,,,,,,,,,,,,,,,,,,,,,,,,,,,,,,,,,,TREX_543144412.jpg,,,,,,,,,TREX_543144412_Specification_Sheet.pdf,,,,,,,,,,,,,,,,,,Yes
https://www.trex.com/product/543144416,,,,,,,Industrial Supplies,Equipment & Hardware,Building Materials,,543144416,1nx6-16' Island Mist Grooved - Trex Transcend Lineage Decking,TREX,,,U S Lumber (3073),Trex Company Inc,Trex®,Transcend Lineage,543144416,,Building Materials,"Trex, Building Materials, Transcend Lineage, 543144416, 1 in x 6 in x 16 ft",BUILDING MATERIALS 1INX6INX16FT,Trex® Transcend Lineage 543144416 Building Materials 1 in x 6 in x 16 ft,"Trex®, Transcend Lineage, Building Materials, Model 543144416, 1 in x 6 in x 16 ft, Grooved","Transcend Lineage Building Materials, 543144416","Trex®, Transcend Lineage, Building Materials, Model 543144416, 1 in x 6 in x 16 ft, Grooved",,,,,,,,,,,,,,,,,,,,,,,,,,Building Materials,Item Type,Building Materials,,Series,Transcend Lineage,,Dimensions,1 in x 6 in x 16,ft,Edge Profile,Grooved,,,,,,,,,,,,,,,,,,,,,,,,,,,,,,,,,,,,,,,,,,,,,,,,,,,,,,,,,,,,,,,,,,,,,,,,,,,,,,,,,,,,,,,,,,,,,,,,,,,,,,,,,,,,,,,,,,,,,,,,,,,,,,,,,,,,,,,,,,,,,,,,,,,,,,,,,,,,,,,TREX_543144416.jpg,,,,,,,,,TREX_543144416_Specification_Sheet.pdf,,,,,,,,,,,,,,,,,,Yes
https://www.trex.com/product/543144420,,,,,,,Industrial Supplies,Equipment & Hardware,Building Materials,,543144420,1nx6-20' Island Mist Grooved - Trex Transcend Lineage Decking,TREX,,,U S Lumber (3073),Trex Company Inc,Trex®,Transcend Lineage,543144420,,Building Materials,"Trex, Building Materials, Transcend Lineage, 543144420, 1 in x 6 in x 20 ft",BUILDING MATERIALS 1INX6INX20FT,Trex® Transcend Lineage 543144420 Building Materials 1 in x 6 in x 20 ft,"Trex®, Transcend Lineage, Building Materials, Model 543144420, 1 in x 6 in x 20 ft, Grooved","Transcend Lineage Building Materials, 543144420","Trex®, Transcend Lineage, Building Materials, Model 543144420, 1 in x 6 in x 20 ft, Grooved",,,,,,,,,,,,,,,,,,,,,,,,,,Building Materials,Item Type,Building Materials,,Series,Transcend Lineage,,Dimensions,1 in x 6 in x 20,ft,Edge Profile,Grooved,,,,,,,,,,,,,,,,,,,,,,,,,,,,,,,,,,,,,,,,,,,,,,,,,,,,,,,,,,,,,,,,,,,,,,,,,,,,,,,,,,,,,,,,,,,,,,,,,,,,,,,,,,,,,,,,,,,,,,,,,,,,,,,,,,,,,,,,,,,,,,,,,,,,,,,,,,,,,,,TREX_543144420.jpg,,,,,,,,,TREX_543144420_Specification_Sheet.pdf,,,,,,,,,,,,,,,,,,Yes
https://www.trex.com/product/543143412,,,,,,,Industrial Supplies,Equipment & Hardware,Building Materials,,543143412,1nx6-12' Jasper Grooved - Trex Transcend Lineage Decking,TREX,,,U S Lumber (3073),Trex Company Inc,Trex®,Transcend Lineage,543143412,,Building Materials,"Trex, Building Materials, Transcend Lineage, 543143412, 1 in x 6 in x 12 ft",BUILDING MATERIALS 1INX6INX12FT,"Trex® Transcend Lineage 543143412 Building Materials 1 in x 6 in x 12 ft, Jasper","Trex®, Transcend Lineage, Building Materials, Model 543143412, 1 in x 6 in x 12 ft, Jasper, Grooved","Transcend Lineage Building Materials, 543143412","Trex®, Transcend Lineage, Building Materials, Model 543143412, 1 in x 6 in x 12 ft, Jasper, Grooved",,,,,,,,,,,,,,,,,,,,,,,,,,Building Materials,Item Type,Building Materials,,Series,Transcend Lineage,,Dimensions,1 in x 6 in x 12,ft,Finish Color,Jasper,,Edge Profile,Grooved,,,,,,,,,,,,,,,,,,,,,,,,,,,,,,,,,,,,,,,,,,,,,,,,,,,,,,,,,,,,,,,,,,,,,,,,,,,,,,,,,,,,,,,,,,,,,,,,,,,,,,,,,,,,,,,,,,,,,,,,,,,,,,,,,,,,,,,,,,,,,,,,,,,,,,,,,,,,TREX_543143412.jpg,,,,,,,,,TREX_543143412_Specification_Sheet.pdf,,,,,,,,,,,,,,,,,,Yes
https://www.trex.com/product/543143416,,,,,,,Industrial Supplies,Equipment & Hardware,Building Materials,,543143416,1nx6-16' Jasper Grooved - Trex Transcend Lineage Decking,TREX,,,U S Lumber (3073),Trex Company Inc,Trex®,Transcend Lineage,543143416,,Building Materials,"Trex, Building Materials, Transcend Lineage, 543143416, 1 in x 6 in x 16 ft",BUILDING MATERIALS 1INX6INX16FT,"Trex® Transcend Lineage 543143416 Building Materials 1 in x 6 in x 16 ft, Jasper","Trex®, Transcend Lineage, Building Materials, Model 543143416, 1 in x 6 in x 16 ft, Jasper, Grooved","Transcend Lineage Building Materials, 543143416","Trex®, Transcend Lineage, Building Materials, Model 543143416, 1 in x 6 in x 16 ft, Jasper, Grooved",,,,,,,,,,,,,,,,,,,,,,,,,,Building Materials,Item Type,Building Materials,,Series,Transcend Lineage,,Dimensions,1 in x 6 in x 16,ft,Finish Color,Jasper,,Edge Profile,Grooved,,,,,,,,,,,,,,,,,,,,,,,,,,,,,,,,,,,,,,,,,,,,,,,,,,,,,,,,,,,,,,,,,,,,,,,,,,,,,,,,,,,,,,,,,,,,,,,,,,,,,,,,,,,,,,,,,,,,,,,,,,,,,,,,,,,,,,,,,,,,,,,,,,,,,,,,,,,,TREX_543143416.jpg,,,,,,,,,TREX_543143416_Specification_Sheet.pdf,,,,,,,,,,,,,,,,,,Yes
https://www.trex.com/product/543143420,,,,,,,Industrial Supplies,Equipment & Hardware,Building Materials,,543143420,1nx6-20' Jasper Grooved - Trex Transcend Lineage Decking,TREX,,,U S Lumber (3073),Trex Company Inc,Trex®,Transcend Lineage,543143420,,Building Materials,"Trex, Building Materials, Transcend Lineage, 543143420, 1 in x 6 in x 20 ft",BUILDING MATERIALS 1INX6INX20FT,"Trex® Transcend Lineage 543143420 Building Materials 1 in x 6 in x 20 ft, Jasper","Trex®, Transcend Lineage, Building Materials, Model 543143420, 1 in x 6 in x 20 ft, Jasper, Grooved","Transcend Lineage Building Materials, 543143420","Trex®, Transcend Lineage, Building Materials, Model 543143420, 1 in x 6 in x 20 ft, Jasper, Grooved",,,,,,,,,,,,,,,,,,,,,,,,,,Building Materials,Item Type,Building Materials,,Series,Transcend Lineage,,Dimensions,1 in x 6 in x 20,ft,Finish Color,Jasper,,Edge Profile,Grooved,,,,,,,,,,,,,,,,,,,,,,,,,,,,,,,,,,,,,,,,,,,,,,,,,,,,,,,,,,,,,,,,,,,,,,,,,,,,,,,,,,,,,,,,,,,,,,,,,,,,,,,,,,,,,,,,,,,,,,,,,,,,,,,,,,,,,,,,,,,,,,,,,,,,,,,,,,,,TREX_543143420.jpg,,,,,,,,,TREX_543143420_Specification_Sheet.pdf,,,,,,,,,,,,,,,,,,Yes
https://www.trex.com/product/543141412,,,,,,,Industrial Supplies,Equipment & Hardware,Building Materials,,543141412,1nx6-12' Rainier Grooved - Trex Transcend Lineage Decking,TREX,,,U S Lumber (3073),Trex Company Inc,Trex®,Transcend Lineage,543141412,,Building Materials,"Trex, Building Materials, Transcend Lineage, 543141412, 1 in x 6 in x 12 ft",BUILDING MATERIALS 1INX6INX12FT,"Trex® Transcend Lineage 543141412 Building Materials 1 in x 6 in x 12 ft, Rainier","Trex®, Transcend Lineage, Building Materials, Model 543141412, 1 in x 6 in x 12 ft, Rainier, Grooved","Transcend Lineage Building Materials, 543141412","Trex®, Transcend Lineage, Building Materials, Model 543141412, 1 in x 6 in x 12 ft, Rainier, Grooved",,,,,,,,,,,,,,,,,,,,,,,,,,Building Materials,Item Type,Building Materials,,Series,Transcend Lineage,,Dimensions,1 in x 6 in x 12,ft,Finish Color,Rainier,,Edge Profile,Grooved,,,,,,,,,,,,,,,,,,,,,,,,,,,,,,,,,,,,,,,,,,,,,,,,,,,,,,,,,,,,,,,,,,,,,,,,,,,,,,,,,,,,,,,,,,,,,,,,,,,,,,,,,,,,,,,,,,,,,,,,,,,,,,,,,,,,,,,,,,,,,,,,,,,,,,,,,,,,TREX_543141412.jpg,,,,,,,,,TREX_543141412_Specification_Sheet.pdf,,,,,,,,,,,,,,,,,,Yes
https://www.trex.com/product/543141416,,,,,,,Industrial Supplies,Equipment & Hardware,Building Materials,,543141416,1nx6-16' Rainier Grooved - Trex Transcend Lineage Decking,TREX,,,U S Lumber (3073),Trex Company Inc,Trex®,Transcend Lineage,543141416,,Building Materials,"Trex, Building Materials, Transcend Lineage, 543141416, 1 in x 6 in x 16 ft",BUILDING MATERIALS 1INX6INX16FT,"Trex® Transcend Lineage 543141416 Building Materials 1 in x 6 in x 16 ft, Rainier","Trex®, Transcend Lineage, Building Materials, Model 543141416, 1 in x 6 in x 16 ft, Rainier, Grooved","Transcend Lineage Building Materials, 543141416","Trex®, Transcend Lineage, Building Materials, Model 543141416, 1 in x 6 in x 16 ft, Rainier, Grooved",,,,,,,,,,,,,,,,,,,,,,,,,,Building Materials,Item Type,Building Materials,,Series,Transcend Lineage,,Dimensions,1 in x 6 in x 16,ft,Finish Color,Rainier,,Edge Profile,Grooved,,,,,,,,,,,,,,,,,,,,,,,,,,,,,,,,,,,,,,,,,,,,,,,,,,,,,,,,,,,,,,,,,,,,,,,,,,,,,,,,,,,,,,,,,,,,,,,,,,,,,,,,,,,,,,,,,,,,,,,,,,,,,,,,,,,,,,,,,,,,,,,,,,,,,,,,,,,,TREX_543141416.jpg,,,,,,,,,TREX_543141416_Specification_Sheet.pdf,,,,,,,,,,,,,,,,,,Yes
https://www.trex.com/product/543141420,,,,,,,Industrial Supplies,Equipment & Hardware,Building Materials,,543141420,1nx6-20' Rainier Grooved - Trex Transcend Lineage Decking,TREX,,,U S Lumber (3073),Trex Company Inc,Trex®,Transcend Lineage,543141420,,Building Materials,"Trex, Building Materials, Transcend Lineage, 543141420, 1 in x 6 in x 20 ft",BUILDING MATERIALS 1INX6INX20FT,"Trex® Transcend Lineage 543141420 Building Materials 1 in x 6 in x 20 ft, Rainier","Trex®, Transcend Lineage, Building Materials, Model 543141420, 1 in x 6 in x 20 ft, Rainier, Grooved","Transcend Lineage Building Materials, 543141420","Trex®, Transcend Lineage, Building Materials, Model 543141420, 1 in x 6 in x 20 ft, Rainier, Grooved",,,,,,,,,,,,,,,,,,,,,,,,,,Building Materials,Item Type,Building Materials,,Series,Transcend Lineage,,Dimensions,1 in x 6 in x 20,ft,Finish Color,Rainier,,Edge Profile,Grooved,,,,,,,,,,,,,,,,,,,,,,,,,,,,,,,,,,,,,,,,,,,,,,,,,,,,,,,,,,,,,,,,,,,,,,,,,,,,,,,,,,,,,,,,,,,,,,,,,,,,,,,,,,,,,,,,,,,,,,,,,,,,,,,,,,,,,,,,,,,,,,,,,,,,,,,,,,,,TREX_543141420.jpg,,,,,,,,,TREX_543141420_Specification_Sheet.pdf,,,,,,,,,,,,,,,,,,Yes
https://www.trex.com/product/1513703,,,,,,,Industrial Supplies,Equipment & Hardware,Building Materials,,1513703,1nx6-16' Hatteras Sq Edge - Trex Transcend Lineage Decking,TREX,,,Boise Cascade Building Materials (BOICA),Trex Company Inc,Trex®,Transcend Lineage,1513703,,Building Materials,"Trex, Building Materials, Transcend Lineage, 1513703, 1 in x 6 in x 16 ft",BUILDING MATERIALS 1INX6INX16FT,Trex® Transcend Lineage 1513703 Building Materials 1 in x 6 in x 16 ft,"Trex®, Transcend Lineage, Building Materials, Model 1513703, 1 in x 6 in x 16 ft, Square Edge","Transcend Lineage Building Materials, 1513703","Trex®, Transcend Lineage, Building Materials, Model 1513703, 1 in x 6 in x 16 ft, Square Edge",,,,,,,,,,,,,,,,,,,,,,,,,,Building Materials,Item Type,Building Materials,,Series,Transcend Lineage,,Dimensions,1 in x 6 in x 16,ft,Edge Profile,Square Edge,,,,,,,,,,,,,,,,,,,,,,,,,,,,,,,,,,,,,,,,,,,,,,,,,,,,,,,,,,,,,,,,,,,,,,,,,,,,,,,,,,,,,,,,,,,,,,,,,,,,,,,,,,,,,,,,,,,,,,,,,,,,,,,,,,,,,,,,,,,,,,,,,,,,,,,,,,,,,,,TREX_1513703.jpg,,,,,,,,,TREX_1513703_Specification_Sheet.pdf,,,,,,,,,,,,,,,,,,Yes
https://www.trex.com/product/1513704,,,,,,,Industrial Supplies,Equipment & Hardware,Building Materials,,1513704,1nx6-20' Hatteras Sq Edge - Trex Transcend Lineage Decking,TREX,,,Boise Cascade Building Materials (BOICA),Trex Company Inc,Trex®,Transcend Lineage,1513704,,Building Materials,"Trex, Building Materials, Transcend Lineage, 1513704, 1 in x 6 in x 20 ft",BUILDING MATERIALS 1INX6INX20FT,Trex® Transcend Lineage 1513704 Building Materials 1 in x 6 in x 20 ft,"Trex®, Transcend Lineage, Building Materials, Model 1513704, 1 in x 6 in x 20 ft, Square Edge","Transcend Lineage Building Materials, 1513704","Trex®, Transcend Lineage, Building Materials, Model 1513704, 1 in x 6 in x 20 ft, Square Edge",,,,,,,,,,,,,,,,,,,,,,,,,,Building Materials,Item Type,Building Materials,,Series,Transcend Lineage,,Dimensions,1 in x 6 in x 20,ft,Edge Profile,Square Edge,,,,,,,,,,,,,,,,,,,,,,,,,,,,,,,,,,,,,,,,,,,,,,,,,,,,,,,,,,,,,,,,,,,,,,,,,,,,,,,,,,,,,,,,,,,,,,,,,,,,,,,,,,,,,,,,,,,,,,,,,,,,,,,,,,,,,,,,,,,,,,,,,,,,,,,,,,,,,,,TREX_1513704.jpg,,,,,,,,,TREX_1513704_Specification_Sheet.pdf,,,,,,,,,,,,,,,,,,Yes
https://www.trex.com/product/1513705,,,,,,,Industrial Supplies,Equipment & Hardware,Building Materials,,1513705,1nx6-12' Hatteras Grooved - Trex Transcend Lineage Decking,TREX,,,Boise Cascade Building Materials (BOICA),Trex Company Inc,Trex®,Transcend Lineage,1513705,,Building Materials,"Trex, Building Materials, Transcend Lineage, 1513705, 1 in x 6 in x 12 ft",BUILDING MATERIALS 1INX6INX12FT,Trex® Transcend Lineage 1513705 Building Materials 1 in x 6 in x 12 ft,"Trex®, Transcend Lineage, Building Materials, Model 1513705, 1 in x 6 in x 12 ft, Grooved","Transcend Lineage Building Materials, 1513705","Trex®, Transcend Lineage, Building Materials, Model 1513705, 1 in x 6 in x 12 ft, Grooved",,,,,,,,,,,,,,,,,,,,,,,,,,Building Materials,Item Type,Building Materials,,Series,Transcend Lineage,,Dimensions,1 in x 6 in x 12,ft,Edge Profile,Grooved,,,,,,,,,,,,,,,,,,,,,,,,,,,,,,,,,,,,,,,,,,,,,,,,,,,,,,,,,,,,,,,,,,,,,,,,,,,,,,,,,,,,,,,,,,,,,,,,,,,,,,,,,,,,,,,,,,,,,,,,,,,,,,,,,,,,,,,,,,,,,,,,,,,,,,,,,,,,,,,TREX_1513705.jpg,,,,,,,,,TREX_1513705_Specification_Sheet.pdf,,,,,,,,,,,,,,,,,,Yes
https://www.trex.com/product/1513706,,,,,,,Industrial Supplies,Equipment & Hardware,Building Materials,,1513706,1nx6-16' Hatteras Grooved - Trex Transcend Lineage Decking,TREX,,,Boise Cascade Building Materials (BOICA),Trex Company Inc,Trex®,Transcend Lineage,1513706,,Building Materials,"Trex, Building Materials, Transcend Lineage, 1513706, 1 in x 6 in x 16 ft",BUILDING MATERIALS 1INX6INX16FT,Trex® Transcend Lineage 1513706 Building Materials 1 in x 6 in x 16 ft,"Trex®, Transcend Lineage, Building Materials, Model 1513706, 1 in x 6 in x 16 ft, Grooved","Transcend Lineage Building Materials, 1513706","Trex®, Transcend Lineage, Building Materials, Model 1513706, 1 in x 6 in x 16 ft, Grooved",,,,,,,,,,,,,,,,,,,,,,,,,,Building Materials,Item Type,Building Materials,,Series,Transcend Lineage,,Dimensions,1 in x 6 in x 16,ft,Edge Profile,Grooved,,,,,,,,,,,,,,,,,,,,,,,,,,,,,,,,,,,,,,,,,,,,,,,,,,,,,,,,,,,,,,,,,,,,,,,,,,,,,,,,,,,,,,,,,,,,,,,,,,,,,,,,,,,,,,,,,,,,,,,,,,,,,,,,,,,,,,,,,,,,,,,,,,,,,,,,,,,,,,,TREX_1513706.jpg,,,,,,,,,TREX_1513706_Specification_Sheet.pdf,,,,,,,,,,,,,,,,,,Yes
https://www.trex.com/product/1513707,,,,,,,Industrial Supplies,Equipment & Hardware,Building Materials,,1513707,1nx6-20' Hatteras Grooved - Trex Transcend Lineage Decking,TREX,,,Boise Cascade Building Materials (BOICA),Trex Company Inc,Trex®,Transcend Lineage,1513707,,Building Materials,"Trex, Building Materials, Transcend Lineage, 1513707, 1 in x 6 in x 20 ft",BUILDING MATERIALS 1INX6INX20FT,Trex® Transcend Lineage 1513707 Building Materials 1 in x 6 in x 20 ft,"Trex®, Transcend Lineage, Building Materials, Model 1513707, 1 in x 6 in x 20 ft, Grooved","Transcend Lineage Building Materials, 1513707","Trex®, Transcend Lineage, Building Materials, Model 1513707, 1 in x 6 in x 20 ft, Grooved",,,,,,,,,,,,,,,,,,,,,,,,,,Building Materials,Item Type,Building Materials,,Series,Transcend Lineage,,Dimensions,1 in x 6 in x 20,ft,Edge Profile,Grooved,,,,,,,,,,,,,,,,,,,,,,,,,,,,,,,,,,,,,,,,,,,,,,,,,,,,,,,,,,,,,,,,,,,,,,,,,,,,,,,,,,,,,,,,,,,,,,,,,,,,,,,,,,,,,,,,,,,,,,,,,,,,,,,,,,,,,,,,,,,,,,,,,,,,,,,,,,,,,,,TREX_1513707.jpg,,,,,,,,,TREX_1513707_Specification_Sheet.pdf,,,,,,,,,,,,,,,,,,Yes
https://www.trex.com/product/1513708,,,,,,,Industrial Supplies,Equipment & Hardware,Building Materials,,1513708,1nx6-16' Salt Flat Sq Edge - Trex Transcend Lineage Decking,TREX,,,Boise Cascade Building Materials (BOICA),Trex Company Inc,Trex®,Transcend Lineage,1513708,,Building Materials,"Trex, Building Materials, Transcend Lineage, 1513708, 1 in x 6 in x 16 ft",BUILDING MATERIALS 1INX6INX16FT,Trex® Transcend Lineage 1513708 Building Materials 1 in x 6 in x 16 ft,"Trex®, Transcend Lineage, Building Materials, Model 1513708, 1 in x 6 in x 16 ft, Square Edge","Transcend Lineage Building Materials, 1513708","Trex®, Transcend Lineage, Building Materials, Model 1513708, 1 in x 6 in x 16 ft, Square Edge",,,,,,,,,,,,,,,,,,,,,,,,,,Building Materials,Item Type,Building Materials,,Series,Transcend Lineage,,Dimensions,1 in x 6 in x 16,ft,Edge Profile,Square Edge,,,,,,,,,,,,,,,,,,,,,,,,,,,,,,,,,,,,,,,,,,,,,,,,,,,,,,,,,,,,,,,,,,,,,,,,,,,,,,,,,,,,,,,,,,,,,,,,,,,,,,,,,,,,,,,,,,,,,,,,,,,,,,,,,,,,,,,,,,,,,,,,,,,,,,,,,,,,,,,TREX_1513708.jpg,,,,,,,,,TREX_1513708_Specification_Sheet.pdf,,,,,,,,,,,,,,,,,,Yes
https://www.trex.com/product/1513709,,,,,,,Industrial Supplies,Equipment & Hardware,Building Materials,,1513709,1nx6-20' Salt Flat Sq Edge - Trex Transcend Lineage Decking,TREX,,,Boise Cascade Building Materials (BOICA),Trex Company Inc,Trex®,Transcend Lineage,1513709,,Building Materials,"Trex, Building Materials, Transcend Lineage, 1513709, 1 in x 6 in x 20 ft",BUILDING MATERIALS 1INX6INX20FT,Trex® Transcend Lineage 1513709 Building Materials 1 in x 6 in x 20 ft,"Trex®, Transcend Lineage, Building Materials, Model 1513709, 1 in x 6 in x 20 ft, Square Edge","Transcend Lineage Building Materials, 1513709","Trex®, Transcend Lineage, Building Materials, Model 1513709, 1 in x 6 in x 20 ft, Square Edge",,,,,,,,,,,,,,,,,,,,,,,,,,Building Materials,Item Type,Building Materials,,Series,Transcend Lineage,,Dimensions,1 in x 6 in x 20,ft,Edge Profile,Square Edge,,,,,,,,,,,,,,,,,,,,,,,,,,,,,,,,,,,,,,,,,,,,,,,,,,,,,,,,,,,,,,,,,,,,,,,,,,,,,,,,,,,,,,,,,,,,,,,,,,,,,,,,,,,,,,,,,,,,,,,,,,,,,,,,,,,,,,,,,,,,,,,,,,,,,,,,,,,,,,,TREX_1513709.jpg,,,,,,,,,TREX_1513709_Specification_Sheet.pdf,,,,,,,,,,,,,,,,,,Yes
https://www.trex.com/product/1513710,,,,,,,Industrial Supplies,Equipment & Hardware,Building Materials,,1513710,1nx6-12' Salt Flat Grooved - Trex Transcend Lineage Decking,TREX,,,Boise Cascade Building Materials (BOICA),Trex Company Inc,Trex®,Transcend Lineage,1513710,,Building Materials,"Trex, Building Materials, Transcend Lineage, 1513710, 1 in x 6 in x 12 ft",BUILDING MATERIALS 1INX6INX12FT,Trex® Transcend Lineage 1513710 Building Materials 1 in x 6 in x 12 ft,"Trex®, Transcend Lineage, Building Materials, Model 1513710, 1 in x 6 in x 12 ft, Grooved","Transcend Lineage Building Materials, 1513710","Trex®, Transcend Lineage, Building Materials, Model 1513710, 1 in x 6 in x 12 ft, Grooved",,,,,,,,,,,,,,,,,,,,,,,,,,Building Materials,Item Type,Building Materials,,Series,Transcend Lineage,,Dimensions,1 in x 6 in x 12,ft,Edge Profile,Grooved,,,,,,,,,,,,,,,,,,,,,,,,,,,,,,,,,,,,,,,,,,,,,,,,,,,,,,,,,,,,,,,,,,,,,,,,,,,,,,,,,,,,,,,,,,,,,,,,,,,,,,,,,,,,,,,,,,,,,,,,,,,,,,,,,,,,,,,,,,,,,,,,,,,,,,,,,,,,,,,TREX_1513710.jpg,,,,,,,,,TREX_1513710_Specification_Sheet.pdf,,,,,,,,,,,,,,,,,,Yes
https://www.trex.com/product/1513711,,,,,,,Industrial Supplies,Equipment & Hardware,Building Materials,,1513711,1nx6-16' Salt Flat Grooved - Trex Transcend Lineage Decking,TREX,,,Boise Cascade Building Materials (BOICA),Trex Company Inc,Trex®,Transcend Lineage,1513711,,Building Materials,"Trex, Building Materials, Transcend Lineage, 1513711, 1 in x 6 in x 16 ft",BUILDING MATERIALS 1INX6INX16FT,Trex® Transcend Lineage 1513711 Building Materials 1 in x 6 in x 16 ft,"Trex®, Transcend Lineage, Building Materials, Model 1513711, 1 in x 6 in x 16 ft, Grooved","Transcend Lineage Building Materials, 1513711","Trex®, Transcend Lineage, Building Materials, Model 1513711, 1 in x 6 in x 16 ft, Grooved",,,,,,,,,,,,,,,,,,,,,,,,,,Building Materials,Item Type,Building Materials,,Series,Transcend Lineage,,Dimensions,1 in x 6 in x 16,ft,Edge Profile,Grooved,,,,,,,,,,,,,,,,,,,,,,,,,,,,,,,,,,,,,,,,,,,,,,,,,,,,,,,,,,,,,,,,,,,,,,,,,,,,,,,,,,,,,,,,,,,,,,,,,,,,,,,,,,,,,,,,,,,,,,,,,,,,,,,,,,,,,,,,,,,,,,,,,,,,,,,,,,,,,,,TREX_1513711.jpg,,,,,,,,,TREX_1513711_Specification_Sheet.pdf,,,,,,,,,,,,,,,,,,Yes
https://www.trex.com/product/1513712,,,,,,,Industrial Supplies,Equipment & Hardware,Building Materials,,1513712,1nx6-20' Salt Flat Grooved - Trex Transcend Lineage Decking,TREX,,,Boise Cascade Building Materials (BOICA),Trex Company Inc,Trex®,Transcend Lineage,1513712,,Building Materials,"Trex, Building Materials, Transcend Lineage, 1513712, 1 in x 6 in x 20 ft",BUILDING MATERIALS 1INX6INX20FT,Trex® Transcend Lineage 1513712 Building Materials 1 in x 6 in x 20 ft,"Trex®, Transcend Lineage, Building Materials, Model 1513712, 1 in x 6 in x 20 ft, Grooved","Transcend Lineage Building Materials, 1513712","Trex®, Transcend Lineage, Building Materials, Model 1513712, 1 in x 6 in x 20 ft, Grooved",,,,,,,,,,,,,,,,,,,,,,,,,,Building Materials,Item Type,Building Materials,,Series,Transcend Lineage,,Dimensions,1 in x 6 in x 20,ft,Edge Profile,Grooved,,,,,,,,,,,,,,,,,,,,,,,,,,,,,,,,,,,,,,,,,,,,,,,,,,,,,,,,,,,,,,,,,,,,,,,,,,,,,,,,,,,,,,,,,,,,,,,,,,,,,,,,,,,,,,,,,,,,,,,,,,,,,,,,,,,,,,,,,,,,,,,,,,,,,,,,,,,,,,,TREX_1513712.jpg,,,,,,,,,TREX_1513712_Specification_Sheet.pdf,,,,,,,,,,,,,,,,,,Yes
https://www.trex.com/product/1513717,,,,,,,Industrial Supplies,Equipment & Hardware,Building Materials,,1513717,1nx6-16' Honey Grove Sq Edge - Trex Enhance Naturals Decking,TREX,,,Boise Cascade Building Materials (BOICA),Trex Company Inc,Trex®,Enhance Naturals,1513717,,Building Materials,"Trex, Building Materials, Enhance Naturals, 1513717, 1 in x 6 in x 16 ft",BUILDING MATERIALS 1INX6INX16FT,"Trex® Enhance Naturals 1513717 Building Materials 1 in x 6 in x 16 ft, Honey Grove","Trex®, Enhance Naturals, Building Materials, Model 1513717, 1 in x 6 in x 16 ft, Honey Grove, Square Edge","Enhance Naturals Building Materials, 1513717","Trex®, Enhance Naturals, Building Materials, Model 1513717, 1 in x 6 in x 16 ft, Honey Grove, Square Edge",,,,,,,,,,,,,,,,,,,,,,,,,,Building Materials,Item Type,Building Materials,,Series,Enhance Naturals,,Dimensions,1 in x 6 in x 16,ft,Finish Color,Honey Grove,,Edge Profile,Square Edge,,,,,,,,,,,,,,,,,,,,,,,,,,,,,,,,,,,,,,,,,,,,,,,,,,,,,,,,,,,,,,,,,,,,,,,,,,,,,,,,,,,,,,,,,,,,,,,,,,,,,,,,,,,,,,,,,,,,,,,,,,,,,,,,,,,,,,,,,,,,,,,,,,,,,,,,,,,,TREX_1513717.jpg,,,,,,,,,TREX_1513717_Specification_Sheet.pdf,,,,,,,,,,,,,,,,,,Yes
https://www.trex.com/product/1513718,,,,,,,Industrial Supplies,Equipment & Hardware,Building Materials,,1513718,1nx6-20' Honey Grove Sq Edge - Trex Enhance Naturals Decking,TREX,,,Boise Cascade Building Materials (BOICA),Trex Company Inc,Trex®,Enhance Naturals,1513718,,Building Materials,"Trex, Building Materials, Enhance Naturals, 1513718, 1 in x 6 in x 20 ft",BUILDING MATERIALS 1INX6INX20FT,"Trex® Enhance Naturals 1513718 Building Materials 1 in x 6 in x 20 ft, Honey Grove","Trex®, Enhance Naturals, Building Materials, Model 1513718, 1 in x 6 in x 20 ft, Honey Grove, Square Edge","Enhance Naturals Building Materials, 1513718","Trex®, Enhance Naturals, Building Materials, Model 1513718, 1 in x 6 in x 20 ft, Honey Grove, Square Edge",,,,,,,,,,,,,,,,,,,,,,,,,,Building Materials,Item Type,Building Materials,,Series,Enhance Naturals,,Dimensions,1 in x 6 in x 20,ft,Finish Color,Honey Grove,,Edge Profile,Square Edge,,,,,,,,,,,,,,,,,,,,,,,,,,,,,,,,,,,,,,,,,,,,,,,,,,,,,,,,,,,,,,,,,,,,,,,,,,,,,,,,,,,,,,,,,,,,,,,,,,,,,,,,,,,,,,,,,,,,,,,,,,,,,,,,,,,,,,,,,,,,,,,,,,,,,,,,,,,,TREX_1513718.jpg,,,,,,,,,TREX_1513718_Specification_Sheet.pdf,,,,,,,,,,,,,,,,,,Yes
https://www.trex.com/product/1513719,,,,,,,Industrial Supplies,Equipment & Hardware,Building Materials,,1513719,1nx6-12' Honey Grove Grooved - Trex Enhance Naturals Decking,TREX,,,Boise Cascade Building Materials (BOICA),Trex Company Inc,Trex®,Enhance Naturals,1513719,,Building Materials,"Trex, Building Materials, Enhance Naturals, 1513719, 1 in x 6 in x 12 ft",BUILDING MATERIALS 1INX6INX12FT,"Trex® Enhance Naturals 1513719 Building Materials 1 in x 6 in x 12 ft, Honey Grove","Trex®, Enhance Naturals, Building Materials, Model 1513719, 1 in x 6 in x 12 ft, Honey Grove, Grooved","Enhance Naturals Building Materials, 1513719","Trex®, Enhance Naturals, Building Materials, Model 1513719, 1 in x 6 in x 12 ft, Honey Grove, Grooved",,,,,,,,,,,,,,,,,,,,,,,,,,Building Materials,Item Type,Building Materials,,Series,Enhance Naturals,,Dimensions,1 in x 6 in x 12,ft,Finish Color,Honey Grove,,Edge Profile,Grooved,,,,,,,,,,,,,,,,,,,,,,,,,,,,,,,,,,,,,,,,,,,,,,,,,,,,,,,,,,,,,,,,,,,,,,,,,,,,,,,,,,,,,,,,,,,,,,,,,,,,,,,,,,,,,,,,,,,,,,,,,,,,,,,,,,,,,,,,,,,,,,,,,,,,,,,,,,,,TREX_1513719.jpg,,,,,,,,,TREX_1513719_Specification_Sheet.pdf,,,,,,,,,,,,,,,,,,Yes
https://www.trex.com/product/1513720,,,,,,,Industrial Supplies,Equipment & Hardware,Building Materials,,1513720,1nx6-16' Honey Grove Grooved - Trex Enhance Naturals Decking,TREX,,,Boise Cascade Building Materials (BOICA),Trex Company Inc,Trex®,Enhance Naturals,1513720,,Building Materials,"Trex, Building Materials, Enhance Naturals, 1513720, 1 in x 6 in x 16 ft",BUILDING MATERIALS 1INX6INX16FT,"Trex® Enhance Naturals 1513720 Building Materials 1 in x 6 in x 16 ft, Honey Grove","Trex®, Enhance Naturals, Building Materials, Model 1513720, 1 in x 6 in x 16 ft, Honey Grove, Grooved","Enhance Naturals Building Materials, 1513720","Trex®, Enhance Naturals, Building Materials, Model 1513720, 1 in x 6 in x 16 ft, Honey Grove, Grooved",,,,,,,,,,,,,,,,,,,,,,,,,,Building Materials,Item Type,Building Materials,,Series,Enhance Naturals,,Dimensions,1 in x 6 in x 16,ft,Finish Color,Honey Grove,,Edge Profile,Grooved,,,,,,,,,,,,,,,,,,,,,,,,,,,,,,,,,,,,,,,,,,,,,,,,,,,,,,,,,,,,,,,,,,,,,,,,,,,,,,,,,,,,,,,,,,,,,,,,,,,,,,,,,,,,,,,,,,,,,,,,,,,,,,,,,,,,,,,,,,,,,,,,,,,,,,,,,,,,TREX_1513720.jpg,,,,,,,,,TREX_1513720_Specification_Sheet.pdf,,,,,,,,,,,,,,,,,,Yes
https://www.trex.com/product/1513721,,,,,,,Industrial Supplies,Equipment & Hardware,Building Materials,,1513721,1nx6-20' Honey Grove Grooved - Trex Enhance Naturals Decking,TREX,,,Boise Cascade Building Materials (BOICA),Trex Company Inc,Trex®,Enhance Naturals,1513721,,Building Materials,"Trex, Building Materials, Enhance Naturals, 1513721, 1 in x 6 in x 20 ft",BUILDING MATERIALS 1INX6INX20FT,"Trex® Enhance Naturals 1513721 Building Materials 1 in x 6 in x 20 ft, Honey Grove","Trex®, Enhance Naturals, Building Materials, Model 1513721, 1 in x 6 in x 20 ft, Honey Grove, Grooved","Enhance Naturals Building Materials, 1513721","Trex®, Enhance Naturals, Building Materials, Model 1513721, 1 in x 6 in x 20 ft, Honey Grove, Grooved",,,,,,,,,,,,,,,,,,,,,,,,,,Building Materials,Item Type,Building Materials,,Series,Enhance Naturals,,Dimensions,1 in x 6 in x 20,ft,Finish Color,Honey Grove,,Edge Profile,Grooved,,,,,,,,,,,,,,,,,,,,,,,,,,,,,,,,,,,,,,,,,,,,,,,,,,,,,,,,,,,,,,,,,,,,,,,,,,,,,,,,,,,,,,,,,,,,,,,,,,,,,,,,,,,,,,,,,,,,,,,,,,,,,,,,,,,,,,,,,,,,,,,,,,,,,,,,,,,,TREX_1513721.jpg,,,,,,,,,TREX_1513721_Specification_Sheet.pdf,,,,,,,,,,,,,,,,,,Yes
https://www.trex.com/product/1513724,,,,,,,Industrial Supplies,Equipment & Hardware,Building Materials,,1513724,1nx6-16' Tide Pool Sq Edge - Trex Enhance Basics Decking,TREX,,,Boise Cascade Building Materials (BOICA),Trex Company Inc,Trex®,Enhance Basics,1513724,,Building Materials,"Trex, Building Materials, Enhance Basics, 1513724, 1 in x 6 in x 16 ft",BUILDING MATERIALS 1INX6INX16FT,"Trex® Enhance Basics 1513724 Building Materials 1 in x 6 in x 16 ft, Tide Pool","Trex®, Enhance Basics, Building Materials, Model 1513724, 1 in x 6 in x 16 ft, Tide Pool, Square Edge","Enhance Basics Building Materials, 1513724","Trex®, Enhance Basics, Building Materials, Model 1513724, 1 in x 6 in x 16 ft, Tide Pool, Square Edge",,,,,,,,,,,,,,,,,,,,,,,,,,Building Materials,Item Type,Building Materials,,Series,Enhance Basics,,Dimensions,1 in x 6 in x 16,ft,Finish Color,Tide Pool,,Edge Profile,Square Edge,,,,,,,,,,,,,,,,,,,,,,,,,,,,,,,,,,,,,,,,,,,,,,,,,,,,,,,,,,,,,,,,,,,,,,,,,,,,,,,,,,,,,,,,,,,,,,,,,,,,,,,,,,,,,,,,,,,,,,,,,,,,,,,,,,,,,,,,,,,,,,,,,,,,,,,,,,,,TREX_1513724.jpg,,,,,,,,,TREX_1513724_Specification_Sheet.pdf,,,,,,,,,,,,,,,,,,Yes
https://www.trex.com/product/1513725,,,,,,,Industrial Supplies,Equipment & Hardware,Building Materials,,1513725,1nx6-20' Tide Pool Sq Edge - Trex Enhance Basics Decking,TREX,,,Boise Cascade Building Materials (BOICA),Trex Company Inc,Trex®,Enhance Basics,1513725,,Building Materials,"Trex, Building Materials, Enhance Basics, 1513725, 1 in x 6 in x 20 ft",BUILDING MATERIALS 1INX6INX20FT,"Trex® Enhance Basics 1513725 Building Materials 1 in x 6 in x 20 ft, Tide Pool","Trex®, Enhance Basics, Building Materials, Model 1513725, 1 in x 6 in x 20 ft, Tide Pool, Square Edge","Enhance Basics Building Materials, 1513725","Trex®, Enhance Basics, Building Materials, Model 1513725, 1 in x 6 in x 20 ft, Tide Pool, Square Edge",,,,,,,,,,,,,,,,,,,,,,,,,,Building Materials,Item Type,Building Materials,,Series,Enhance Basics,,Dimensions,1 in x 6 in x 20,ft,Finish Color,Tide Pool,,Edge Profile,Square Edge,,,,,,,,,,,,,,,,,,,,,,,,,,,,,,,,,,,,,,,,,,,,,,,,,,,,,,,,,,,,,,,,,,,,,,,,,,,,,,,,,,,,,,,,,,,,,,,,,,,,,,,,,,,,,,,,,,,,,,,,,,,,,,,,,,,,,,,,,,,,,,,,,,,,,,,,,,,,TREX_1513725.jpg,,,,,,,,,TREX_1513725_Specification_Sheet.pdf,,,,,,,,,,,,,,,,,,Yes
https://www.trex.com/product/1513726,,,,,,,Industrial Supplies,Equipment & Hardware,Building Materials,,1513726,1nx6-12' Tide Pool Grooved - Trex Enhance Basics Decking,TREX,,,Boise Cascade Building Materials (BOICA),Trex Company Inc,Trex®,Enhance Basics,1513726,,Building Materials,"Trex, Building Materials, Enhance Basics, 1513726, 1 in x 6 in x 12 ft",BUILDING MATERIALS 1INX6INX12FT,"Trex® Enhance Basics 1513726 Building Materials 1 in x 6 in x 12 ft, Tide Pool","Trex®, Enhance Basics, Building Materials, Model 1513726, 1 in x 6 in x 12 ft, Tide Pool, Grooved","Enhance Basics Building Materials, 1513726","Trex®, Enhance Basics, Building Materials, Model 1513726, 1 in x 6 in x 12 ft, Tide Pool, Grooved",,,,,,,,,,,,,,,,,,,,,,,,,,Building Materials,Item Type,Building Materials,,Series,Enhance Basics,,Dimensions,1 in x 6 in x 12,ft,Finish Color,Tide Pool,,Edge Profile,Grooved,,,,,,,,,,,,,,,,,,,,,,,,,,,,,,,,,,,,,,,,,,,,,,,,,,,,,,,,,,,,,,,,,,,,,,,,,,,,,,,,,,,,,,,,,,,,,,,,,,,,,,,,,,,,,,,,,,,,,,,,,,,,,,,,,,,,,,,,,,,,,,,,,,,,,,,,,,,,TREX_1513726.jpg,,,,,,,,,TREX_1513726_Specification_Sheet.pdf,,,,,,,,,,,,,,,,,,Yes
https://www.trex.com/product/1513727,,,,,,,Industrial Supplies,Equipment & Hardware,Building Materials,,1513727,1nx6-16' Tide Pool Grooved - Trex Enhance Basics Decking,TREX,,,Boise Cascade Building Materials (BOICA),Trex Company Inc,Trex®,Enhance Basics,1513727,,Building Materials,"Trex, Building Materials, Enhance Basics, 1513727, 1 in x 6 in x 16 ft",BUILDING MATERIALS 1INX6INX16FT,"Trex® Enhance Basics 1513727 Building Materials 1 in x 6 in x 16 ft, Tide Pool","Trex®, Enhance Basics, Building Materials, Model 1513727, 1 in x 6 in x 16 ft, Tide Pool, Grooved","Enhance Basics Building Materials, 1513727","Trex®, Enhance Basics, Building Materials, Model 1513727, 1 in x 6 in x 16 ft, Tide Pool, Grooved",,,,,,,,,,,,,,,,,,,,,,,,,,Building Materials,Item Type,Building Materials,,Series,Enhance Basics,,Dimensions,1 in x 6 in x 16,ft,Finish Color,Tide Pool,,Edge Profile,Grooved,,,,,,,,,,,,,,,,,,,,,,,,,,,,,,,,,,,,,,,,,,,,,,,,,,,,,,,,,,,,,,,,,,,,,,,,,,,,,,,,,,,,,,,,,,,,,,,,,,,,,,,,,,,,,,,,,,,,,,,,,,,,,,,,,,,,,,,,,,,,,,,,,,,,,,,,,,,,TREX_1513727.jpg,,,,,,,,,TREX_1513727_Specification_Sheet.pdf,,,,,,,,,,,,,,,,,,Yes
https://www.trex.com/product/1513728,,,,,,,Industrial Supplies,Equipment & Hardware,Building Materials,,1513728,1nx6-20' Tide Pool Grooved - Trex Enhance Basics Decking,TREX,,,Boise Cascade Building Materials (BOICA),Trex Company Inc,Trex®,Enhance Basics,1513728,,Building Materials,"Trex, Building Materials, Enhance Basics, 1513728, 1 in x 6 in x 20 ft",BUILDING MATERIALS 1INX6INX20FT,"Trex® Enhance Basics 1513728 Building Materials 1 in x 6 in x 20 ft, Tide Pool","Trex®, Enhance Basics, Building Materials, Model 1513728, 1 in x 6 in x 20 ft, Tide Pool, Grooved","Enhance Basics Building Materials, 1513728","Trex®, Enhance Basics, Building Materials, Model 1513728, 1 in x 6 in x 20 ft, Tide Pool, Grooved",,,,,,,,,,,,,,,,,,,,,,,,,,Building Materials,Item Type,Building Materials,,Series,Enhance Basics,,Dimensions,1 in x 6 in x 20,ft,Finish Color,Tide Pool,,Edge Profile,Grooved,,,,,,,,,,,,,,,,,,,,,,,,,,,,,,,,,,,,,,,,,,,,,,,,,,,,,,,,,,,,,,,,,,,,,,,,,,,,,,,,,,,,,,,,,,,,,,,,,,,,,,,,,,,,,,,,,,,,,,,,,,,,,,,,,,,,,,,,,,,,,,,,,,,,,,,,,,,,TREX_1513728.jpg,,,,,,,,,TREX_1513728_Specification_Sheet.pdf,,,,,,,,,,,,,,,,,,Yes
https://www.trex.com/product/543076016,,,,,,,Industrial Supplies,Equipment & Hardware,Building Materials,,543076016,1nx6-16' Cinnamon Cove Sq Edge - Trex Enhance Naturals Decking,TREX,,,Boise Cascade Building Materials (BOICA),Trex Company Inc,Trex®,Enhance Naturals,543076016,,Building Materials,"Trex, Building Materials, Enhance Naturals, 543076016, 1 in x 6 in x 16 ft",BUILDING MATERIALS 1INX6INX16FT,"Trex® Enhance Naturals 543076016 Building Materials 1 in x 6 in x 16 ft, Cinnamon Cove","Trex®, Enhance Naturals, Building Materials, Model 543076016, 1 in x 6 in x 16 ft, Cinnamon Cove, Square Edge","Enhance Naturals Building Materials, 543076016","Trex®, Enhance Naturals, Building Materials, Model 543076016, 1 in x 6 in x 16 ft, Cinnamon Cove, Square Edge",,,,,,,,,,,,,,,,,,,,,,,,,,Building Materials,Item Type,Building Materials,,Series,Enhance Naturals,,Dimensions,1 in x 6 in x 16,ft,Finish Color,Cinnamon Cove,,Edge Profile,Square Edge,,,,,,,,,,,,,,,,,,,,,,,,,,,,,,,,,,,,,,,,,,,,,,,,,,,,,,,,,,,,,,,,,,,,,,,,,,,,,,,,,,,,,,,,,,,,,,,,,,,,,,,,,,,,,,,,,,,,,,,,,,,,,,,,,,,,,,,,,,,,,,,,,,,,,,,,,,,,TREX_543076016.jpg,,,,,,,,,TREX_543076016_Specification_Sheet.pdf,,,,,,,,,,,,,,,,,,Yes
https://www.trex.com/product/543076020,,,,,,,Industrial Supplies,Equipment & Hardware,Building Materials,,543076020,1nx6-20' Cinnamon Cove Sq Edge - Trex Enhance Naturals Decking,TREX,,,Boise Cascade Building Materials (BOICA),Trex Company Inc,Trex®,Enhance Naturals,543076020,,Building Materials,"Trex, Building Materials, Enhance Naturals, 543076020, 1 in x 6 in x 20 ft",BUILDING MATERIALS 1INX6INX20FT,"Trex® Enhance Naturals 543076020 Building Materials 1 in x 6 in x 20 ft, Cinnamon Cove","Trex®, Enhance Naturals, Building Materials, Model 543076020, 1 in x 6 in x 20 ft, Cinnamon Cove, Square Edge","Enhance Naturals Building Materials, 543076020","Trex®, Enhance Naturals, Building Materials, Model 543076020, 1 in x 6 in x 20 ft, Cinnamon Cove, Square Edge",,,,,,,,,,,,,,,,,,,,,,,,,,Building Materials,Item Type,Building Materials,,Series,Enhance Naturals,,Dimensions,1 in x 6 in x 20,ft,Finish Color,Cinnamon Cove,,Edge Profile,Square Edge,,,,,,,,,,,,,,,,,,,,,,,,,,,,,,,,,,,,,,,,,,,,,,,,,,,,,,,,,,,,,,,,,,,,,,,,,,,,,,,,,,,,,,,,,,,,,,,,,,,,,,,,,,,,,,,,,,,,,,,,,,,,,,,,,,,,,,,,,,,,,,,,,,,,,,,,,,,,TREX_543076020.jpg,,,,,,,,,TREX_543076020_Specification_Sheet.pdf,,,,,,,,,,,,,,,,,,Yes
https://www.trex.com/product/543076412,,,,,,,Industrial Supplies,Equipment & Hardware,Building Materials,,543076412,1nx6-12' Cinnamon Cove Grooved - Trex Enhance Naturals Decking,TREX,,,Boise Cascade Building Materials (BOICA),Trex Company Inc,Trex®,Enhance Naturals,543076412,,Building Materials,"Trex, Building Materials, Enhance Naturals, 543076412, 1 in x 6 in x 12 ft",BUILDING MATERIALS 1INX6INX12FT,"Trex® Enhance Naturals 543076412 Building Materials 1 in x 6 in x 12 ft, Cinnamon Cove","Trex®, Enhance Naturals, Building Materials, Model 543076412, 1 in x 6 in x 12 ft, Cinnamon Cove, Grooved","Enhance Naturals Building Materials, 543076412","Trex®, Enhance Naturals, Building Materials, Model 543076412, 1 in x 6 in x 12 ft, Cinnamon Cove, Grooved",,,,,,,,,,,,,,,,,,,,,,,,,,Building Materials,Item Type,Building Materials,,Series,Enhance Naturals,,Dimensions,1 in x 6 in x 12,ft,Finish Color,Cinnamon Cove,,Edge Profile,Grooved,,,,,,,,,,,,,,,,,,,,,,,,,,,,,,,,,,,,,,,,,,,,,,,,,,,,,,,,,,,,,,,,,,,,,,,,,,,,,,,,,,,,,,,,,,,,,,,,,,,,,,,,,,,,,,,,,,,,,,,,,,,,,,,,,,,,,,,,,,,,,,,,,,,,,,,,,,,,TREX_543076412.jpg,,,,,,,,,TREX_543076412_Specification_Sheet.pdf,,,,,,,,,,,,,,,,,,Yes
https://www.trex.com/product/543076416,,,,,,,Industrial Supplies,Equipment & Hardware,Building Materials,,543076416,1nx6-16' Cinnamon Cove Grooved - Trex Enhance Naturals Decking,TREX,,,Boise Cascade Building Materials (BOICA),Trex Company Inc,Trex®,Enhance Naturals,543076416,,Building Materials,"Trex, Building Materials, Enhance Naturals, 543076416, 1 in x 6 in x 16 ft",BUILDING MATERIALS 1INX6INX16FT,"Trex® Enhance Naturals 543076416 Building Materials 1 in x 6 in x 16 ft, Cinnamon Cove","Trex®, Enhance Naturals, Building Materials, Model 543076416, 1 in x 6 in x 16 ft, Cinnamon Cove, Grooved","Enhance Naturals Building Materials, 543076416","Trex®, Enhance Naturals, Building Materials, Model 543076416, 1 in x 6 in x 16 ft, Cinnamon Cove, Grooved",,,,,,,,,,,,,,,,,,,,,,,,,,Building Materials,Item Type,Building Materials,,Series,Enhance Naturals,,Dimensions,1 in x 6 in x 16,ft,Finish Color,Cinnamon Cove,,Edge Profile,Grooved,,,,,,,,,,,,,,,,,,,,,,,,,,,,,,,,,,,,,,,,,,,,,,,,,,,,,,,,,,,,,,,,,,,,,,,,,,,,,,,,,,,,,,,,,,,,,,,,,,,,,,,,,,,,,,,,,,,,,,,,,,,,,,,,,,,,,,,,,,,,,,,,,,,,,,,,,,,,TREX_543076416.jpg,,,,,,,,,TREX_543076416_Specification_Sheet.pdf,,,,,,,,,,,,,,,,,,Yes
https://www.trex.com/product/543076420,,,,,,,Industrial Supplies,Equipment & Hardware,Building Materials,,543076420,1nx6-20' Cinnamon Cove Grooved - Trex Enhance Naturals Decking,TREX,,,Boise Cascade Building Materials (BOICA),Trex Company Inc,Trex®,Enhance Naturals,543076420,,Building Materials,"Trex, Building Materials, Enhance Naturals, 543076420, 1 in x 6 in x 20 ft",BUILDING MATERIALS 1INX6INX20FT,"Trex® Enhance Naturals 543076420 Building Materials 1 in x 6 in x 20 ft, Cinnamon Cove","Trex®, Enhance Naturals, Building Materials, Model 543076420, 1 in x 6 in x 20 ft, Cinnamon Cove, Grooved","Enhance Naturals Building Materials, 543076420","Trex®, Enhance Naturals, Building Materials, Model 543076420, 1 in x 6 in x 20 ft, Cinnamon Cove, Grooved",,,,,,,,,,,,,,,,,,,,,,,,,,Building Materials,Item Type,Building Materials,,Series,Enhance Naturals,,Dimensions,1 in x 6 in x 20,ft,Finish Color,Cinnamon Cove,,Edge Profile,Grooved,,,,,,,,,,,,,,,,,,,,,,,,,,,,,,,,,,,,,,,,,,,,,,,,,,,,,,,,,,,,,,,,,,,,,,,,,,,,,,,,,,,,,,,,,,,,,,,,,,,,,,,,,,,,,,,,,,,,,,,,,,,,,,,,,,,,,,,,,,,,,,,,,,,,,,,,,,,,TREX_543076420.jpg,,,,,,,,,TREX_543076420_Specification_Sheet.pdf,,,,,,,,,,,,,,,,,,Yes
https://www.trex.com/product/1516870,,,,,,,Industrial Supplies,Equipment & Hardware,Building Materials,,1516870,1nx6-16' Golden Hour Sq Edge - Trex Enhance Naturals Decking,TREX,,,Boise Cascade Building Materials (BOICA),Trex Company Inc,Trex®,Enhance Naturals,1516870,,Building Materials,"Trex, Building Materials, Enhance Naturals, 1516870, 1 in x 6 in x 16 ft",BUILDING MATERIALS 1INX6INX16FT,"Trex® Enhance Naturals 1516870 Building Materials 1 in x 6 in x 16 ft, Golden Hour","Trex®, Enhance Naturals, Building Materials, Model 1516870, 1 in x 6 in x 16 ft, Golden Hour, Square Edge","Enhance Naturals Building Materials, 1516870","Trex®, Enhance Naturals, Building Materials, Model 1516870, 1 in x 6 in x 16 ft, Golden Hour, Square Edge",,,,,,,,,,,,,,,,,,,,,,,,,,Building Materials,Item Type,Building Materials,,Series,Enhance Naturals,,Dimensions,1 in x 6 in x 16,ft,Finish Color,Golden Hour,,Edge Profile,Square Edge,,,,,,,,,,,,,,,,,,,,,,,,,,,,,,,,,,,,,,,,,,,,,,,,,,,,,,,,,,,,,,,,,,,,,,,,,,,,,,,,,,,,,,,,,,,,,,,,,,,,,,,,,,,,,,,,,,,,,,,,,,,,,,,,,,,,,,,,,,,,,,,,,,,,,,,,,,,,TREX_1516870.jpg,,,,,,,,,TREX_1516870_Specification_Sheet.pdf,,,,,,,,,,,,,,,,,,Yes
https://www.trex.com/product/1516871,,,,,,,Industrial Supplies,Equipment & Hardware,Building Materials,,1516871,1nx6-20' Golden Hour Sq Edge - Trex Enhance Naturals Decking,TREX,,,Boise Cascade Building Materials (BOICA),Trex Company Inc,Trex®,Enhance Naturals,1516871,,Building Materials,"Trex, Building Materials, Enhance Naturals, 1516871, 1 in x 6 in x 20 ft",BUILDING MATERIALS 1INX6INX20FT,"Trex® Enhance Naturals 1516871 Building Materials 1 in x 6 in x 20 ft, Golden Hour","Trex®, Enhance Naturals, Building Materials, Model 1516871, 1 in x 6 in x 20 ft, Golden Hour, Square Edge","Enhance Naturals Building Materials, 1516871","Trex®, Enhance Naturals, Building Materials, Model 1516871, 1 in x 6 in x 20 ft, Golden Hour, Square Edge",,,,,,,,,,,,,,,,,,,,,,,,,,Building Materials,Item Type,Building Materials,,Series,Enhance Naturals,,Dimensions,1 in x 6 in x 20,ft,Finish Color,Golden Hour,,Edge Profile,Square Edge,,,,,,,,,,,,,,,,,,,,,,,,,,,,,,,,,,,,,,,,,,,,,,,,,,,,,,,,,,,,,,,,,,,,,,,,,,,,,,,,,,,,,,,,,,,,,,,,,,,,,,,,,,,,,,,,,,,,,,,,,,,,,,,,,,,,,,,,,,,,,,,,,,,,,,,,,,,,TREX_1516871.jpg,,,,,,,,,TREX_1516871_Specification_Sheet.pdf,,,,,,,,,,,,,,,,,,Yes
https://www.trex.com/product/1516872,,,,,,,Industrial Supplies,Equipment & Hardware,Building Materials,,1516872,1nx6-12' Golden Hour Grooved - Trex Enhance Naturals Decking,TREX,,,Boise Cascade Building Materials (BOICA),Trex Company Inc,Trex®,Enhance Naturals,1516872,,Building Materials,"Trex, Building Materials, Enhance Naturals, 1516872, 1 in x 6 in x 12 ft",BUILDING MATERIALS 1INX6INX12FT,"Trex® Enhance Naturals 1516872 Building Materials 1 in x 6 in x 12 ft, Golden Hour","Trex®, Enhance Naturals, Building Materials, Model 1516872, 1 in x 6 in x 12 ft, Golden Hour, Grooved","Enhance Naturals Building Materials, 1516872","Trex®, Enhance Naturals, Building Materials, Model 1516872, 1 in x 6 in x 12 ft, Golden Hour, Grooved",,,,,,,,,,,,,,,,,,,,,,,,,,Building Materials,Item Type,Building Materials,,Series,Enhance Naturals,,Dimensions,1 in x 6 in x 12,ft,Finish Color,Golden Hour,,Edge Profile,Grooved,,,,,,,,,,,,,,,,,,,,,,,,,,,,,,,,,,,,,,,,,,,,,,,,,,,,,,,,,,,,,,,,,,,,,,,,,,,,,,,,,,,,,,,,,,,,,,,,,,,,,,,,,,,,,,,,,,,,,,,,,,,,,,,,,,,,,,,,,,,,,,,,,,,,,,,,,,,,TREX_1516872.jpg,,,,,,,,,TREX_1516872_Specification_Sheet.pdf,,,,,,,,,,,,,,,,,,Yes
https://www.trex.com/product/1516873,,,,,,,Industrial Supplies,Equipment & Hardware,Building Materials,,1516873,1nx6-16' Golden Hour Grooved - Trex Enhance Naturals Decking,TREX,,,Boise Cascade Building Materials (BOICA),Trex Company Inc,Trex®,Enhance Naturals,1516873,,Building Materials,"Trex, Building Materials, Enhance Naturals, 1516873, 1 in x 6 in x 16 ft",BUILDING MATERIALS 1INX6INX16FT,"Trex® Enhance Naturals 1516873 Building Materials 1 in x 6 in x 16 ft, Golden Hour","Trex®, Enhance Naturals, Building Materials, Model 1516873, 1 in x 6 in x 16 ft, Golden Hour, Grooved","Enhance Naturals Building Materials, 1516873","Trex®, Enhance Naturals, Building Materials, Model 1516873, 1 in x 6 in x 16 ft, Golden Hour, Grooved",,,,,,,,,,,,,,,,,,,,,,,,,,Building Materials,Item Type,Building Materials,,Series,Enhance Naturals,,Dimensions,1 in x 6 in x 16,ft,Finish Color,Golden Hour,,Edge Profile,Grooved,,,,,,,,,,,,,,,,,,,,,,,,,,,,,,,,,,,,,,,,,,,,,,,,,,,,,,,,,,,,,,,,,,,,,,,,,,,,,,,,,,,,,,,,,,,,,,,,,,,,,,,,,,,,,,,,,,,,,,,,,,,,,,,,,,,,,,,,,,,,,,,,,,,,,,,,,,,,TREX_1516873.jpg,,,,,,,,,TREX_1516873_Specification_Sheet.pdf,,,,,,,,,,,,,,,,,,Yes
https://www.trex.com/product/1516874,,,,,,,Industrial Supplies,Equipment & Hardware,Building Materials,,1516874,1nx6-20' Golden Hour Grooved - Trex Enhance Naturals Decking,TREX,,,Boise Cascade Building Materials (BOICA),Trex Company Inc,Trex®,Enhance Naturals,1516874,,Building Materials,"Trex, Building Materials, Enhance Naturals, 1516874, 1 in x 6 in x 20 ft",BUILDING MATERIALS 1INX6INX20FT,"Trex® Enhance Naturals 1516874 Building Materials 1 in x 6 in x 20 ft, Golden Hour","Trex®, Enhance Naturals, Building Materials, Model 1516874, 1 in x 6 in x 20 ft, Golden Hour, Grooved","Enhance Naturals Building Materials, 1516874","Trex®, Enhance Naturals, Building Materials, Model 1516874, 1 in x 6 in x 20 ft, Golden Hour, Grooved",,,,,,,,,,,,,,,,,,,,,,,,,,Building Materials,Item Type,Building Materials,,Series,Enhance Naturals,,Dimensions,1 in x 6 in x 20,ft,Finish Color,Golden Hour,,Edge Profile,Grooved,,,,,,,,,,,,,,,,,,,,,,,,,,,,,,,,,,,,,,,,,,,,,,,,,,,,,,,,,,,,,,,,,,,,,,,,,,,,,,,,,,,,,,,,,,,,,,,,,,,,,,,,,,,,,,,,,,,,,,,,,,,,,,,,,,,,,,,,,,,,,,,,,,,,,,,,,,,,TREX_1516874.jpg,,,,,,,,,TREX_1516874_Specification_Sheet.pdf,,,,,,,,,,,,,,,,,,Yes
https://www.trex.com/product/1516879,,,,,,,Industrial Supplies,Equipment & Hardware,Building Materials,,1516879,1nx6-16' Pebble Beach Sq Edge - Trex Enhance Basics Decking,TREX,,,Boise Cascade Building Materials (BOICA),Trex Company Inc,Trex®,Enhance Basics,1516879,,Building Materials,"Trex, Building Materials, Enhance Basics, 1516879, 1 in x 6 in x 16 ft",BUILDING MATERIALS 1INX6INX16FT,"Trex® Enhance Basics 1516879 Building Materials 1 in x 6 in x 16 ft, Pebble Beach","Trex®, Enhance Basics, Building Materials, Model 1516879, 1 in x 6 in x 16 ft, Pebble Beach, Square Edge","Enhance Basics Building Materials, 1516879","Trex®, Enhance Basics, Building Materials, Model 1516879, 1 in x 6 in x 16 ft, Pebble Beach, Square Edge",,,,,,,,,,,,,,,,,,,,,,,,,,Building Materials,Item Type,Building Materials,,Series,Enhance Basics,,Dimensions,1 in x 6 in x 16,ft,Finish Color,Pebble Beach,,Edge Profile,Square Edge,,,,,,,,,,,,,,,,,,,,,,,,,,,,,,,,,,,,,,,,,,,,,,,,,,,,,,,,,,,,,,,,,,,,,,,,,,,,,,,,,,,,,,,,,,,,,,,,,,,,,,,,,,,,,,,,,,,,,,,,,,,,,,,,,,,,,,,,,,,,,,,,,,,,,,,,,,,,TREX_1516879.jpg,,,,,,,,,TREX_1516879_Specification_Sheet.pdf,,,,,,,,,,,,,,,,,,Yes
https://www.trex.com/product/1516880,,,,,,,Industrial Supplies,Equipment & Hardware,Building Materials,,1516880,1nx6-20' Pebble Beach Sq Edge - Trex Enhance Basics Decking,TREX,,,Boise Cascade Building Materials (BOICA),Trex Company Inc,Trex®,Enhance Basics,1516880,,Building Materials,"Trex, Building Materials, Enhance Basics, 1516880, 1 in x 6 in x 20 ft",BUILDING MATERIALS 1INX6INX20FT,"Trex® Enhance Basics 1516880 Building Materials 1 in x 6 in x 20 ft, Pebble Beach","Trex®, Enhance Basics, Building Materials, Model 1516880, 1 in x 6 in x 20 ft, Pebble Beach, Square Edge","Enhance Basics Building Materials, 1516880","Trex®, Enhance Basics, Building Materials, Model 1516880, 1 in x 6 in x 20 ft, Pebble Beach, Square Edge",,,,,,,,,,,,,,,,,,,,,,,,,,Building Materials,Item Type,Building Materials,,Series,Enhance Basics,,Dimensions,1 in x 6 in x 20,ft,Finish Color,Pebble Beach,,Edge Profile,Square Edge,,,,,,,,,,,,,,,,,,,,,,,,,,,,,,,,,,,,,,,,,,,,,,,,,,,,,,,,,,,,,,,,,,,,,,,,,,,,,,,,,,,,,,,,,,,,,,,,,,,,,,,,,,,,,,,,,,,,,,,,,,,,,,,,,,,,,,,,,,,,,,,,,,,,,,,,,,,,TREX_1516880.jpg,,,,,,,,,TREX_1516880_Specification_Sheet.pdf,,,,,,,,,,,,,,,,,,Yes
https://www.trex.com/product/1516881,,,,,,,Industrial Supplies,Equipment & Hardware,Building Materials,,1516881,1nx6-12' Pebble Beach Grooved - Trex Enhance Basics Decking,TREX,,,Boise Cascade Building Materials (BOICA),Trex Company Inc,Trex®,Enhance Basics,1516881,,Building Materials,"Trex, Building Materials, Enhance Basics, 1516881, 1 in x 6 in x 12 ft",BUILDING MATERIALS 1INX6INX12FT,"Trex® Enhance Basics 1516881 Building Materials 1 in x 6 in x 12 ft, Pebble Beach","Trex®, Enhance Basics, Building Materials, Model 1516881, 1 in x 6 in x 12 ft, Pebble Beach, Grooved","Enhance Basics Building Materials, 1516881","Trex®, Enhance Basics, Building Materials, Model 1516881, 1 in x 6 in x 12 ft, Pebble Beach, Grooved",,,,,,,,,,,,,,,,,,,,,,,,,,Building Materials,Item Type,Building Materials,,Series,Enhance Basics,,Dimensions,1 in x 6 in x 12,ft,Finish Color,Pebble Beach,,Edge Profile,Grooved,,,,,,,,,,,,,,,,,,,,,,,,,,,,,,,,,,,,,,,,,,,,,,,,,,,,,,,,,,,,,,,,,,,,,,,,,,,,,,,,,,,,,,,,,,,,,,,,,,,,,,,,,,,,,,,,,,,,,,,,,,,,,,,,,,,,,,,,,,,,,,,,,,,,,,,,,,,,TREX_1516881.jpg,,,,,,,,,TREX_1516881_Specification_Sheet.pdf,,,,,,,,,,,,,,,,,,Yes
https://www.trex.com/product/1516882,,,,,,,Industrial Supplies,Equipment & Hardware,Building Materials,,1516882,1nx6-16' Pebble Beach Grooved - Trex Enhance Basics Decking,TREX,,,Boise Cascade Building Materials (BOICA),Trex Company Inc,Trex®,Enhance Basics,1516882,,Building Materials,"Trex, Building Materials, Enhance Basics, 1516882, 1 in x 6 in x 16 ft",BUILDING MATERIALS 1INX6INX16FT,"Trex® Enhance Basics 1516882 Building Materials 1 in x 6 in x 16 ft, Pebble Beach","Trex®, Enhance Basics, Building Materials, Model 1516882, 1 in x 6 in x 16 ft, Pebble Beach, Grooved","Enhance Basics Building Materials, 1516882","Trex®, Enhance Basics, Building Materials, Model 1516882, 1 in x 6 in x 16 ft, Pebble Beach, Grooved",,,,,,,,,,,,,,,,,,,,,,,,,,Building Materials,Item Type,Building Materials,,Series,Enhance Basics,,Dimensions,1 in x 6 in x 16,ft,Finish Color,Pebble Beach,,Edge Profile,Grooved,,,,,,,,,,,,,,,,,,,,,,,,,,,,,,,,,,,,,,,,,,,,,,,,,,,,,,,,,,,,,,,,,,,,,,,,,,,,,,,,,,,,,,,,,,,,,,,,,,,,,,,,,,,,,,,,,,,,,,,,,,,,,,,,,,,,,,,,,,,,,,,,,,,,,,,,,,,,TREX_1516882.jpg,,,,,,,,,TREX_1516882_Specification_Sheet.pdf,,,,,,,,,,,,,,,,,,Yes
https://www.trex.com/product/1516883,,,,,,,Industrial Supplies,Equipment & Hardware,Building Materials,,1516883,1nx6-20' Pebble Beach Grooved - Trex Enhance Basics Decking,TREX,,,Boise Cascade Building Materials (BOICA),Trex Company Inc,Trex®,Enhance Basics,1516883,,Building Materials,"Trex, Building Materials, Enhance Basics, 1516883, 1 in x 6 in x 20 ft",BUILDING MATERIALS 1INX6INX20FT,"Trex® Enhance Basics 1516883 Building Materials 1 in x 6 in x 20 ft, Pebble Beach","Trex®, Enhance Basics, Building Materials, Model 1516883, 1 in x 6 in x 20 ft, Pebble Beach, Grooved","Enhance Basics Building Materials, 1516883","Trex®, Enhance Basics, Building Materials, Model 1516883, 1 in x 6 in x 20 ft, Pebble Beach, Grooved",,,,,,,,,,,,,,,,,,,,,,,,,,Building Materials,Item Type,Building Materials,,Series,Enhance Basics,,Dimensions,1 in x 6 in x 20,ft,Finish Color,Pebble Beach,,Edge Profile,Grooved,,,,,,,,,,,,,,,,,,,,,,,,,,,,,,,,,,,,,,,,,,,,,,,,,,,,,,,,,,,,,,,,,,,,,,,,,,,,,,,,,,,,,,,,,,,,,,,,,,,,,,,,,,,,,,,,,,,,,,,,,,,,,,,,,,,,,,,,,,,,,,,,,,,,,,,,,,,,TREX_1516883.jpg,,,,,,,,,TREX_1516883_Specification_Sheet.pdf,,,,,,,,,,,,,,,,,,Yes
https://www.trex.com/product/543005016,,,,,,,Industrial Supplies,Equipment & Hardware,Building Materials,,543005016,7/8nx6-16' Malted Barley Sq Edge - Trex Select 2.0 Decking,TREX,,,Boise Cascade Building Materials (BOICA),Trex Company Inc,Trex®,Select 2.0,543005016,,Building Materials,"Trex, Building Materials, Select 2.0, 543005016, 7/8 in x 6 in x 16 ft",BUILDING MATERIALS 7/8INX6INX16FT,"Trex® Select 2.0 543005016 Building Materials 7/8 in x 6 in x 16 ft, Malted Barley","Trex®, Select 2.0, Building Materials, Model 543005016, 7/8 in x 6 in x 16 ft, Malted Barley, Square Edge","Select 2.0 Building Materials, 543005016","Trex®, Select 2.0, Building Materials, Model 543005016, 7/8 in x 6 in x 16 ft, Malted Barley, Square Edge",,,,,,,,,,,,,,,,,,,,,,,,,,Building Materials,Item Type,Building Materials,,Series,Select 2.0,,Dimensions,7/8 in x 6 in x 16,ft,Finish Color,Malted Barley,,Edge Profile,Square Edge,,,,,,,,,,,,,,,,,,,,,,,,,,,,,,,,,,,,,,,,,,,,,,,,,,,,,,,,,,,,,,,,,,,,,,,,,,,,,,,,,,,,,,,,,,,,,,,,,,,,,,,,,,,,,,,,,,,,,,,,,,,,,,,,,,,,,,,,,,,,,,,,,,,,,,,,,,,,TREX_543005016.jpg,,,,,,,,,TREX_543005016_Specification_Sheet.pdf,,,,,,,,,,,,,,,,,,Yes
https://www.trex.com/product/543005020,,,,,,,Industrial Supplies,Equipment & Hardware,Building Materials,,543005020,7/8nx6-20' Malted Barley Sq Edge - Trex Select 2.0 Decking,TREX,,,Boise Cascade Building Materials (BOICA),Trex Company Inc,Trex®,Select 2.0,543005020,,Building Materials,"Trex, Building Materials, Select 2.0, 543005020, 7/8 in x 6 in x 20 ft",BUILDING MATERIALS 7/8INX6INX20FT,"Trex® Select 2.0 543005020 Building Materials 7/8 in x 6 in x 20 ft, Malted Barley","Trex®, Select 2.0, Building Materials, Model 543005020, 7/8 in x 6 in x 20 ft, Malted Barley, Square Edge","Select 2.0 Building Materials, 543005020","Trex®, Select 2.0, Building Materials, Model 543005020, 7/8 in x 6 in x 20 ft, Malted Barley, Square Edge",,,,,,,,,,,,,,,,,,,,,,,,,,Building Materials,Item Type,Building Materials,,Series,Select 2.0,,Dimensions,7/8 in x 6 in x 20,ft,Finish Color,Malted Barley,,Edge Profile,Square Edge,,,,,,,,,,,,,,,,,,,,,,,,,,,,,,,,,,,,,,,,,,,,,,,,,,,,,,,,,,,,,,,,,,,,,,,,,,,,,,,,,,,,,,,,,,,,,,,,,,,,,,,,,,,,,,,,,,,,,,,,,,,,,,,,,,,,,,,,,,,,,,,,,,,,,,,,,,,,TREX_543005020.jpg,,,,,,,,,TREX_543005020_Specification_Sheet.pdf,,,,,,,,,,,,,,,,,,Yes
https://www.trex.com/product/543005412,,,,,,,Industrial Supplies,Equipment & Hardware,Building Materials,,543005412,7/8nx6-12' Malted Barley Grooved - Trex Select 2.0 Decking,TREX,,,Boise Cascade Building Materials (BOICA),Trex Company Inc,Trex®,Select 2.0,543005412,,Building Materials,"Trex, Building Materials, Select 2.0, 543005412, 7/8 in x 6 in x 12 ft",BUILDING MATERIALS 7/8INX6INX12FT,"Trex® Select 2.0 543005412 Building Materials 7/8 in x 6 in x 12 ft, Malted Barley","Trex®, Select 2.0, Building Materials, Model 543005412, 7/8 in x 6 in x 12 ft, Malted Barley, Grooved","Select 2.0 Building Materials, 543005412","Trex®, Select 2.0, Building Materials, Model 543005412, 7/8 in x 6 in x 12 ft, Malted Barley, Grooved",,,,,,,,,,,,,,,,,,,,,,,,,,Building Materials,Item Type,Building Materials,,Series,Select 2.0,,Dimensions,7/8 in x 6 in x 12,ft,Finish Color,Malted Barley,,Edge Profile,Grooved,,,,,,,,,,,,,,,,,,,,,,,,,,,,,,,,,,,,,,,,,,,,,,,,,,,,,,,,,,,,,,,,,,,,,,,,,,,,,,,,,,,,,,,,,,,,,,,,,,,,,,,,,,,,,,,,,,,,,,,,,,,,,,,,,,,,,,,,,,,,,,,,,,,,,,,,,,,,TREX_543005412.jpg,,,,,,,,,TREX_543005412_Specification_Sheet.pdf,,,,,,,,,,,,,,,,,,Yes
https://www.trex.com/product/543005416,,,,,,,Industrial Supplies,Equipment & Hardware,Building Materials,,543005416,7/8nx6-16' Malted Barley Grooved - Trex Select 2.0 Decking,TREX,,,Boise Cascade Building Materials (BOICA),Trex Company Inc,Trex®,Select 2.0,543005416,,Building Materials,"Trex, Building Materials, Select 2.0, 543005416, 7/8 in x 6 in x 16 ft",BUILDING MATERIALS 7/8INX6INX16FT,"Trex® Select 2.0 543005416 Building Materials 7/8 in x 6 in x 16 ft, Malted Barley","Trex®, Select 2.0, Building Materials, Model 543005416, 7/8 in x 6 in x 16 ft, Malted Barley, Grooved","Select 2.0 Building Materials, 543005416","Trex®, Select 2.0, Building Materials, Model 543005416, 7/8 in x 6 in x 16 ft, Malted Barley, Grooved",,,,,,,,,,,,,,,,,,,,,,,,,,Building Materials,Item Type,Building Materials,,Series,Select 2.0,,Dimensions,7/8 in x 6 in x 16,ft,Finish Color,Malted Barley,,Edge Profile,Grooved,,,,,,,,,,,,,,,,,,,,,,,,,,,,,,,,,,,,,,,,,,,,,,,,,,,,,,,,,,,,,,,,,,,,,,,,,,,,,,,,,,,,,,,,,,,,,,,,,,,,,,,,,,,,,,,,,,,,,,,,,,,,,,,,,,,,,,,,,,,,,,,,,,,,,,,,,,,,TREX_543005416.jpg,,,,,,,,,TREX_543005416_Specification_Sheet.pdf,,,,,,,,,,,,,,,,,,Yes
https://www.trex.com/product/543005420,,,,,,,Industrial Supplies,Equipment & Hardware,Building Materials,,543005420,7/8nx6-20' Malted Barley Grooved - Trex Select 2.0 Decking,TREX,,,Boise Cascade Building Materials (BOICA),Trex Company Inc,Trex®,Select 2.0,543005420,,Building Materials,"Trex, Building Materials, Select 2.0, 543005420, 7/8 in x 6 in x 20 ft",BUILDING MATERIALS 7/8INX6INX20FT,"Trex® Select 2.0 543005420 Building Materials 7/8 in x 6 in x 20 ft, Malted Barley","Trex®, Select 2.0, Building Materials, Model 543005420, 7/8 in x 6 in x 20 ft, Malted Barley, Grooved","Select 2.0 Building Materials, 543005420","Trex®, Select 2.0, Building Materials, Model 543005420, 7/8 in x 6 in x 20 ft, Malted Barley, Grooved",,,,,,,,,,,,,,,,,,,,,,,,,,Building Materials,Item Type,Building Materials,,Series,Select 2.0,,Dimensions,7/8 in x 6 in x 20,ft,Finish Color,Malted Barley,,Edge Profile,Grooved,,,,,,,,,,,,,,,,,,,,,,,,,,,,,,,,,,,,,,,,,,,,,,,,,,,,,,,,,,,,,,,,,,,,,,,,,,,,,,,,,,,,,,,,,,,,,,,,,,,,,,,,,,,,,,,,,,,,,,,,,,,,,,,,,,,,,,,,,,,,,,,,,,,,,,,,,,,,TREX_543005420.jpg,,,,,,,,,TREX_543005420_Specification_Sheet.pdf,,,,,,,,,,,,,,,,,,Yes
https://www.trex.com/product/1516891,,,,,,,Industrial Supplies,Equipment & Hardware,Building Materials,,1516891,7/8nx6-16' Millstone Sq Edge - Trex Select 2.0 Decking,TREX,,,Boise Cascade Building Materials (BOICA),Trex Company Inc,Trex®,Select 2.0,1516891,,Building Materials,"Trex, Building Materials, Select 2.0, 1516891, 7/8 in x 6 in x 16 ft, Millstone",BUILDING MATERIALS 7/8INX6INX16FT,"Trex® Select 2.0 1516891 Building Materials 7/8 in x 6 in x 16 ft, Millstone","Trex®, Select 2.0, Building Materials, Model 1516891, 7/8 in x 6 in x 16 ft, Millstone, Square Edge","Select 2.0 Building Materials, 1516891","Trex®, Select 2.0, Building Materials, Model 1516891, 7/8 in x 6 in x 16 ft, Millstone, Square Edge",,,,,,,,,,,,,,,,,,,,,,,,,,Building Materials,Item Type,Building Materials,,Series,Select 2.0,,Dimensions,7/8 in x 6 in x 16,ft,Finish Color,Millstone,,Edge Profile,Square Edge,,,,,,,,,,,,,,,,,,,,,,,,,,,,,,,,,,,,,,,,,,,,,,,,,,,,,,,,,,,,,,,,,,,,,,,,,,,,,,,,,,,,,,,,,,,,,,,,,,,,,,,,,,,,,,,,,,,,,,,,,,,,,,,,,,,,,,,,,,,,,,,,,,,,,,,,,,,,TREX_1516891.jpg,,,,,,,,,TREX_1516891_Specification_Sheet.pdf,,,,,,,,,,,,,,,,,,Yes
https://www.trex.com/product/1516892,,,,,,,Industrial Supplies,Equipment & Hardware,Building Materials,,1516892,7/8nx6-20' Millstone Sq Edge -Trex Select 2.0 Decking,TREX,,,Boise Cascade Building Materials (BOICA),Trex Company Inc,Trex®,Select 2.0,1516892,,Building Materials,"Trex, Building Materials, Select 2.0, 1516892, 7/8 in x 6 in x 20 ft, Millstone",BUILDING MATERIALS 7/8INX6INX20FT,"Trex® Select 2.0 1516892 Building Materials 7/8 in x 6 in x 20 ft, Millstone","Trex®, Select 2.0, Building Materials, Model 1516892, 7/8 in x 6 in x 20 ft, Millstone, Square Edge","Select 2.0 Building Materials, 1516892","Trex®, Select 2.0, Building Materials, Model 1516892, 7/8 in x 6 in x 20 ft, Millstone, Square Edge",,,,,,,,,,,,,,,,,,,,,,,,,,Building Materials,Item Type,Building Materials,,Series,Select 2.0,,Dimensions,7/8 in x 6 in x 20,ft,Finish Color,Millstone,,Edge Profile,Square Edge,,,,,,,,,,,,,,,,,,,,,,,,,,,,,,,,,,,,,,,,,,,,,,,,,,,,,,,,,,,,,,,,,,,,,,,,,,,,,,,,,,,,,,,,,,,,,,,,,,,,,,,,,,,,,,,,,,,,,,,,,,,,,,,,,,,,,,,,,,,,,,,,,,,,,,,,,,,,TREX_1516892.jpg,,,,,,,,,TREX_1516892_Specification_Sheet.pdf,,,,,,,,,,,,,,,,,,Yes
https://www.trex.com/product/1516893,,,,,,,Industrial Supplies,Equipment & Hardware,Building Materials,,1516893,7/8nx6-12' Millstone Grooved - Trex Select 2.0 Decking,TREX,,,Boise Cascade Building Materials (BOICA),Trex Company Inc,Trex®,Select 2.0,1516893,,Building Materials,"Trex, Building Materials, Select 2.0, 1516893, 7/8 in x 6 in x 12 ft, Millstone",BUILDING MATERIALS 7/8INX6INX12FT,"Trex® Select 2.0 1516893 Building Materials 7/8 in x 6 in x 12 ft, Millstone","Trex®, Select 2.0, Building Materials, Model 1516893, 7/8 in x 6 in x 12 ft, Millstone, Grooved","Select 2.0 Building Materials, 1516893","Trex®, Select 2.0, Building Materials, Model 1516893, 7/8 in x 6 in x 12 ft, Millstone, Grooved",,,,,,,,,,,,,,,,,,,,,,,,,,Building Materials,Item Type,Building Materials,,Series,Select 2.0,,Dimensions,7/8 in x 6 in x 12,ft,Finish Color,Millstone,,Edge Profile,Grooved,,,,,,,,,,,,,,,,,,,,,,,,,,,,,,,,,,,,,,,,,,,,,,,,,,,,,,,,,,,,,,,,,,,,,,,,,,,,,,,,,,,,,,,,,,,,,,,,,,,,,,,,,,,,,,,,,,,,,,,,,,,,,,,,,,,,,,,,,,,,,,,,,,,,,,,,,,,,TREX_1516893.jpg,,,,,,,,,TREX_1516893_Specification_Sheet.pdf,,,,,,,,,,,,,,,,,,Yes
https://www.trex.com/product/1516894,,,,,,,Industrial Supplies,Equipment & Hardware,Building Materials,,1516894,7/8nx6-16' Millstone Grooved - Trex Select 2.0 Decking,TREX,,,Boise Cascade Building Materials (BOICA),Trex Company Inc,Trex®,Select 2.0,1516894,,Building Materials,"Trex, Building Materials, Select 2.0, 1516894, 7/8 in x 6 in x 16 ft, Millstone",BUILDING MATERIALS 7/8INX6INX16FT,"Trex® Select 2.0 1516894 Building Materials 7/8 in x 6 in x 16 ft, Millstone","Trex®, Select 2.0, Building Materials, Model 1516894, 7/8 in x 6 in x 16 ft, Millstone, Grooved","Select 2.0 Building Materials, 1516894","Trex®, Select 2.0, Building Materials, Model 1516894, 7/8 in x 6 in x 16 ft, Millstone, Grooved",,,,,,,,,,,,,,,,,,,,,,,,,,Building Materials,Item Type,Building Materials,,Series,Select 2.0,,Dimensions,7/8 in x 6 in x 16,ft,Finish Color,Millstone,,Edge Profile,Grooved,,,,,,,,,,,,,,,,,,,,,,,,,,,,,,,,,,,,,,,,,,,,,,,,,,,,,,,,,,,,,,,,,,,,,,,,,,,,,,,,,,,,,,,,,,,,,,,,,,,,,,,,,,,,,,,,,,,,,,,,,,,,,,,,,,,,,,,,,,,,,,,,,,,,,,,,,,,,TREX_1516894.jpg,,,,,,,,,TREX_1516894_Specification_Sheet.pdf,,,,,,,,,,,,,,,,,,Yes
https://www.trex.com/product/1516895,,,,,,,Industrial Supplies,Equipment & Hardware,Building Materials,,1516895,7/8nx6-20' Millstone Grooved - Trex Select 2.0 Decking,TREX,,,Boise Cascade Building Materials (BOICA),Trex Company Inc,Trex®,Select 2.0,1516895,,Building Materials,"Trex, Building Materials, Select 2.0, 1516895, 7/8 in x 6 in x 20 ft, Millstone",BUILDING MATERIALS 7/8INX6INX20FT,"Trex® Select 2.0 1516895 Building Materials 7/8 in x 6 in x 20 ft, Millstone","Trex®, Select 2.0, Building Materials, Model 1516895, 7/8 in x 6 in x 20 ft, Millstone, Grooved","Select 2.0 Building Materials, 1516895","Trex®, Select 2.0, Building Materials, Model 1516895, 7/8 in x 6 in x 20 ft, Millstone, Grooved",,,,,,,,,,,,,,,,,,,,,,,,,,Building Materials,Item Type,Building Materials,,Series,Select 2.0,,Dimensions,7/8 in x 6 in x 20,ft,Finish Color,Millstone,,Edge Profile,Grooved,,,,,,,,,,,,,,,,,,,,,,,,,,,,,,,,,,,,,,,,,,,,,,,,,,,,,,,,,,,,,,,,,,,,,,,,,,,,,,,,,,,,,,,,,,,,,,,,,,,,,,,,,,,,,,,,,,,,,,,,,,,,,,,,,,,,,,,,,,,,,,,,,,,,,,,,,,,,TREX_1516895.jpg,,,,,,,,,TREX_1516895_Specification_Sheet.pdf,,,,,,,,,,,,,,,,,,Yes
https://www.trex.com/product/543007016,,,,,,,Industrial Supplies,Equipment & Hardware,Building Materials,,543007016,7/8nx6-16' Whiskey Barrel Sq Edge - Trex Select 2.0 Decking,TREX,,,Boise Cascade Building Materials (BOICA),Trex Company Inc,Trex®,Select 2.0,543007016,,Building Materials,"Trex, Building Materials, Select 2.0, 543007016, 7/8 in x 6 in x 16 ft",BUILDING MATERIALS 7/8INX6INX16FT,"Trex® Select 2.0 543007016 Building Materials 7/8 in x 6 in x 16 ft, Whiskey Barrel","Trex®, Select 2.0, Building Materials, Model 543007016, 7/8 in x 6 in x 16 ft, Whiskey Barrel, Square Edge","Select 2.0 Building Materials, 543007016","Trex®, Select 2.0, Building Materials, Model 543007016, 7/8 in x 6 in x 16 ft, Whiskey Barrel, Square Edge",,,,,,,,,,,,,,,,,,,,,,,,,,Building Materials,Item Type,Building Materials,,Series,Select 2.0,,Dimensions,7/8 in x 6 in x 16,ft,Finish Color,Whiskey Barrel,,Edge Profile,Square Edge,,,,,,,,,,,,,,,,,,,,,,,,,,,,,,,,,,,,,,,,,,,,,,,,,,,,,,,,,,,,,,,,,,,,,,,,,,,,,,,,,,,,,,,,,,,,,,,,,,,,,,,,,,,,,,,,,,,,,,,,,,,,,,,,,,,,,,,,,,,,,,,,,,,,,,,,,,,,TREX_543007016.jpg,,,,,,,,,TREX_543007016_Specification_Sheet.pdf,,,,,,,,,,,,,,,,,,Yes
https://www.trex.com/product/543007020,,,,,,,Industrial Supplies,Equipment & Hardware,Building Materials,,543007020,7/8nx6-20' Whiskey Barrel Sq Edge - Trex Select 2.0 Decking,TREX,,,Boise Cascade Building Materials (BOICA),Trex Company Inc,Trex®,Select 2.0,543007020,,Building Materials,"Trex, Building Materials, Select 2.0, 543007020, 7/8 in x 6 in x 20 ft",BUILDING MATERIALS 7/8INX6INX20FT,"Trex® Select 2.0 543007020 Building Materials 7/8 in x 6 in x 20 ft, Whiskey Barrel","Trex®, Select 2.0, Building Materials, Model 543007020, 7/8 in x 6 in x 20 ft, Whiskey Barrel, Square Edge","Select 2.0 Building Materials, 543007020","Trex®, Select 2.0, Building Materials, Model 543007020, 7/8 in x 6 in x 20 ft, Whiskey Barrel, Square Edge",,,,,,,,,,,,,,,,,,,,,,,,,,Building Materials,Item Type,Building Materials,,Series,Select 2.0,,Dimensions,7/8 in x 6 in x 20,ft,Finish Color,Whiskey Barrel,,Edge Profile,Square Edge,,,,,,,,,,,,,,,,,,,,,,,,,,,,,,,,,,,,,,,,,,,,,,,,,,,,,,,,,,,,,,,,,,,,,,,,,,,,,,,,,,,,,,,,,,,,,,,,,,,,,,,,,,,,,,,,,,,,,,,,,,,,,,,,,,,,,,,,,,,,,,,,,,,,,,,,,,,,TREX_543007020.jpg,,,,,,,,,TREX_543007020_Specification_Sheet.pdf,,,,,,,,,,,,,,,,,,Yes
https://www.trex.com/product/543007412,,,,,,,Industrial Supplies,Equipment & Hardware,Building Materials,,543007412,7/8nx6-12' Whiskey Barrel Grooved - Trex Select 2.0 Decking,TREX,,,Boise Cascade Building Materials (BOICA),Trex Company Inc,Trex®,Select 2.0,543007412,,Building Materials,"Trex, Building Materials, Select 2.0, 543007412, 7/8 in x 6 in x 12 ft",BUILDING MATERIALS 7/8INX6INX12FT,"Trex® Select 2.0 543007412 Building Materials 7/8 in x 6 in x 12 ft, Whiskey Barrel","Trex®, Select 2.0, Building Materials, Model 543007412, 7/8 in x 6 in x 12 ft, Whiskey Barrel, Grooved","Select 2.0 Building Materials, 543007412","Trex®, Select 2.0, Building Materials, Model 543007412, 7/8 in x 6 in x 12 ft, Whiskey Barrel, Grooved",,,,,,,,,,,,,,,,,,,,,,,,,,Building Materials,Item Type,Building Materials,,Series,Select 2.0,,Dimensions,7/8 in x 6 in x 12,ft,Finish Color,Whiskey Barrel,,Edge Profile,Grooved,,,,,,,,,,,,,,,,,,,,,,,,,,,,,,,,,,,,,,,,,,,,,,,,,,,,,,,,,,,,,,,,,,,,,,,,,,,,,,,,,,,,,,,,,,,,,,,,,,,,,,,,,,,,,,,,,,,,,,,,,,,,,,,,,,,,,,,,,,,,,,,,,,,,,,,,,,,,TREX_543007412.jpg,,,,,,,,,TREX_543007412_Specification_Sheet.pdf,,,,,,,,,,,,,,,,,,Yes
https://www.trex.com/product/543007416,,,,,,,Industrial Supplies,Equipment & Hardware,Building Materials,,543007416,7/8nx6-16' Whiskey Barrel Grooved - Trex Select 2.0 Decking,TREX,,,Boise Cascade Building Materials (BOICA),Trex Company Inc,Trex®,Select 2.0,543007416,,Building Materials,"Trex, Building Materials, Select 2.0, 543007416, 7/8 in x 6 in x 16 ft",BUILDING MATERIALS 7/8INX6INX16FT,"Trex® Select 2.0 543007416 Building Materials 7/8 in x 6 in x 16 ft, Whiskey Barrel","Trex®, Select 2.0, Building Materials, Model 543007416, 7/8 in x 6 in x 16 ft, Whiskey Barrel, Grooved","Select 2.0 Building Materials, 543007416","Trex®, Select 2.0, Building Materials, Model 543007416, 7/8 in x 6 in x 16 ft, Whiskey Barrel, Grooved",,,,,,,,,,,,,,,,,,,,,,,,,,Building Materials,Item Type,Building Materials,,Series,Select 2.0,,Dimensions,7/8 in x 6 in x 16,ft,Finish Color,Whiskey Barrel,,Edge Profile,Grooved,,,,,,,,,,,,,,,,,,,,,,,,,,,,,,,,,,,,,,,,,,,,,,,,,,,,,,,,,,,,,,,,,,,,,,,,,,,,,,,,,,,,,,,,,,,,,,,,,,,,,,,,,,,,,,,,,,,,,,,,,,,,,,,,,,,,,,,,,,,,,,,,,,,,,,,,,,,,TREX_543007416.jpg,,,,,,,,,TREX_543007416_Specification_Sheet.pdf,,,,,,,,,,,,,,,,,,Yes
https://www.trex.com/product/543007420,,,,,,,Industrial Supplies,Equipment & Hardware,Building Materials,,543007420,7/8nx6-20' Whiskey Barrel Grooved - Trex Select 2.0 Decking,TREX,,,Boise Cascade Building Materials (BOICA),Trex Company Inc,Trex®,Select 2.0,543007420,,Building Materials,"Trex, Building Materials, Select 2.0, 543007420, 7/8 in x 6 in x 20 ft",BUILDING MATERIALS 7/8INX6INX20FT,"Trex® Select 2.0 543007420 Building Materials 7/8 in x 6 in x 20 ft, Whiskey Barrel","Trex®, Select 2.0, Building Materials, Model 543007420, 7/8 in x 6 in x 20 ft, Whiskey Barrel, Grooved","Select 2.0 Building Materials, 543007420","Trex®, Select 2.0, Building Materials, Model 543007420, 7/8 in x 6 in x 20 ft, Whiskey Barrel, Grooved",,,,,,,,,,,,,,,,,,,,,,,,,,Building Materials,Item Type,Building Materials,,Series,Select 2.0,,Dimensions,7/8 in x 6 in x 20,ft,Finish Color,Whiskey Barrel,,Edge Profile,Grooved,,,,,,,,,,,,,,,,,,,,,,,,,,,,,,,,,,,,,,,,,,,,,,,,,,,,,,,,,,,,,,,,,,,,,,,,,,,,,,,,,,,,,,,,,,,,,,,,,,,,,,,,,,,,,,,,,,,,,,,,,,,,,,,,,,,,,,,,,,,,,,,,,,,,,,,,,,,,TREX_543007420.jpg,,,,,,,,,TREX_543007420_Specification_Sheet.pdf,,,,,,,,,,,,,,,,,,Yes
https://www.timbertech.com/product/ADR5117512CS,,,,,,,Industrial Supplies,Equipment & Hardware,Building Materials,,ADR5117512CS,1x12-12' Coastline - Vintage Azek PVC Fascia,TIMBERTECH,,,Parksite (6151),The AZEK Company Inc,TimberTech®,Vintage Azek,ADR5117512CS,,Building Materials,"TimberTech, Building Materials, Vintage Azek, ADR5117512CS, 1 in x 12 in x...",BUILDING MATERIALS 1INX12INX12FT,"TimberTech® Vintage Azek ADR5117512CS Building Materials 1 in x 12 in x 12 ft, Coastline","TimberTech®, Vintage Azek, Building Materials, Model ADR5117512CS, 1 in x 12 in x 12 ft, Composite PVC, Coastline","Vintage Azek Building Materials, ADR5117512CS","TimberTech®, Vintage Azek, Building Materials, Model ADR5117512CS, 1 in x 12 in x 12 ft, Composite PVC, Coastline",,,,,,,,,,,,,,,,,,,,,,,,,,Building Materials,Item Type,Building Materials,,Series,Vintage Azek,,Dimensions,1 in x 12 in x 12,ft,Material,Composite PVC,,Finish Color,Coastline,,,,,,,,,,,,,,,,,,,,,,,,,,,,,,,,,,,,,,,,,,,,,,,,,,,,,,,,,,,,,,,,,,,,,,,,,,,,,,,,,,,,,,,,,,,,,,,,,,,,,,,,,,,,,,,,,,,,,,,,,,,,,,,,,,,,,,,,,,,,,,,,,,,,,,,,,,,,TIMBERTECH_ADR5117512CS.jpg,,,,,,,,,TIMBERTECH_ADR5117512CS_Specification_Sheet.pdf,,,,,,,,,,,,,,,,,,Yes
https://www.timbertech.com/product/ADR5117512MH,,,,,,,Industrial Supplies,Equipment & Hardware,Building Materials,,ADR5117512MH,1x12-12' Mahogany - Vintage Azek PVC Fascia,TIMBERTECH,,,Parksite (6151),The AZEK Company Inc,TimberTech®,Vintage Azek,ADR5117512MH,,Building Materials,"TimberTech, Building Materials, Vintage Azek, ADR5117512MH, 1 in x 12 in x...",BUILDING MATERIALS 1INX12INX12FT,"TimberTech® Vintage Azek ADR5117512MH Building Materials 1 in x 12 in x 12 ft, Mahogany","TimberTech®, Vintage Azek, Building Materials, Model ADR5117512MH, 1 in x 12 in x 12 ft, Composite PVC, Mahogany","Vintage Azek Building Materials, ADR5117512MH","TimberTech®, Vintage Azek, Building Materials, Model ADR5117512MH, 1 in x 12 in x 12 ft, Composite PVC, Mahogany",,,,,,,,,,,,,,,,,,,,,,,,,,Building Materials,Item Type,Building Materials,,Series,Vintage Azek,,Dimensions,1 in x 12 in x 12,ft,Material,Composite PVC,,Finish Color,Mahogany,,,,,,,,,,,,,,,,,,,,,,,,,,,,,,,,,,,,,,,,,,,,,,,,,,,,,,,,,,,,,,,,,,,,,,,,,,,,,,,,,,,,,,,,,,,,,,,,,,,,,,,,,,,,,,,,,,,,,,,,,,,,,,,,,,,,,,,,,,,,,,,,,,,,,,,,,,,,TIMBERTECH_ADR5117512MH.jpg,,,,,,,,,TIMBERTECH_ADR5117512MH_Specification_Sheet.pdf,,,,,,,,,,,,,,,,,,Yes
https://www.timbertech.com/product/ADR5117512WT,,,,,,,Industrial Supplies,Equipment & Hardware,Building Materials,,ADR5117512WT,1x12-12' Weathered Teak - Vintage Azek PVC Fascia,TIMBERTECH,,,Parksite (6151),The AZEK Company Inc,TimberTech®,Vintage Azek,ADR5117512WT,,Building Materials,"TimberTech, Building Materials, Vintage Azek, ADR5117512WT, 1 in x 12 in x...",BUILDING MATERIALS 1INX12INX12FT,"TimberTech® Vintage Azek ADR5117512WT Building Materials 1 in x 12 in x 12 ft, Weathered Teak","TimberTech®, Vintage Azek, Building Materials, Model ADR5117512WT, 1 in x 12 in x 12 ft, Composite PVC, Weathered Teak","Vintage Azek Building Materials, ADR5117512WT","TimberTech®, Vintage Azek, Building Materials, Model ADR5117512WT, 1 in x 12 in x 12 ft, Composite PVC, Weathered Teak",,,,,,,,,,,,,,,,,,,,,,,,,,Building Materials,Item Type,Building Materials,,Series,Vintage Azek,,Dimensions,1 in x 12 in x 12,ft,Material,Composite PVC,,Finish Color,Weathered Teak,,,,,,,,,,,,,,,,,,,,,,,,,,,,,,,,,,,,,,,,,,,,,,,,,,,,,,,,,,,,,,,,,,,,,,,,,,,,,,,,,,,,,,,,,,,,,,,,,,,,,,,,,,,,,,,,,,,,,,,,,,,,,,,,,,,,,,,,,,,,,,,,,,,,,,,,,,,,TIMBERTECH_ADR5117512WT.jpg,,,,,,,,,TIMBERTECH_ADR5117512WT_Specification_Sheet.pdf,,,,,,,,,,,,,,,,,,Yes
https://www.timbertech.com/product/ADR5117512AW,,,,,,,Industrial Supplies,Equipment & Hardware,Building Materials,,ADR5117512AW,1x12-12' American Walnut - Landmark Azek PVC Fascia,TIMBERTECH,,,Parksite (6151),The AZEK Company Inc,TimberTech®,Landmark Azek,ADR5117512AW,,Building Materials,"TimberTech, Building Materials, Landmark Azek, ADR5117512AW, 1 in x 12 in x...",BUILDING MATERIALS 1INX12INX12FT,"TimberTech® Landmark Azek ADR5117512AW Building Materials 1 in x 12 in x 12 ft, American Walnut","TimberTech®, Landmark Azek, Building Materials, Model ADR5117512AW, 1 in x 12 in x 12 ft, Composite PVC, American Walnut","Landmark Azek Building Materials, ADR5117512AW","TimberTech®, Landmark Azek, Building Materials, Model ADR5117512AW, 1 in x 12 in x 12 ft, Composite PVC, American Walnut",,,,,,,,,,,,,,,,,,,,,,,,,,Building Materials,Item Type,Building Materials,,Series,Landmark Azek,,Dimensions,1 in x 12 in x 12,ft,Material,Composite PVC,,Finish Color,American Walnut,,,,,,,,,,,,,,,,,,,,,,,,,,,,,,,,,,,,,,,,,,,,,,,,,,,,,,,,,,,,,,,,,,,,,,,,,,,,,,,,,,,,,,,,,,,,,,,,,,,,,,,,,,,,,,,,,,,,,,,,,,,,,,,,,,,,,,,,,,,,,,,,,,,,,,,,,,,,TIMBERTECH_ADR5117512AW.jpg,,,,,,,,,TIMBERTECH_ADR5117512AW_Specification_Sheet.pdf,,,,,,,,,,,,,,,,,,Yes
https://www.timbertech.com/product/ADR5117512CG,,,,,,,Industrial Supplies,Equipment & Hardware,Building Materials,,ADR5117512CG,1x12-12' Castle Gate - Landmark Azek PVC Fascia,TIMBERTECH,,,Parksite (6151),The AZEK Company Inc,TimberTech®,Landmark Azek,ADR5117512CG,,Building Materials,"TimberTech, Building Materials, Landmark Azek, ADR5117512CG, 1 in x 12 in x...",BUILDING MATERIALS 1INX12INX12FT,"TimberTech® Landmark Azek ADR5117512CG Building Materials 1 in x 12 in x 12 ft, Castle Gate","TimberTech®, Landmark Azek, Building Materials, Model ADR5117512CG, 1 in x 12 in x 12 ft, Composite PVC, Castle Gate","Landmark Azek Building Materials, ADR5117512CG","TimberTech®, Landmark Azek, Building Materials, Model ADR5117512CG, 1 in x 12 in x 12 ft, Composite PVC, Castle Gate",,,,,,,,,,,,,,,,,,,,,,,,,,Building Materials,Item Type,Building Materials,,Series,Landmark Azek,,Dimensions,1 in x 12 in x 12,ft,Material,Composite PVC,,Finish Color,Castle Gate,,,,,,,,,,,,,,,,,,,,,,,,,,,,,,,,,,,,,,,,,,,,,,,,,,,,,,,,,,,,,,,,,,,,,,,,,,,,,,,,,,,,,,,,,,,,,,,,,,,,,,,,,,,,,,,,,,,,,,,,,,,,,,,,,,,,,,,,,,,,,,,,,,,,,,,,,,,,TIMBERTECH_ADR5117512CG.jpg,,,,,,,,,TIMBERTECH_ADR5117512CG_Specification_Sheet.pdf,,,,,,,,,,,,,,,,,,Yes
https://www.timbertech.com/product/ADR5117512FW,,,,,,,Industrial Supplies,Equipment & Hardware,Building Materials,,ADR5117512FW,1x12-12' French White Oak - Landmark Azek PVC Fascia,TIMBERTECH,,,Parksite (6151),The AZEK Company Inc,TimberTech®,Landmark Azek,ADR5117512FW,,Building Materials,"TimberTech, Building Materials, Landmark Azek, ADR5117512FW, 1 in x 12 in x...",BUILDING MATERIALS 1INX12INX12FT,"TimberTech® Landmark Azek ADR5117512FW Building Materials 1 in x 12 in x 12 ft, White","TimberTech®, Landmark Azek, Building Materials, Model ADR5117512FW, 1 in x 12 in x 12 ft, Composite PVC, White","Landmark Azek Building Materials, ADR5117512FW","TimberTech®, Landmark Azek, Building Materials, Model ADR5117512FW, 1 in x 12 in x 12 ft, Composite PVC, White",,,,,,,,,,,,,,,,,,,,,,,,,,Building Materials,Item Type,Building Materials,,Series,Landmark Azek,,Dimensions,1 in x 12 in x 12,ft,Material,Composite PVC,,Finish Color,White,,,,,,,,,,,,,,,,,,,,,,,,,,,,,,,,,,,,,,,,,,,,,,,,,,,,,,,,,,,,,,,,,,,,,,,,,,,,,,,,,,,,,,,,,,,,,,,,,,,,,,,,,,,,,,,,,,,,,,,,,,,,,,,,,,,,,,,,,,,,,,,,,,,,,,,,,,,,TIMBERTECH_ADR5117512FW.jpg,,,,,,,,,TIMBERTECH_ADR5117512FW_Specification_Sheet.pdf,,,,,,,,,,,,,,,,,,Yes
https://www.timbertech.com/product/1508395,,,,,,,Industrial Supplies,Equipment & Hardware,Building Materials,,1508395,1x8-12' Brownstone - Harvest Azek PVC Fascia,TIMBERTECH,,,Parksite (6151),The AZEK Company Inc,TimberTech®,Harvest Azek,1508395,,Building Materials,"TimberTech, Building Materials, Harvest Azek, 1508395, 1 in x 8 in x 12 ft",BUILDING MATERIALS 1INX8INX12FT,"TimberTech® Harvest Azek 1508395 Building Materials 1 in x 8 in x 12 ft, Brownstone","TimberTech®, Harvest Azek, Building Materials, Model 1508395, 1 in x 8 in x 12 ft, Composite PVC, Brownstone","Harvest Azek Building Materials, 1508395","TimberTech®, Harvest Azek, Building Materials, Model 1508395, 1 in x 8 in x 12 ft, Composite PVC, Brownstone",,,,,,,,,,,,,,,,,,,,,,,,,,Building Materials,Item Type,Building Materials,,Series,Harvest Azek,,Dimensions,1 in x 8 in x 12,ft,Material,Composite PVC,,Finish Color,Brownstone,,,,,,,,,,,,,,,,,,,,,,,,,,,,,,,,,,,,,,,,,,,,,,,,,,,,,,,,,,,,,,,,,,,,,,,,,,,,,,,,,,,,,,,,,,,,,,,,,,,,,,,,,,,,,,,,,,,,,,,,,,,,,,,,,,,,,,,,,,,,,,,,,,,,,,,,,,,,TIMBERTECH_1508395.jpg,,,,,,,,,TIMBERTECH_1508395_Specification_Sheet.pdf,,,,,,,,,,,,,,,,,,Yes
https://www.timbertech.com/product/1508396,,,,,,,Industrial Supplies,Equipment & Hardware,Building Materials,,1508396,1x8-12' Slate Gray - Harvest Azek PVC Fascia,TIMBERTECH,,,Parksite (6151),The AZEK Company Inc,TimberTech®,Harvest Azek,1508396,,Building Materials,"TimberTech, Building Materials, Harvest Azek, 1508396, 1 in x 8 in x 12 ft",BUILDING MATERIALS 1INX8INX12FT,"TimberTech® Harvest Azek 1508396 Building Materials 1 in x 8 in x 12 ft, Slate Gray","TimberTech®, Harvest Azek, Building Materials, Model 1508396, 1 in x 8 in x 12 ft, Composite PVC, Slate Gray","Harvest Azek Building Materials, 1508396","TimberTech®, Harvest Azek, Building Materials, Model 1508396, 1 in x 8 in x 12 ft, Composite PVC, Slate Gray",,,,,,,,,,,,,,,,,,,,,,,,,,Building Materials,Item Type,Building Materials,,Series,Harvest Azek,,Dimensions,1 in x 8 in x 12,ft,Material,Composite PVC,,Finish Color,Slate Gray,,,,,,,,,,,,,,,,,,,,,,,,,,,,,,,,,,,,,,,,,,,,,,,,,,,,,,,,,,,,,,,,,,,,,,,,,,,,,,,,,,,,,,,,,,,,,,,,,,,,,,,,,,,,,,,,,,,,,,,,,,,,,,,,,,,,,,,,,,,,,,,,,,,,,,,,,,,,TIMBERTECH_1508396.jpg,,,,,,,,,TIMBERTECH_1508396_Specification_Sheet.pdf,,,,,,,,,,,,,,,,,,Yes
https://www.timbertech.com/product/ADCR5117512BS,,,,,,,Industrial Supplies,Equipment & Hardware,Building Materials,,ADCR5117512BS,1x12-12' Brownstone - Harvest Azek PVC Fascia,TIMBERTECH,,,Parksite (6151),The AZEK Company Inc,TimberTech®,Harvest Azek,ADCR5117512BS,,Building Materials,"TimberTech, Building Materials, Harvest Azek, ADCR5117512BS, 1 in x 12 in x...",BUILDING MATERIALS 1INX12INX12FT,"TimberTech® Harvest Azek ADCR5117512BS Building Materials 1 in x 12 in x 12 ft, Brownstone","TimberTech®, Harvest Azek, Building Materials, Model ADCR5117512BS, 1 in x 12 in x 12 ft, Composite PVC, Brownstone","Harvest Azek Building Materials, ADCR5117512BS","TimberTech®, Harvest Azek, Building Materials, Model ADCR5117512BS, 1 in x 12 in x 12 ft, Composite PVC, Brownstone",,,,,,,,,,,,,,,,,,,,,,,,,,Building Materials,Item Type,Building Materials,,Series,Harvest Azek,,Dimensions,1 in x 12 in x 12,ft,Material,Composite PVC,,Finish Color,Brownstone,,,,,,,,,,,,,,,,,,,,,,,,,,,,,,,,,,,,,,,,,,,,,,,,,,,,,,,,,,,,,,,,,,,,,,,,,,,,,,,,,,,,,,,,,,,,,,,,,,,,,,,,,,,,,,,,,,,,,,,,,,,,,,,,,,,,,,,,,,,,,,,,,,,,,,,,,,,,TIMBERTECH_ADCR5117512BS.jpg,,,,,,,,,TIMBERTECH_ADCR5117512BS_Specification_Sheet.pdf,,,,,,,,,,,,,,,,,,Yes
https://www.timbertech.com/product/ADCR5117512SG,,,,,,,Industrial Supplies,Equipment & Hardware,Building Materials,,ADCR5117512SG,1x12-12' Slate Gray - Harvest Azek PVC Fascia,TIMBERTECH,,,Parksite (6151),The AZEK Company Inc,TimberTech®,Harvest Azek,ADCR5117512SG,,Building Materials,"TimberTech, Building Materials, Harvest Azek, ADCR5117512SG, 1 in x 12 in x...",BUILDING MATERIALS 1INX12INX12FT,"TimberTech® Harvest Azek ADCR5117512SG Building Materials 1 in x 12 in x 12 ft, Slate Gray","TimberTech®, Harvest Azek, Building Materials, Model ADCR5117512SG, 1 in x 12 in x 12 ft, Composite PVC, Slate Gray","Harvest Azek Building Materials, ADCR5117512SG","TimberTech®, Harvest Azek, Building Materials, Model ADCR5117512SG, 1 in x 12 in x 12 ft, Composite PVC, Slate Gray",,,,,,,,,,,,,,,,,,,,,,,,,,Building Materials,Item Type,Building Materials,,Series,Harvest Azek,,Dimensions,1 in x 12 in x 12,ft,Material,Composite PVC,,Finish Color,Slate Gray,,,,,,,,,,,,,,,,,,,,,,,,,,,,,,,,,,,,,,,,,,,,,,,,,,,,,,,,,,,,,,,,,,,,,,,,,,,,,,,,,,,,,,,,,,,,,,,,,,,,,,,,,,,,,,,,,,,,,,,,,,,,,,,,,,,,,,,,,,,,,,,,,,,,,,,,,,,,TIMBERTECH_ADCR5117512SG.jpg,,,,,,,,,TIMBERTECH_ADCR5117512SG_Specification_Sheet.pdf,,,,,,,,,,,,,,,,,,Yes
https://www.trex.com/product/543140908,,,,,,,Industrial Supplies,Equipment & Hardware,Tools & Parts,,543140908,1x8-12' Biscayne - Trex Lineage,TREX,,,U S Lumber (3073),Trex Company Inc,Trex®,,543140908,,Industrial Equipment,"Trex, 543140908, 1 in x 8 in x 12 ft, Biscayne, Industrial Grade",1X8-12 FT BISCAYNE 1INX8INX12FT,Trex® 543140908 1x8-12 ft Biscayne - 1 in x 8 in x 12 ft,"Trex®, Model 543140908, 1 in x 8 in x 12 ft, Biscayne",543140908,"Trex®, Model 543140908, 1 in x 8 in x 12 ft, Biscayne",,,,,,,,,,,,,,,,,,,,,,,,,,Product,Dimensions,1 in x 8 in x 12,ft,Finish Color,Biscayne,,,,,,,,,,,,,,,,,,,,,,,,,,,,,,,,,,,,,,,,,,,,,,,,,,,,,,,,,,,,,,,,,,,,,,,,,,,,,,,,,,,,,,,,,,,,,,,,,,,,,,,,,,,,,,,,,,,,,,,,,,,,,,,,,,,,,,,,,,,,,,,,,,,,,,,,,,,,,,,,,,,,,TREX_543140908.jpg,,,,,,,,,TREX_543140908_Specification_Sheet.pdf,,,,,,,,,,,,,,,,,,Yes
https://www.trex.com/product/543142908,,,,,,,Industrial Supplies,Equipment & Hardware,Tools & Parts,,543142908,1x8-12' Carmel - Trex Lineage,TREX,,,U S Lumber (3073),Trex Company Inc,Trex®,,543142908,,Industrial Equipment,"Trex, 543142908, 1 in x 8 in x 12 ft, Carmel, Industrial Grade",1X8-12 FT CARMEL 1INX8INX12FT,Trex® 543142908 1x8-12 ft Carmel - 1 in x 8 in x 12 ft,"Trex®, Model 543142908, 1 in x 8 in x 12 ft, Carmel",543142908,"Trex®, Model 543142908, 1 in x 8 in x 12 ft, Carmel",,,,,,,,,,,,,,,,,,,,,,,,,,Product,Dimensions,1 in x 8 in x 12,ft,Finish Color,Carmel,,,,,,,,,,,,,,,,,,,,,,,,,,,,,,,,,,,,,,,,,,,,,,,,,,,,,,,,,,,,,,,,,,,,,,,,,,,,,,,,,,,,,,,,,,,,,,,,,,,,,,,,,,,,,,,,,,,,,,,,,,,,,,,,,,,,,,,,,,,,,,,,,,,,,,,,,,,,,,,,,,,,,TREX_543142908.jpg,,,,,,,,,TREX_543142908_Specification_Sheet.pdf,,,,,,,,,,,,,,,,,,Yes
https://www.trex.com/product/543143908,,,,,,,Industrial Supplies,Equipment & Hardware,Tools & Parts,,543143908,1x8-12' Jasper - Trex Lineage,TREX,,,U S Lumber (3073),Trex Company Inc,Trex®,,543143908,,Industrial Equipment,"Trex, 543143908, 1 in x 8 in x 12 ft, Jasper, Industrial Grade",1X8-12 FT JASPER 1INX8INX12FT,Trex® 543143908 1x8-12 ft Jasper - 1 in x 8 in x 12 ft,"Trex®, Model 543143908, 1 in x 8 in x 12 ft, Jasper",543143908,"Trex®, Model 543143908, 1 in x 8 in x 12 ft, Jasper",,,,,,,,,,,,,,,,,,,,,,,,,,Product,Dimensions,1 in x 8 in x 12,ft,Finish Color,Jasper,,,,,,,,,,,,,,,,,,,,,,,,,,,,,,,,,,,,,,,,,,,,,,,,,,,,,,,,,,,,,,,,,,,,,,,,,,,,,,,,,,,,,,,,,,,,,,,,,,,,,,,,,,,,,,,,,,,,,,,,,,,,,,,,,,,,,,,,,,,,,,,,,,,,,,,,,,,,,,,,,,,,,TREX_543143908.jpg,,,,,,,,,TREX_543143908_Specification_Sheet.pdf,,,,,,,,,,,,,,,,,,Yes
https://www.trex.com/product/543140912,,,,,,,Industrial Supplies,Equipment & Hardware,Tools & Parts,,543140912,1x12-12' Biscayne - Trex Lineage,TREX,,,U S Lumber (3073),Trex Company Inc,Trex®,,543140912,,Industrial Equipment,"Trex, 543140912, 1 in x 12 in x 12 ft, Biscayne, Industrial Grade",1X12-12 FT BISCAYNE 1INX12INX12FT,Trex® 543140912 1x12-12 ft Biscayne - 1 in x 12 in x 12 ft,"Trex®, Model 543140912, 1 in x 12 in x 12 ft, Biscayne",543140912,"Trex®, Model 543140912, 1 in x 12 in x 12 ft, Biscayne",,,,,,,,,,,,,,,,,,,,,,,,,,Product,Dimensions,1 in x 12 in x 12,ft,Finish Color,Biscayne,,,,,,,,,,,,,,,,,,,,,,,,,,,,,,,,,,,,,,,,,,,,,,,,,,,,,,,,,,,,,,,,,,,,,,,,,,,,,,,,,,,,,,,,,,,,,,,,,,,,,,,,,,,,,,,,,,,,,,,,,,,,,,,,,,,,,,,,,,,,,,,,,,,,,,,,,,,,,,,,,,,,,TREX_543140912.jpg,,,,,,,,,TREX_543140912_Specification_Sheet.pdf,,,,,,,,,,,,,,,,,,Yes
https://www.trex.com/product/543142912,,,,,,,Industrial Supplies,Equipment & Hardware,Tools & Parts,,543142912,1x12-12' Carmel - Trex Lineage,TREX,,,U S Lumber (3073),Trex Company Inc,Trex®,,543142912,,Industrial Equipment,"Trex, 543142912, 1 in x 12 in x 12 ft, Carmel, Industrial Grade",1X12-12 FT CARMEL 1INX12INX12FT,Trex® 543142912 1x12-12 ft Carmel - 1 in x 12 in x 12 ft,"Trex®, Model 543142912, 1 in x 12 in x 12 ft, Carmel",543142912,"Trex®, Model 543142912, 1 in x 12 in x 12 ft, Carmel",,,,,,,,,,,,,,,,,,,,,,,,,,Product,Dimensions,1 in x 12 in x 12,ft,Finish Color,Carmel,,,,,,,,,,,,,,,,,,,,,,,,,,,,,,,,,,,,,,,,,,,,,,,,,,,,,,,,,,,,,,,,,,,,,,,,,,,,,,,,,,,,,,,,,,,,,,,,,,,,,,,,,,,,,,,,,,,,,,,,,,,,,,,,,,,,,,,,,,,,,,,,,,,,,,,,,,,,,,,,,,,,,TREX_543142912.jpg,,,,,,,,,TREX_543142912_Specification_Sheet.pdf,,,,,,,,,,,,,,,,,,Yes
https://www.trex.com/product/543143912,,,,,,,Industrial Supplies,Equipment & Hardware,Tools & Parts,,543143912,1x12-12' Jasper - Trex Lineage,TREX,,,U S Lumber (3073),Trex Company Inc,Trex®,,543143912,,Industrial Equipment,"Trex, 543143912, 1 in x 12 in x 12 ft, Jasper, Industrial Grade",1X12-12 FT JASPER 1INX12INX12FT,Trex® 543143912 1x12-12 ft Jasper - 1 in x 12 in x 12 ft,"Trex®, Model 543143912, 1 in x 12 in x 12 ft, Jasper",543143912,"Trex®, Model 543143912, 1 in x 12 in x 12 ft, Jasper",,,,,,,,,,,,,,,,,,,,,,,,,,Product,Dimensions,1 in x 12 in x 12,ft,Finish Color,Jasper,,,,,,,,,,,,,,,,,,,,,,,,,,,,,,,,,,,,,,,,,,,,,,,,,,,,,,,,,,,,,,,,,,,,,,,,,,,,,,,,,,,,,,,,,,,,,,,,,,,,,,,,,,,,,,,,,,,,,,,,,,,,,,,,,,,,,,,,,,,,,,,,,,,,,,,,,,,,,,,,,,,,,TREX_543143912.jpg,,,,,,,,,TREX_543143912_Specification_Sheet.pdf,,,,,,,,,,,,,,,,,,Yes
https://www.trex.com/product/1513715,,,,,,,Industrial Supplies,Equipment & Hardware,Tools & Parts,,1513715,1x12-12' Hatteras - Trex Lineage,TREX,,,Boise Cascade Building Materials (BOICA),Trex Company Inc,Trex®,,1513715,,Industrial Equipment,"Trex, 1513715, 1 in x 12 in x 12 ft, Industrial Grade, Commercial Quality",1X12-12 FT HATTERAS 1INX12INX12FT,Trex® 1513715 1x12-12 ft Hatteras - 1 in x 12 in x 12 ft,"Trex®, Model 1513715, 1 in x 12 in x 12 ft",1513715,"Trex®, Model 1513715, 1 in x 12 in x 12 ft",,,,,,,,,,,,,,,,,,,,,,,,,,Product,Dimensions,1 in x 12 in x 12,ft,,,,,,,,,,,,,,,,,,,,,,,,,,,,,,,,,,,,,,,,,,,,,,,,,,,,,,,,,,,,,,,,,,,,,,,,,,,,,,,,,,,,,,,,,,,,,,,,,,,,,,,,,,,,,,,,,,,,,,,,,,,,,,,,,,,,,,,,,,,,,,,,,,,,,,,,,,,,,,,,,,,,,,,TREX_1513715.jpg,,,,,,,,,TREX_1513715_Specification_Sheet.pdf,,,,,,,,,,,,,,,,,,Yes
https://www.trex.com/product/1513716,,,,,,,Industrial Supplies,Equipment & Hardware,Tools & Parts,,1513716,1x12-12' Salt Flat - Trex Lineage,TREX,,,Boise Cascade Building Materials (BOICA),Trex Company Inc,Trex®,,1513716,,Industrial Equipment,"Trex, 1513716, 1 in x 12 in x 12 ft, Industrial Grade, Commercial Quality",1X12-12 FT SALT 1INX12INX12FT,Trex® 1513716 1x12-12 ft Salt Flat 1 in x 12 in x 12 ft,"Trex®, Model 1513716, 1 in x 12 in x 12 ft",1513716,"Trex®, Model 1513716, 1 in x 12 in x 12 ft",,,,,,,,,,,,,,,,,,,,,,,,,,Product,Dimensions,1 in x 12 in x 12,ft,,,,,,,,,,,,,,,,,,,,,,,,,,,,,,,,,,,,,,,,,,,,,,,,,,,,,,,,,,,,,,,,,,,,,,,,,,,,,,,,,,,,,,,,,,,,,,,,,,,,,,,,,,,,,,,,,,,,,,,,,,,,,,,,,,,,,,,,,,,,,,,,,,,,,,,,,,,,,,,,,,,,,,,TREX_1513716.jpg,,,,,,,,,TREX_1513716_Specification_Sheet.pdf,,,,,,,,,,,,,,,,,,Yes
https://www.trex.com/product/1513722,,,,,,,Industrial Supplies,Equipment & Hardware,Building Materials,,1513722,1x8-12' Honey Grove - Trex Enhance Naturals Fascia,TREX,,,Boise Cascade Building Materials (BOICA),Trex Company Inc,Trex®,Enhance Naturals,1513722,,Building Materials,"Trex, Building Materials, Enhance Naturals, 1513722, 1 in x 8 in x 12 ft",BUILDING MATERIALS 1INX8INX12FT,"Trex® Enhance Naturals 1513722 Building Materials 1 in x 8 in x 12 ft, Honey Grove","Trex®, Enhance Naturals, Building Materials, Model 1513722, 1 in x 8 in x 12 ft, Honey Grove","Enhance Naturals Building Materials, 1513722","Trex®, Enhance Naturals, Building Materials, Model 1513722, 1 in x 8 in x 12 ft, Honey Grove",,,,,,,,,,,,,,,,,,,,,,,,,,Building Materials,Item Type,Building Materials,,Series,Enhance Naturals,,Dimensions,1 in x 8 in x 12,ft,Finish Color,Honey Grove,,,,,,,,,,,,,,,,,,,,,,,,,,,,,,,,,,,,,,,,,,,,,,,,,,,,,,,,,,,,,,,,,,,,,,,,,,,,,,,,,,,,,,,,,,,,,,,,,,,,,,,,,,,,,,,,,,,,,,,,,,,,,,,,,,,,,,,,,,,,,,,,,,,,,,,,,,,,,,,TREX_1513722.jpg,,,,,,,,,TREX_1513722_Specification_Sheet.pdf,,,,,,,,,,,,,,,,,,Yes
https://www.trex.com/product/1513723,,,,,,,Industrial Supplies,Equipment & Hardware,Building Materials,,1513723,1x12-12' Honey Grove - Trex Enhance Naturals Fascia,TREX,,,Boise Cascade Building Materials (BOICA),Trex Company Inc,Trex®,Enhance Naturals,1513723,,Building Materials,"Trex, Building Materials, Enhance Naturals, 1513723, 1 in x 12 in x 12 ft",BUILDING MATERIALS 1INX12INX12FT,"Trex® Enhance Naturals 1513723 Building Materials 1 in x 12 in x 12 ft, Honey Grove","Trex®, Enhance Naturals, Building Materials, Model 1513723, 1 in x 12 in x 12 ft, Honey Grove","Enhance Naturals Building Materials, 1513723","Trex®, Enhance Naturals, Building Materials, Model 1513723, 1 in x 12 in x 12 ft, Honey Grove",,,,,,,,,,,,,,,,,,,,,,,,,,Building Materials,Item Type,Building Materials,,Series,Enhance Naturals,,Dimensions,1 in x 12 in x 12,ft,Finish Color,Honey Grove,,,,,,,,,,,,,,,,,,,,,,,,,,,,,,,,,,,,,,,,,,,,,,,,,,,,,,,,,,,,,,,,,,,,,,,,,,,,,,,,,,,,,,,,,,,,,,,,,,,,,,,,,,,,,,,,,,,,,,,,,,,,,,,,,,,,,,,,,,,,,,,,,,,,,,,,,,,,,,,TREX_1513723.jpg,,,,,,,,,TREX_1513723_Specification_Sheet.pdf,,,,,,,,,,,,,,,,,,Yes
https://www.trex.com/product/1513729,,,,,,,Industrial Supplies,Equipment & Hardware,Building Materials,,1513729,1x8-12' Tide Pool - Trex Enhance Basics Fascia,TREX,,,Boise Cascade Building Materials (BOICA),Trex Company Inc,Trex®,Enhance Basics,1513729,,Building Materials,"Trex, Building Materials, Enhance Basics, 1513729, 1 in x 8 in x 12 ft",BUILDING MATERIALS 1INX8INX12FT,"Trex® Enhance Basics 1513729 Building Materials 1 in x 8 in x 12 ft, Tide Pool","Trex®, Enhance Basics, Building Materials, Model 1513729, 1 in x 8 in x 12 ft, Tide Pool","Enhance Basics Building Materials, 1513729","Trex®, Enhance Basics, Building Materials, Model 1513729, 1 in x 8 in x 12 ft, Tide Pool",,,,,,,,,,,,,,,,,,,,,,,,,,Building Materials,Item Type,Building Materials,,Series,Enhance Basics,,Dimensions,1 in x 8 in x 12,ft,Finish Color,Tide Pool,,,,,,,,,,,,,,,,,,,,,,,,,,,,,,,,,,,,,,,,,,,,,,,,,,,,,,,,,,,,,,,,,,,,,,,,,,,,,,,,,,,,,,,,,,,,,,,,,,,,,,,,,,,,,,,,,,,,,,,,,,,,,,,,,,,,,,,,,,,,,,,,,,,,,,,,,,,,,,,TREX_1513729.jpg,,,,,,,,,TREX_1513729_Specification_Sheet.pdf,,,,,,,,,,,,,,,,,,Yes
https://www.trex.com/product/1513730,,,,,,,Industrial Supplies,Equipment & Hardware,Building Materials,,1513730,1x12-12' Tide Pool - Trex Enhance Basics Fascia,TREX,,,Boise Cascade Building Materials (BOICA),Trex Company Inc,Trex®,Enhance Basics,1513730,,Building Materials,"Trex, Building Materials, Enhance Basics, 1513730, 1 in x 12 in x 12 ft",BUILDING MATERIALS 1INX12INX12FT,"Trex® Enhance Basics 1513730 Building Materials 1 in x 12 in x 12 ft, Tide Pool","Trex®, Enhance Basics, Building Materials, Model 1513730, 1 in x 12 in x 12 ft, Tide Pool","Enhance Basics Building Materials, 1513730","Trex®, Enhance Basics, Building Materials, Model 1513730, 1 in x 12 in x 12 ft, Tide Pool",,,,,,,,,,,,,,,,,,,,,,,,,,Building Materials,Item Type,Building Materials,,Series,Enhance Basics,,Dimensions,1 in x 12 in x 12,ft,Finish Color,Tide Pool,,,,,,,,,,,,,,,,,,,,,,,,,,,,,,,,,,,,,,,,,,,,,,,,,,,,,,,,,,,,,,,,,,,,,,,,,,,,,,,,,,,,,,,,,,,,,,,,,,,,,,,,,,,,,,,,,,,,,,,,,,,,,,,,,,,,,,,,,,,,,,,,,,,,,,,,,,,,,,,TREX_1513730.jpg,,,,,,,,,TREX_1513730_Specification_Sheet.pdf,,,,,,,,,,,,,,,,,,Yes
https://www.trex.com/product/543076916,,,,,,,Industrial Supplies,Equipment & Hardware,Building Materials,,543076916,1x8-12' Cinnamon Cove - Trex Enhance Naturals Fascia,TREX,,,Boise Cascade Building Materials (BOICA),Trex Company Inc,Trex®,Enhance Naturals,543076916,,Building Materials,"Trex, Building Materials, Enhance Naturals, 543076916, 1 in x 8 in x 12 ft",BUILDING MATERIALS 1INX8INX12FT,"Trex® Enhance Naturals 543076916 Building Materials 1 in x 8 in x 12 ft, Cinnamon Cove","Trex®, Enhance Naturals, Building Materials, Model 543076916, 1 in x 8 in x 12 ft, Cinnamon Cove","Enhance Naturals Building Materials, 543076916","Trex®, Enhance Naturals, Building Materials, Model 543076916, 1 in x 8 in x 12 ft, Cinnamon Cove",,,,,,,,,,,,,,,,,,,,,,,,,,Building Materials,Item Type,Building Materials,,Series,Enhance Naturals,,Dimensions,1 in x 8 in x 12,ft,Finish Color,Cinnamon Cove,,,,,,,,,,,,,,,,,,,,,,,,,,,,,,,,,,,,,,,,,,,,,,,,,,,,,,,,,,,,,,,,,,,,,,,,,,,,,,,,,,,,,,,,,,,,,,,,,,,,,,,,,,,,,,,,,,,,,,,,,,,,,,,,,,,,,,,,,,,,,,,,,,,,,,,,,,,,,,,TREX_543076916.jpg,,,,,,,,,TREX_543076916_Specification_Sheet.pdf,,,,,,,,,,,,,,,,,,Yes
https://www.trex.com/product/1516876,,,,,,,Industrial Supplies,Equipment & Hardware,Building Materials,,1516876,1x8-12' Golden Hour - Trex Enhance Naturals Fascia,TREX,,,Boise Cascade Building Materials (BOICA),Trex Company Inc,Trex®,Enhance Naturals,1516876,,Building Materials,"Trex, Building Materials, Enhance Naturals, 1516876, 1 in x 8 in x 12 ft",BUILDING MATERIALS 1INX8INX12FT,"Trex® Enhance Naturals 1516876 Building Materials 1 in x 8 in x 12 ft, Golden Hour","Trex®, Enhance Naturals, Building Materials, Model 1516876, 1 in x 8 in x 12 ft, Golden Hour","Enhance Naturals Building Materials, 1516876","Trex®, Enhance Naturals, Building Materials, Model 1516876, 1 in x 8 in x 12 ft, Golden Hour",,,,,,,,,,,,,,,,,,,,,,,,,,Building Materials,Item Type,Building Materials,,Series,Enhance Naturals,,Dimensions,1 in x 8 in x 12,ft,Finish Color,Golden Hour,,,,,,,,,,,,,,,,,,,,,,,,,,,,,,,,,,,,,,,,,,,,,,,,,,,,,,,,,,,,,,,,,,,,,,,,,,,,,,,,,,,,,,,,,,,,,,,,,,,,,,,,,,,,,,,,,,,,,,,,,,,,,,,,,,,,,,,,,,,,,,,,,,,,,,,,,,,,,,,TREX_1516876.jpg,,,,,,,,,TREX_1516876_Specification_Sheet.pdf,,,,,,,,,,,,,,,,,,Yes
https://www.trex.com/product/543076936,,,,,,,Industrial Supplies,Equipment & Hardware,Building Materials,,543076936,1x12-12' Cinnamon Cove - Trex Enhance Naturals Fascia,TREX,,,Boise Cascade Building Materials (BOICA),Trex Company Inc,Trex®,Enhance Naturals,543076936,,Building Materials,"Trex, Building Materials, Enhance Naturals, 543076936, 1 in x 12 in x 12 ft",BUILDING MATERIALS 1INX12INX12FT,"Trex® Enhance Naturals 543076936 Building Materials 1 in x 12 in x 12 ft, Cinnamon Cove","Trex®, Enhance Naturals, Building Materials, Model 543076936, 1 in x 12 in x 12 ft, Cinnamon Cove","Enhance Naturals Building Materials, 543076936","Trex®, Enhance Naturals, Building Materials, Model 543076936, 1 in x 12 in x 12 ft, Cinnamon Cove",,,,,,,,,,,,,,,,,,,,,,,,,,Building Materials,Item Type,Building Materials,,Series,Enhance Naturals,,Dimensions,1 in x 12 in x 12,ft,Finish Color,Cinnamon Cove,,,,,,,,,,,,,,,,,,,,,,,,,,,,,,,,,,,,,,,,,,,,,,,,,,,,,,,,,,,,,,,,,,,,,,,,,,,,,,,,,,,,,,,,,,,,,,,,,,,,,,,,,,,,,,,,,,,,,,,,,,,,,,,,,,,,,,,,,,,,,,,,,,,,,,,,,,,,,,,TREX_543076936.jpg,,,,,,,,,TREX_543076936_Specification_Sheet.pdf,,,,,,,,,,,,,,,,,,Yes
https://www.trex.com/product/1516878,,,,,,,Industrial Supplies,Equipment & Hardware,Building Materials,,1516878,1x12-12' Golden Hour - Trex Enhance Naturals Fascia,TREX,,,Boise Cascade Building Materials (BOICA),Trex Company Inc,Trex®,Enhance Naturals,1516878,,Building Materials,"Trex, Building Materials, Enhance Naturals, 1516878, 1 in x 12 in x 12 ft",BUILDING MATERIALS 1INX12INX12FT,"Trex® Enhance Naturals 1516878 Building Materials 1 in x 12 in x 12 ft, Golden Hour","Trex®, Enhance Naturals, Building Materials, Model 1516878, 1 in x 12 in x 12 ft, Golden Hour","Enhance Naturals Building Materials, 1516878","Trex®, Enhance Naturals, Building Materials, Model 1516878, 1 in x 12 in x 12 ft, Golden Hour",,,,,,,,,,,,,,,,,,,,,,,,,,Building Materials,Item Type,Building Materials,,Series,Enhance Naturals,,Dimensions,1 in x 12 in x 12,ft,Finish Color,Golden Hour,,,,,,,,,,,,,,,,,,,,,,,,,,,,,,,,,,,,,,,,,,,,,,,,,,,,,,,,,,,,,,,,,,,,,,,,,,,,,,,,,,,,,,,,,,,,,,,,,,,,,,,,,,,,,,,,,,,,,,,,,,,,,,,,,,,,,,,,,,,,,,,,,,,,,,,,,,,,,,,TREX_1516878.jpg,,,,,,,,,TREX_1516878_Specification_Sheet.pdf,,,,,,,,,,,,,,,,,,Yes
https://www.trex.com/product/1516884,,,,,,,Industrial Supplies,Equipment & Hardware,Building Materials,,1516884,1x8-12' Pebble Beach - Trex Enhance Basics Fascia,TREX,,,Boise Cascade Building Materials (BOICA),Trex Company Inc,Trex®,Enhance Basics,1516884,,Building Materials,"Trex, Building Materials, Enhance Basics, 1516884, 1 in x 8 in x 12 ft",BUILDING MATERIALS 1INX8INX12FT,"Trex® Enhance Basics 1516884 Building Materials 1 in x 8 in x 12 ft, Pebble Beach","Trex®, Enhance Basics, Building Materials, Model 1516884, 1 in x 8 in x 12 ft, Pebble Beach","Enhance Basics Building Materials, 1516884","Trex®, Enhance Basics, Building Materials, Model 1516884, 1 in x 8 in x 12 ft, Pebble Beach",,,,,,,,,,,,,,,,,,,,,,,,,,Building Materials,Item Type,Building Materials,,Series,Enhance Basics,,Dimensions,1 in x 8 in x 12,ft,Finish Color,Pebble Beach,,,,,,,,,,,,,,,,,,,,,,,,,,,,,,,,,,,,,,,,,,,,,,,,,,,,,,,,,,,,,,,,,,,,,,,,,,,,,,,,,,,,,,,,,,,,,,,,,,,,,,,,,,,,,,,,,,,,,,,,,,,,,,,,,,,,,,,,,,,,,,,,,,,,,,,,,,,,,,,TREX_1516884.jpg,,,,,,,,,TREX_1516884_Specification_Sheet.pdf,,,,,,,,,,,,,,,,,,Yes
https://www.trex.com/product/1516885,,,,,,,Industrial Supplies,Equipment & Hardware,Building Materials,,1516885,1x12-12' Pebble Beach - Trex Enhance Basics Fascia,TREX,,,Boise Cascade Building Materials (BOICA),Trex Company Inc,Trex®,Enhance Basics,1516885,,Building Materials,"Trex, Building Materials, Enhance Basics, 1516885, 1 in x 12 in x 12 ft",BUILDING MATERIALS 1INX12INX12FT,"Trex® Enhance Basics 1516885 Building Materials 1 in x 12 in x 12 ft, Pebble Beach","Trex®, Enhance Basics, Building Materials, Model 1516885, 1 in x 12 in x 12 ft, Pebble Beach","Enhance Basics Building Materials, 1516885","Trex®, Enhance Basics, Building Materials, Model 1516885, 1 in x 12 in x 12 ft, Pebble Beach",,,,,,,,,,,,,,,,,,,,,,,,,,Building Materials,Item Type,Building Materials,,Series,Enhance Basics,,Dimensions,1 in x 12 in x 12,ft,Finish Color,Pebble Beach,,,,,,,,,,,,,,,,,,,,,,,,,,,,,,,,,,,,,,,,,,,,,,,,,,,,,,,,,,,,,,,,,,,,,,,,,,,,,,,,,,,,,,,,,,,,,,,,,,,,,,,,,,,,,,,,,,,,,,,,,,,,,,,,,,,,,,,,,,,,,,,,,,,,,,,,,,,,,,,TREX_1516885.jpg,,,,,,,,,TREX_1516885_Specification_Sheet.pdf,,,,,,,,,,,,,,,,,,Yes
https://www.trex.com/product/543005916,,,,,,,Industrial Supplies,Equipment & Hardware,Building Materials,,543005916,1x8-12' Malted Barley - Trex Select 2.0 Fascia,TREX,,,Boise Cascade Building Materials (BOICA),Trex Company Inc,Trex®,Select 2.0,543005916,,Building Materials,"Trex, Building Materials, Select 2.0, 543005916, 1 in x 8 in x 12 ft",BUILDING MATERIALS 1INX8INX12FT,"Trex® Select 2.0 543005916 Building Materials 1 in x 8 in x 12 ft, Malted Barley","Trex®, Select 2.0, Building Materials, Model 543005916, 1 in x 8 in x 12 ft, Malted Barley","Select 2.0 Building Materials, 543005916","Trex®, Select 2.0, Building Materials, Model 543005916, 1 in x 8 in x 12 ft, Malted Barley",,,,,,,,,,,,,,,,,,,,,,,,,,Building Materials,Item Type,Building Materials,,Series,Select 2.0,,Dimensions,1 in x 8 in x 12,ft,Finish Color,Malted Barley,,,,,,,,,,,,,,,,,,,,,,,,,,,,,,,,,,,,,,,,,,,,,,,,,,,,,,,,,,,,,,,,,,,,,,,,,,,,,,,,,,,,,,,,,,,,,,,,,,,,,,,,,,,,,,,,,,,,,,,,,,,,,,,,,,,,,,,,,,,,,,,,,,,,,,,,,,,,,,,TREX_543005916.jpg,,,,,,,,,TREX_543005916_Specification_Sheet.pdf,,,,,,,,,,,,,,,,,,Yes
https://www.trex.com/product/1516902,,,,,,,Industrial Supplies,Equipment & Hardware,Building Materials,,1516902,1x8-12' Millstone - Trex Select 2.0 Fascia,TREX,,,Boise Cascade Building Materials (BOICA),Trex Company Inc,Trex®,Select 2.0,1516902,,Building Materials,"Trex, Building Materials, Select 2.0, 1516902, 1 in x 8 in x 12 ft, Millstone",BUILDING MATERIALS 1INX8INX12FT,"Trex® Select 2.0 1516902 Building Materials 1 in x 8 in x 12 ft, Millstone","Trex®, Select 2.0, Building Materials, Model 1516902, 1 in x 8 in x 12 ft, Millstone","Select 2.0 Building Materials, 1516902","Trex®, Select 2.0, Building Materials, Model 1516902, 1 in x 8 in x 12 ft, Millstone",,,,,,,,,,,,,,,,,,,,,,,,,,Building Materials,Item Type,Building Materials,,Series,Select 2.0,,Dimensions,1 in x 8 in x 12,ft,Finish Color,Millstone,,,,,,,,,,,,,,,,,,,,,,,,,,,,,,,,,,,,,,,,,,,,,,,,,,,,,,,,,,,,,,,,,,,,,,,,,,,,,,,,,,,,,,,,,,,,,,,,,,,,,,,,,,,,,,,,,,,,,,,,,,,,,,,,,,,,,,,,,,,,,,,,,,,,,,,,,,,,,,,TREX_1516902.jpg,,,,,,,,,TREX_1516902_Specification_Sheet.pdf,,,,,,,,,,,,,,,,,,Yes
https://www.trex.com/product/543007916,,,,,,,Industrial Supplies,Equipment & Hardware,Building Materials,,543007916,1x8-12' Whiskey Barrel - Trex Select 2.0 Fascia,TREX,,,Boise Cascade Building Materials (BOICA),Trex Company Inc,Trex®,Select 2.0,543007916,,Building Materials,"Trex, Building Materials, Select 2.0, 543007916, 1 in x 8 in x 12 ft",BUILDING MATERIALS 1INX8INX12FT,"Trex® Select 2.0 543007916 Building Materials 1 in x 8 in x 12 ft, Whiskey Barrel","Trex®, Select 2.0, Building Materials, Model 543007916, 1 in x 8 in x 12 ft, Whiskey Barrel","Select 2.0 Building Materials, 543007916","Trex®, Select 2.0, Building Materials, Model 543007916, 1 in x 8 in x 12 ft, Whiskey Barrel",,,,,,,,,,,,,,,,,,,,,,,,,,Building Materials,Item Type,Building Materials,,Series,Select 2.0,,Dimensions,1 in x 8 in x 12,ft,Finish Color,Whiskey Barrel,,,,,,,,,,,,,,,,,,,,,,,,,,,,,,,,,,,,,,,,,,,,,,,,,,,,,,,,,,,,,,,,,,,,,,,,,,,,,,,,,,,,,,,,,,,,,,,,,,,,,,,,,,,,,,,,,,,,,,,,,,,,,,,,,,,,,,,,,,,,,,,,,,,,,,,,,,,,,,,TREX_543007916.jpg,,,,,,,,,TREX_543007916_Specification_Sheet.pdf,,,,,,,,,,,,,,,,,,Yes
https://www.trex.com/product/543005936,,,,,,,Industrial Supplies,Equipment & Hardware,Building Materials,,543005936,1x12-12' Malted Barley - Trex Select 2.0 Fascia,TREX,,,Boise Cascade Building Materials (BOICA),Trex Company Inc,Trex®,Select 2.0,543005936,,Building Materials,"Trex, Building Materials, Select 2.0, 543005936, 1 in x 12 in x 12 ft",BUILDING MATERIALS 1INX12INX12FT,"Trex® Select 2.0 543005936 Building Materials 1 in x 12 in x 12 ft, Malted Barley","Trex®, Select 2.0, Building Materials, Model 543005936, 1 in x 12 in x 12 ft, Malted Barley","Select 2.0 Building Materials, 543005936","Trex®, Select 2.0, Building Materials, Model 543005936, 1 in x 12 in x 12 ft, Malted Barley",,,,,,,,,,,,,,,,,,,,,,,,,,Building Materials,Item Type,Building Materials,,Series,Select 2.0,,Dimensions,1 in x 12 in x 12,ft,Finish Color,Malted Barley,,,,,,,,,,,,,,,,,,,,,,,,,,,,,,,,,,,,,,,,,,,,,,,,,,,,,,,,,,,,,,,,,,,,,,,,,,,,,,,,,,,,,,,,,,,,,,,,,,,,,,,,,,,,,,,,,,,,,,,,,,,,,,,,,,,,,,,,,,,,,,,,,,,,,,,,,,,,,,,TREX_543005936.jpg,,,,,,,,,TREX_543005936_Specification_Sheet.pdf,,,,,,,,,,,,,,,,,,Yes
https://www.trex.com/product/1516905,,,,,,,Industrial Supplies,Equipment & Hardware,Building Materials,,1516905,1x12-12' Millstone - Trex Select 2.0 Fascia,TREX,,,Boise Cascade Building Materials (BOICA),Trex Company Inc,Trex®,Select 2.0,1516905,,Building Materials,"Trex, Building Materials, Select 2.0, 1516905, 1 in x 12 in x 12 ft, Millstone",BUILDING MATERIALS 1INX12INX12FT,"Trex® Select 2.0 1516905 Building Materials 1 in x 12 in x 12 ft, Millstone","Trex®, Select 2.0, Building Materials, Model 1516905, 1 in x 12 in x 12 ft, Millstone","Select 2.0 Building Materials, 1516905","Trex®, Select 2.0, Building Materials, Model 1516905, 1 in x 12 in x 12 ft, Millstone",,,,,,,,,,,,,,,,,,,,,,,,,,Building Materials,Item Type,Building Materials,,Series,Select 2.0,,Dimensions,1 in x 12 in x 12,ft,Finish Color,Millstone,,,,,,,,,,,,,,,,,,,,,,,,,,,,,,,,,,,,,,,,,,,,,,,,,,,,,,,,,,,,,,,,,,,,,,,,,,,,,,,,,,,,,,,,,,,,,,,,,,,,,,,,,,,,,,,,,,,,,,,,,,,,,,,,,,,,,,,,,,,,,,,,,,,,,,,,,,,,,,,TREX_1516905.jpg,,,,,,,,,TREX_1516905_Specification_Sheet.pdf,,,,,,,,,,,,,,,,,,Yes
https://www.trex.com/product/543007936,,,,,,,Industrial Supplies,Equipment & Hardware,Building Materials,,543007936,1x12-12' Whiskey Barrel - Trex Select 2.0 Fascia,TREX,,,Boise Cascade Building Materials (BOICA),Trex Company Inc,Trex®,Select 2.0,543007936,,Building Materials,"Trex, Building Materials, Select 2.0, 543007936, 1 in x 12 in x 12 ft",BUILDING MATERIALS 1INX12INX12FT,"Trex® Select 2.0 543007936 Building Materials 1 in x 12 in x 12 ft, Whiskey Barrel","Trex®, Select 2.0, Building Materials, Model 543007936, 1 in x 12 in x 12 ft, Whiskey Barrel","Select 2.0 Building Materials, 543007936","Trex®, Select 2.0, Building Materials, Model 543007936, 1 in x 12 in x 12 ft, Whiskey Barrel",,,,,,,,,,,,,,,,,,,,,,,,,,Building Materials,Item Type,Building Materials,,Series,Select 2.0,,Dimensions,1 in x 12 in x 12,ft,Finish Color,Whiskey Barrel,,,,,,,,,,,,,,,,,,,,,,,,,,,,,,,,,,,,,,,,,,,,,,,,,,,,,,,,,,,,,,,,,,,,,,,,,,,,,,,,,,,,,,,,,,,,,,,,,,,,,,,,,,,,,,,,,,,,,,,,,,,,,,,,,,,,,,,,,,,,,,,,,,,,,,,,,,,,,,,TREX_543007936.jpg,,,,,,,,,TREX_543007936_Specification_Sheet.pdf,,,,,,,,,,,,,,,,,,Yes
https://www.trex.com/product/543144908,,,,,,,Industrial Supplies,Equipment & Hardware,Tools & Parts,,543144908,1x8-12' Island Mist - Trex Lineage,TREX,,,U S Lumber (3073),Trex Company Inc,Trex®,,543144908,,Industrial Equipment,"Trex, 543144908, 1 in x 8 in x 12 ft, Industrial Grade, Commercial Quality",1X8-12 FT ISLAND 1INX8INX12FT,Trex® 543144908 1x8-12 ft Island Mist 1 in x 8 in x 12 ft,"Trex®, Model 543144908, 1 in x 8 in x 12 ft",543144908,"Trex®, Model 543144908, 1 in x 8 in x 12 ft",,,,,,,,,,,,,,,,,,,,,,,,,,Product,Dimensions,1 in x 8 in x 12,ft,,,,,,,,,,,,,,,,,,,,,,,,,,,,,,,,,,,,,,,,,,,,,,,,,,,,,,,,,,,,,,,,,,,,,,,,,,,,,,,,,,,,,,,,,,,,,,,,,,,,,,,,,,,,,,,,,,,,,,,,,,,,,,,,,,,,,,,,,,,,,,,,,,,,,,,,,,,,,,,,,,,,,,,TREX_543144908.jpg,,,,,,,,,TREX_543144908_Specification_Sheet.pdf,,,,,,,,,,,,,,,,,,Yes
https://www.trex.com/product/543141908,,,,,,,Industrial Supplies,Equipment & Hardware,Tools & Parts,,543141908,1x8-12' Rainier - Trex Lineage,TREX,,,U S Lumber (3073),Trex Company Inc,Trex®,,543141908,,Industrial Equipment,"Trex, 543141908, 1 in x 8 in x 12 ft, Rainier, Industrial Grade",1X8-12 FT RAINIER 1INX8INX12FT,Trex® 543141908 1x8-12 ft Rainier - 1 in x 8 in x 12 ft,"Trex®, Model 543141908, 1 in x 8 in x 12 ft, Rainier",543141908,"Trex®, Model 543141908, 1 in x 8 in x 12 ft, Rainier",,,,,,,,,,,,,,,,,,,,,,,,,,Product,Dimensions,1 in x 8 in x 12,ft,Finish Color,Rainier,,,,,,,,,,,,,,,,,,,,,,,,,,,,,,,,,,,,,,,,,,,,,,,,,,,,,,,,,,,,,,,,,,,,,,,,,,,,,,,,,,,,,,,,,,,,,,,,,,,,,,,,,,,,,,,,,,,,,,,,,,,,,,,,,,,,,,,,,,,,,,,,,,,,,,,,,,,,,,,,,,,,,TREX_543141908.jpg,,,,,,,,,TREX_543141908_Specification_Sheet.pdf,,,,,,,,,,,,,,,,,,Yes
https://www.trex.com/product/543144912,,,,,,,Industrial Supplies,Equipment & Hardware,Tools & Parts,,543144912,1x12-12' Island Mist - Trex Lineage,TREX,,,U S Lumber (3073),Trex Company Inc,Trex®,,543144912,,Industrial Equipment,"Trex, 543144912, 1 in x 12 in x 12 ft, Industrial Grade, Commercial Quality",1X12-12 FT ISLAND 1INX12INX12FT,Trex® 543144912 1x12-12 ft Island Mist 1 in x 12 in x 12 ft,"Trex®, Model 543144912, 1 in x 12 in x 12 ft",543144912,"Trex®, Model 543144912, 1 in x 12 in x 12 ft",,,,,,,,,,,,,,,,,,,,,,,,,,Product,Dimensions,1 in x 12 in x 12,ft,,,,,,,,,,,,,,,,,,,,,,,,,,,,,,,,,,,,,,,,,,,,,,,,,,,,,,,,,,,,,,,,,,,,,,,,,,,,,,,,,,,,,,,,,,,,,,,,,,,,,,,,,,,,,,,,,,,,,,,,,,,,,,,,,,,,,,,,,,,,,,,,,,,,,,,,,,,,,,,,,,,,,,,TREX_543144912.jpg,,,,,,,,,TREX_543144912_Specification_Sheet.pdf,,,,,,,,,,,,,,,,,,Yes
https://www.trex.com/product/543141912,,,,,,,Industrial Supplies,Equipment & Hardware,Tools & Parts,,543141912,1x12-12' Rainier - Trex Lineage,TREX,,,U S Lumber (3073),Trex Company Inc,Trex®,,543141912,,Industrial Equipment,"Trex, 543141912, 1 in x 12 in x 12 ft, Rainier, Industrial Grade",1X12-12 FT RAINIER 1INX12INX12FT,Trex® 543141912 1x12-12 ft Rainier - 1 in x 12 in x 12 ft,"Trex®, Model 543141912, 1 in x 12 in x 12 ft, Rainier",543141912,"Trex®, Model 543141912, 1 in x 12 in x 12 ft, Rainier",,,,,,,,,,,,,,,,,,,,,,,,,,Product,Dimensions,1 in x 12 in x 12,ft,Finish Color,Rainier,,,,,,,,,,,,,,,,,,,,,,,,,,,,,,,,,,,,,,,,,,,,,,,,,,,,,,,,,,,,,,,,,,,,,,,,,,,,,,,,,,,,,,,,,,,,,,,,,,,,,,,,,,,,,,,,,,,,,,,,,,,,,,,,,,,,,,,,,,,,,,,,,,,,,,,,,,,,,,,,,,,,,TREX_543141912.jpg,,,,,,,,,TREX_543141912_Specification_Sheet.pdf,,,,,,,,,,,,,,,,,,Yes
https://www.trex.com/product/1513713,,,,,,,Industrial Supplies,Equipment & Hardware,Tools & Parts,,1513713,1x8-12' Hatteras - Trex Lineage,TREX,,,Boise Cascade Building Materials (BOICA),Trex Company Inc,Trex®,,1513713,,Industrial Equipment,"Trex, 1513713, 1 in x 8 in x 12 ft, Industrial Grade, Commercial Quality",1X8-12 FT HATTERAS 1INX8INX12FT,Trex® 1513713 1x8-12 ft Hatteras - 1 in x 8 in x 12 ft,"Trex®, Model 1513713, 1 in x 8 in x 12 ft",1513713,"Trex®, Model 1513713, 1 in x 8 in x 12 ft",,,,,,,,,,,,,,,,,,,,,,,,,,Product,Dimensions,1 in x 8 in x 12,ft,,,,,,,,,,,,,,,,,,,,,,,,,,,,,,,,,,,,,,,,,,,,,,,,,,,,,,,,,,,,,,,,,,,,,,,,,,,,,,,,,,,,,,,,,,,,,,,,,,,,,,,,,,,,,,,,,,,,,,,,,,,,,,,,,,,,,,,,,,,,,,,,,,,,,,,,,,,,,,,,,,,,,,,TREX_1513713.jpg,,,,,,,,,TREX_1513713_Specification_Sheet.pdf,,,,,,,,,,,,,,,,,,Yes
https://www.trex.com/product/1513714,,,,,,,Industrial Supplies,Equipment & Hardware,Tools & Parts,,1513714,1x8-12' Salt Flat - Trex Lineage,TREX,,,Boise Cascade Building Materials (BOICA),Trex Company Inc,Trex®,,1513714,,Industrial Equipment,"Trex, 1513714, 1 in x 8 in x 12 ft, Industrial Grade, Commercial Quality",1X8-12 FT SALT 1INX8INX12FT,Trex® 1513714 1x8-12 ft Salt Flat 1 in x 8 in x 12 ft,"Trex®, Model 1513714, 1 in x 8 in x 12 ft",1513714,"Trex®, Model 1513714, 1 in x 8 in x 12 ft",,,,,,,,,,,,,,,,,,,,,,,,,,Product,Dimensions,1 in x 8 in x 12,ft,,,,,,,,,,,,,,,,,,,,,,,,,,,,,,,,,,,,,,,,,,,,,,,,,,,,,,,,,,,,,,,,,,,,,,,,,,,,,,,,,,,,,,,,,,,,,,,,,,,,,,,,,,,,,,,,,,,,,,,,,,,,,,,,,,,,,,,,,,,,,,,,,,,,,,,,,,,,,,,,,,,,,,,TREX_1513714.jpg,,,,,,,,,TREX_1513714_Specification_Sheet.pdf,,,,,,,,,,,,,,,,,,Yes
https://www.rdi.com/product/73012503,,,,,,,Industrial Supplies,Equipment & Hardware,Building Materials,,73012503,4x4 Wh Heritage Post Trim RDI,,,,,Barrette Outdoor Living / RDI,RDI®,,73012503,,Building Materials,"RDI, Building Materials, 73012503, 4 in x 4 in, White, Industrial Grade",BUILDING MATERIALS 4INX4IN,"RDI® 73012503 Building Materials 4 in x 4 in, White","RDI®, Building Materials, Model 73012503, 4 in x 4 in, White","Building Materials, 73012503","RDI®, Building Materials, Model 73012503, 4 in x 4 in, White",,,,,,,,,,,,,,,,,,,,,,,,,,Building Materials,Item Type,Building Materials,,Dimensions,4 in x 4,in,Finish Color,White,,,,,,,,,,,,,,,,,,,,,,,,,,,,,,,,,,,,,,,,,,,,,,,,,,,,,,,,,,,,,,,,,,,,,,,,,,,,,,,,,,,,,,,,,,,,,,,,,,,,,,,,,,,,,,,,,,,,,,,,,,,,,,,,,,,,,,,,,,,,,,,,,,,,,,,,,,,,,,,,,,RDI_73012503.jpg,,,,,,,,,RDI_73012503_Specification_Sheet.pdf,,,,,,,,,,,,,,,,,,Yes
https://www.rdi.com/product/73018131,,,,,,,Industrial Supplies,Equipment & Hardware,Building Materials,,73018131,6x6 Wh Elite Post Trim 4pc RDI,,,,,Barrette Outdoor Living / RDI,RDI®,,73018131,,Building Materials,"RDI, Building Materials, 73018131, 6 in x 6 in, White, 4 pc, Industrial Grade",BUILDING MATERIALS 6INX6IN 4PC,"RDI® 73018131 Building Materials 6 in x 6 in, White, 4 pc","RDI®, Building Materials, Model 73018131, 6 in x 6 in, White, 4 pc","Building Materials, 73018131","RDI®, Building Materials, Model 73018131, 6 in x 6 in, White, 4 pc",,,,,,,,,,,,,,,,,,,,,,,,,,Building Materials,Item Type,Building Materials,,Dimensions,6 in x 6,in,Finish Color,White,,Package Quantity,4,pc,,,,,,,,,,,,,,,,,,,,,,,,,,,,,,,,,,,,,,,,,,,,,,,,,,,,,,,,,,,,,,,,,,,,,,,,,,,,,,,,,,,,,,,,,,,,,,,,,,,,,,,,,,,,,,,,,,,,,,,,,,,,,,,,,,,,,,,,,,,,,,,,,,,,,,,,,,,,,,RDI_73018131.jpg,,,,,,,,,RDI_73018131_Specification_Sheet.pdf,,,,,,,,,,,,,,,,,,Yes
https://www.rdi.com/product/73018091,,,,,,,Industrial Supplies,Equipment & Hardware,Building Materials,,73018091,4x4 Wh Elite Post Trim RDI,,,,,Barrette Outdoor Living / RDI,RDI®,,73018091,,Building Materials,"RDI, Building Materials, 73018091, 4 in x 4 in, White, Industrial Grade",BUILDING MATERIALS 4INX4IN,"RDI® 73018091 Building Materials 4 in x 4 in, White","RDI®, Building Materials, Model 73018091, 4 in x 4 in, White","Building Materials, 73018091","RDI®, Building Materials, Model 73018091, 4 in x 4 in, White",,,,,,,,,,,,,,,,,,,,,,,,,,Building Materials,Item Type,Building Materials,,Dimensions,4 in x 4,in,Finish Color,White,,,,,,,,,,,,,,,,,,,,,,,,,,,,,,,,,,,,,,,,,,,,,,,,,,,,,,,,,,,,,,,,,,,,,,,,,,,,,,,,,,,,,,,,,,,,,,,,,,,,,,,,,,,,,,,,,,,,,,,,,,,,,,,,,,,,,,,,,,,,,,,,,,,,,,,,,,,,,,,,,,RDI_73018091.jpg,,,,,,,,,RDI_73018091_Specification_Sheet.pdf,,,,,,,,,,,,,,,,,,Yes
https://www.rdi.com/product/73018066,,,,,,,Industrial Supplies,Equipment & Hardware,Building Materials,,73018066,Clay 6x6 Elite Post Trim RDI - 4pc,,,,,Barrette Outdoor Living / RDI,RDI®,,73018066,,Building Materials,"RDI, Building Materials, 73018066, 6 in x 6 in, 4 pc, Industrial Grade",BUILDING MATERIALS 6INX6IN 4PC,"RDI® 73018066 Building Materials 6 in x 6 in, 4 pc","RDI®, Building Materials, Model 73018066, 6 in x 6 in, 4 pc","Building Materials, 73018066","RDI®, Building Materials, Model 73018066, 6 in x 6 in, 4 pc",,,,,,,,,,,,,,,,,,,,,,,,,,Building Materials,Item Type,Building Materials,,Dimensions,6 in x 6,in,Package Quantity,4,pc,,,,,,,,,,,,,,,,,,,,,,,,,,,,,,,,,,,,,,,,,,,,,,,,,,,,,,,,,,,,,,,,,,,,,,,,,,,,,,,,,,,,,,,,,,,,,,,,,,,,,,,,,,,,,,,,,,,,,,,,,,,,,,,,,,,,,,,,,,,,,,,,,,,,,,,,,,,,,,,,,RDI_73018066.jpg,,,,,,,,,RDI_73018066_Specification_Sheet.pdf,,,,,,,,,,,,,,,,,,Yes
https://www.rdi.com/product/73018076,,,,,,,Industrial Supplies,Equipment & Hardware,Tools & Parts,,73018076,4x4 Wh Flat Post Cap RDI,,,,,Barrette Outdoor Living / RDI,RDI®,,73018076,,Industrial Equipment,"RDI, 73018076, 4 in x 4 in, White, Industrial Grade, Commercial Quality",4X4 WHITE FLAT 4INX4IN,RDI® 73018076 4x4 White Flat Post 4 in x 4 in,"RDI®, Model 73018076, 4 in x 4 in, White",73018076,"RDI®, Model 73018076, 4 in x 4 in, White",,,,,,,,,,,,,,,,,,,,,,,,,,Product,Dimensions,4 in x 4,in,Finish Color,White,,,,,,,,,,,,,,,,,,,,,,,,,,,,,,,,,,,,,,,,,,,,,,,,,,,,,,,,,,,,,,,,,,,,,,,,,,,,,,,,,,,,,,,,,,,,,,,,,,,,,,,,,,,,,,,,,,,,,,,,,,,,,,,,,,,,,,,,,,,,,,,,,,,,,,,,,,,,,,,,,,,,,RDI_73018076.jpg,,,,,,,,,RDI_73018076_Specification_Sheet.pdf,,,,,,,,,,,,,,,,,,Yes
https://www.rdi.com/product/61109087,,,,,,,Industrial Supplies,Equipment & Hardware,Tools & Parts,,61109087,Wh 4x4-39 Blank Post RDI,,,,,Barrette Outdoor Living / RDI,RDI®,,61109087,,Industrial Equipment,"RDI, 61109087, 4 in x 4 in x 39, White, Industrial Grade, Commercial Quality",WHITE 4X4-39 BLANK 4INX4INX39,RDI® 61109087 White 4x4-39 Blank Post 4 in x 4 in x 39,"RDI®, Model 61109087, 4 in x 4 in x 39, White",61109087,"RDI®, Model 61109087, 4 in x 4 in x 39, White",,,,,,,,,,,,,,,,,,,,,,,,,,Product,Dimensions,4 in x 4 in x 39,,Finish Color,White,,,,,,,,,,,,,,,,,,,,,,,,,,,,,,,,,,,,,,,,,,,,,,,,,,,,,,,,,,,,,,,,,,,,,,,,,,,,,,,,,,,,,,,,,,,,,,,,,,,,,,,,,,,,,,,,,,,,,,,,,,,,,,,,,,,,,,,,,,,,,,,,,,,,,,,,,,,,,,,,,,,,,RDI_61109087.jpg,,,,,,,,,RDI_61109087_Specification_Sheet.pdf,,,,,,,,,,,,,,,,,,Yes
https://www.rdi.com/product/73018731,,,,,,,Industrial Supplies,Equipment & Hardware,Building Materials,,73018731,Wh 6x6-108 Post Sleeve RDI,,,,,Barrette Outdoor Living / RDI,RDI®,,73018731,,Building Materials,"RDI, Building Materials, 73018731, 6 in x 6 in x 108, White, Industrial Grade",BUILDING MATERIALS 6INX6INX108,"RDI® 73018731 Building Materials 6 in x 6 in x 108, White","RDI®, Building Materials, Model 73018731, 6 in x 6 in x 108, White","Building Materials, 73018731","RDI®, Building Materials, Model 73018731, 6 in x 6 in x 108, White",,,,,,,,,,,,,,,,,,,,,,,,,,Building Materials,Item Type,Building Materials,,Dimensions,6 in x 6 in x 108,,Finish Color,White,,,,,,,,,,,,,,,,,,,,,,,,,,,,,,,,,,,,,,,,,,,,,,,,,,,,,,,,,,,,,,,,,,,,,,,,,,,,,,,,,,,,,,,,,,,,,,,,,,,,,,,,,,,,,,,,,,,,,,,,,,,,,,,,,,,,,,,,,,,,,,,,,,,,,,,,,,,,,,,,,,RDI_73018731.jpg,,,,,,,,,RDI_73018731_Specification_Sheet.pdf,,,,,,,,,,,,,,,,,,Yes
https://www.rdi.com/product/61109090,,,,,,,Industrial Supplies,Equipment & Hardware,Building Materials,,61109090,Wh 4x4-108 Post Sleeve RDI,,,,,Barrette Outdoor Living / RDI,RDI®,,61109090,,Building Materials,"RDI, Building Materials, 61109090, 4 in x 4 in x 108, White, Industrial Grade",BUILDING MATERIALS 4INX4INX108,"RDI® 61109090 Building Materials 4 in x 4 in x 108, White","RDI®, Building Materials, Model 61109090, 4 in x 4 in x 108, White","Building Materials, 61109090","RDI®, Building Materials, Model 61109090, 4 in x 4 in x 108, White",,,,,,,,,,,,,,,,,,,,,,,,,,Building Materials,Item Type,Building Materials,,Dimensions,4 in x 4 in x 108,,Finish Color,White,,,,,,,,,,,,,,,,,,,,,,,,,,,,,,,,,,,,,,,,,,,,,,,,,,,,,,,,,,,,,,,,,,,,,,,,,,,,,,,,,,,,,,,,,,,,,,,,,,,,,,,,,,,,,,,,,,,,,,,,,,,,,,,,,,,,,,,,,,,,,,,,,,,,,,,,,,,,,,,,,,RDI_61109090.jpg,,,,,,,,,RDI_61109090_Specification_Sheet.pdf,,,,,,,,,,,,,,,,,,Yes
https://www.rdi.com/product/73053603,,,,,,,Industrial Supplies,Equipment & Hardware,Building Materials,,73053603,Clay 4x4-108 Post Sleeve RDI,,,,,Barrette Outdoor Living / RDI,RDI®,,73053603,,Building Materials,"RDI, Building Materials, 73053603, 4 in x 4 in x 108, Industrial Grade",BUILDING MATERIALS 4INX4INX108,RDI® 73053603 Building Materials 4 in x 4 in x 108,"RDI®, Building Materials, Model 73053603, 4 in x 4 in x 108","Building Materials, 73053603","RDI®, Building Materials, Model 73053603, 4 in x 4 in x 108",,,,,,,,,,,,,,,,,,,,,,,,,,Building Materials,Item Type,Building Materials,,Dimensions,4 in x 4 in x 108,,,,,,,,,,,,,,,,,,,,,,,,,,,,,,,,,,,,,,,,,,,,,,,,,,,,,,,,,,,,,,,,,,,,,,,,,,,,,,,,,,,,,,,,,,,,,,,,,,,,,,,,,,,,,,,,,,,,,,,,,,,,,,,,,,,,,,,,,,,,,,,,,,,,,,,,,,,,,,,,,,,,,RDI_73053603.jpg,,,,,,,,,RDI_73053603_Specification_Sheet.pdf,,,,,,,,,,,,,,,,,,Yes
https://www.rdi.com/product/73053608,,,,,,,Industrial Supplies,Equipment & Hardware,Building Materials,,73053608,Clay 6x6-108 Post Sleeve RDI,,,,,Barrette Outdoor Living / RDI,RDI®,,73053608,,Building Materials,"RDI, Building Materials, 73053608, 6 in x 6 in x 108, Industrial Grade",BUILDING MATERIALS 6INX6INX108,RDI® 73053608 Building Materials 6 in x 6 in x 108,"RDI®, Building Materials, Model 73053608, 6 in x 6 in x 108","Building Materials, 73053608","RDI®, Building Materials, Model 73053608, 6 in x 6 in x 108",,,,,,,,,,,,,,,,,,,,,,,,,,Building Materials,Item Type,Building Materials,,Dimensions,6 in x 6 in x 108,,,,,,,,,,,,,,,,,,,,,,,,,,,,,,,,,,,,,,,,,,,,,,,,,,,,,,,,,,,,,,,,,,,,,,,,,,,,,,,,,,,,,,,,,,,,,,,,,,,,,,,,,,,,,,,,,,,,,,,,,,,,,,,,,,,,,,,,,,,,,,,,,,,,,,,,,,,,,,,,,,,,,RDI_73053608.jpg,,,,,,,,,RDI_73053608_Specification_Sheet.pdf,,,,,,,,,,,,,,,,,,Yes
https://www.trex.com/product/543340896,,,,,,,Industrial Supplies,Equipment & Hardware,Building Materials,,543340896,"4x4-37"" Black Alum Post Sleeve Select Alum Railing - w/Cap & Skirt",TREX,,,Boise Cascade Building Materials (BOICA),Trex Company Inc,Trex®,,543340896,,Building Materials,"Trex, Building Materials, 543340896, 4 in x 4 in x 37 in, Black, Aluminum",BUILDING MATERIALS 4INX4INX37IN,"Trex® 543340896 Building Materials 4 in x 4 in x 37 in, Black","Trex®, Building Materials, Model 543340896, 4 in x 4 in x 37 in, Aluminum, Black","Building Materials, 543340896","Trex®, Building Materials, Model 543340896, 4 in x 4 in x 37 in, Aluminum, Black",,,,,,,,,,,,,,,,,,,,,,,,,,Building Materials,Item Type,Building Materials,,Dimensions,4 in x 4 in x 37,in,Material,Aluminum,,Finish Color,Black,,,,,,,,,,,,,,,,,,,,,,,,,,,,,,,,,,,,,,,,,,,,,,,,,,,,,,,,,,,,,,,,,,,,,,,,,,,,,,,,,,,,,,,,,,,,,,,,,,,,,,,,,,,,,,,,,,,,,,,,,,,,,,,,,,,,,,,,,,,,,,,,,,,,,,,,,,,,,,,TREX_543340896.jpg,,,,,,,,,TREX_543340896_Specification_Sheet.pdf,,,,,,,,,,,,,,,,,,Yes
https://www.trex.com/product/543340898,,,,,,,Industrial Supplies,Equipment & Hardware,Building Materials,,543340898,"4x4-43"" Black Alum Post Sleeve Select Alum Railing w/Cap & Skirt",TREX,,,Boise Cascade Building Materials (BOICA),Trex Company Inc,Trex®,,543340898,,Building Materials,"Trex, Building Materials, 543340898, 4 in x 4 in x 43 in, Black, Aluminum",BUILDING MATERIALS 4INX4INX43IN,"Trex® 543340898 Building Materials 4 in x 4 in x 43 in, Black","Trex®, Building Materials, Model 543340898, 4 in x 4 in x 43 in, Aluminum, Black","Building Materials, 543340898","Trex®, Building Materials, Model 543340898, 4 in x 4 in x 43 in, Aluminum, Black",,,,,,,,,,,,,,,,,,,,,,,,,,Building Materials,Item Type,Building Materials,,Dimensions,4 in x 4 in x 43,in,Material,Aluminum,,Finish Color,Black,,,,,,,,,,,,,,,,,,,,,,,,,,,,,,,,,,,,,,,,,,,,,,,,,,,,,,,,,,,,,,,,,,,,,,,,,,,,,,,,,,,,,,,,,,,,,,,,,,,,,,,,,,,,,,,,,,,,,,,,,,,,,,,,,,,,,,,,,,,,,,,,,,,,,,,,,,,,,,,TREX_543340898.jpg,,,,,,,,,TREX_543340898_Specification_Sheet.pdf,,,,,,,,,,,,,,,,,,Yes
https://www.palmer-donavin.com/product/73272TBK,,,,,,,Industrial Supplies,Equipment & Hardware,Tools & Parts,,73272TBK,6x6-10' Black Alum Deco - Support Post,DSI Westbury,,,Palmer Donavin Mfg Company (PALDO),Palmer Donavin Mfg Company,Palmer-Donavin®,,73272TBK,,Industrial Equipment,"Palmer-Donavin, 73272TBK, 6 in x 6 in x 10 ft, Black, Aluminum",6X6-10 FT BLACK 6INX6INX10FT,Palmer-Donavin® 73272TBK 6x6-10 ft Black Aluminum 6 in x 6 in x 10 ft,"Palmer-Donavin®, Model 73272TBK, 6 in x 6 in x 10 ft, Aluminum, Black",73272TBK,"Palmer-Donavin®, Model 73272TBK, 6 in x 6 in x 10 ft, Aluminum, Black",,,,,,,,,,,,,,,,,,,,,,,,,,Product,Dimensions,6 in x 6 in x 10,ft,Material,Aluminum,,Finish Color,Black,,,,,,,,,,,,,,,,,,,,,,,,,,,,,,,,,,,,,,,,,,,,,,,,,,,,,,,,,,,,,,,,,,,,,,,,,,,,,,,,,,,,,,,,,,,,,,,,,,,,,,,,,,,,,,,,,,,,,,,,,,,,,,,,,,,,,,,,,,,,,,,,,,,,,,,,,,,,,,,,,,PALMER-DONAVIN_73272TBK.jpg,,,,,,,,,PALMER-DONAVIN_73272TBK_Specification_Sheet.pdf,,,,,,,,,,,,,,,,,,Yes
https://www.trex.com/product/543302127,,,,,,,Industrial Supplies,Equipment & Hardware,Building Materials,,543302127,6' Wh Select T-Rail Kit Stair - w/Sq Composite Balusters,TREX,,,U S Lumber (3073),Trex Company Inc,Trex®,,543302127,,Building Materials,"Trex, Building Materials, 543302127, White, Composite PVC, Industrial Grade",BUILDING MATERIALS,Trex® 543302127 Building Materials White,"Trex®, Building Materials, Model 543302127, Composite PVC, White, Stair, Kit","Building Materials, 543302127","Trex®, Building Materials, Model 543302127, Composite PVC, White, Stair, Kit",,,,,,,,,,,,,,,,,,,,,,,,,,Building Materials,Item Type,Building Materials,,Material,Composite PVC,,Finish Color,White,,Configuration,Kit,,Orientation,Stair,,,,,,,,,,,,,,,,,,,,,,,,,,,,,,,,,,,,,,,,,,,,,,,,,,,,,,,,,,,,,,,,,,,,,,,,,,,,,,,,,,,,,,,,,,,,,,,,,,,,,,,,,,,,,,,,,,,,,,,,,,,,,,,,,,,,,,,,,,,,,,,,,,,,,,,,,,,,TREX_543302127.jpg,,,,,,,,,TREX_543302127_Specification_Sheet.pdf,,,,,,,,,,,,,,,,,,Yes
https://www.trex.com/product/543302147,,,,,,,Industrial Supplies,Equipment & Hardware,Building Materials,,543302147,8' Wh Select T-Rail Kit Stair - w/Sq Composite Balusters,TREX,,,U S Lumber (3073),Trex Company Inc,Trex®,,543302147,,Building Materials,"Trex, Building Materials, 543302147, White, Composite PVC, Industrial Grade",BUILDING MATERIALS,Trex® 543302147 Building Materials White,"Trex®, Building Materials, Model 543302147, Composite PVC, White, Stair, Kit","Building Materials, 543302147","Trex®, Building Materials, Model 543302147, Composite PVC, White, Stair, Kit",,,,,,,,,,,,,,,,,,,,,,,,,,Building Materials,Item Type,Building Materials,,Material,Composite PVC,,Finish Color,White,,Configuration,Kit,,Orientation,Stair,,,,,,,,,,,,,,,,,,,,,,,,,,,,,,,,,,,,,,,,,,,,,,,,,,,,,,,,,,,,,,,,,,,,,,,,,,,,,,,,,,,,,,,,,,,,,,,,,,,,,,,,,,,,,,,,,,,,,,,,,,,,,,,,,,,,,,,,,,,,,,,,,,,,,,,,,,,,TREX_543302147.jpg,,,,,,,,,TREX_543302147_Specification_Sheet.pdf,,,,,,,,,,,,,,,,,,Yes
https://www.rdi.com/product/73019599,,,,,,,Industrial Supplies,Equipment & Hardware,Building Materials,,73019599,Finyline Wh 6' Str Rail Kit Sq,,,,,Barrette Outdoor Living / RDI,RDI®,,73019599,,Building Materials,"RDI, Building Materials, 73019599, White, Industrial Grade, Commercial Quality",BUILDING MATERIALS,RDI® 73019599 Building Materials White,"RDI®, Building Materials, Model 73019599, White, Kit","Building Materials, 73019599","RDI®, Building Materials, Model 73019599, White, Kit",,,,,,,,,,,,,,,,,,,,,,,,,,Building Materials,Item Type,Building Materials,,Finish Color,White,,Configuration,Kit,,,,,,,,,,,,,,,,,,,,,,,,,,,,,,,,,,,,,,,,,,,,,,,,,,,,,,,,,,,,,,,,,,,,,,,,,,,,,,,,,,,,,,,,,,,,,,,,,,,,,,,,,,,,,,,,,,,,,,,,,,,,,,,,,,,,,,,,,,,,,,,,,,,,,,,,,,,,,,,,,,RDI_73019599.jpg,,,,,,,,,RDI_73019599_Specification_Sheet.pdf,,,,,,,,,,,,,,,,,,Yes
https://www.rdi.com/product/73019648,,,,,,,Industrial Supplies,Equipment & Hardware,Building Materials,,73019648,Finyline Wh 8' Str Rail Kit Sq,,,,,Barrette Outdoor Living / RDI,RDI®,,73019648,,Building Materials,"RDI, Building Materials, 73019648, White, Industrial Grade, Commercial Quality",BUILDING MATERIALS,RDI® 73019648 Building Materials White,"RDI®, Building Materials, Model 73019648, White, Kit","Building Materials, 73019648","RDI®, Building Materials, Model 73019648, White, Kit",,,,,,,,,,,,,,,,,,,,,,,,,,Building Materials,Item Type,Building Materials,,Finish Color,White,,Configuration,Kit,,,,,,,,,,,,,,,,,,,,,,,,,,,,,,,,,,,,,,,,,,,,,,,,,,,,,,,,,,,,,,,,,,,,,,,,,,,,,,,,,,,,,,,,,,,,,,,,,,,,,,,,,,,,,,,,,,,,,,,,,,,,,,,,,,,,,,,,,,,,,,,,,,,,,,,,,,,,,,,,,,RDI_73019648.jpg,,,,,,,,,RDI_73019648_Specification_Sheet.pdf,,,,,,,,,,,,,,,,,,Yes
https://www.rdi.com/product/73019598,,,,,,,Industrial Supplies,Equipment & Hardware,Building Materials,,73019598,Finyline Wh 6' Str Rail Kit Rd - w/Black Alum Balusters,,,,,Barrette Outdoor Living / RDI,RDI®,,73019598,,Building Materials,"RDI, Building Materials, 73019598, Black, Aluminum, Industrial Grade",BUILDING MATERIALS,RDI® 73019598 Building Materials Black,"RDI®, Building Materials, Model 73019598, Aluminum, Black, Kit","Building Materials, 73019598","RDI®, Building Materials, Model 73019598, Aluminum, Black, Kit",,,,,,,,,,,,,,,,,,,,,,,,,,Building Materials,Item Type,Building Materials,,Material,Aluminum,,Finish Color,Black,,Configuration,Kit,,,,,,,,,,,,,,,,,,,,,,,,,,,,,,,,,,,,,,,,,,,,,,,,,,,,,,,,,,,,,,,,,,,,,,,,,,,,,,,,,,,,,,,,,,,,,,,,,,,,,,,,,,,,,,,,,,,,,,,,,,,,,,,,,,,,,,,,,,,,,,,,,,,,,,,,,,,,,,,RDI_73019598.jpg,,,,,,,,,RDI_73019598_Specification_Sheet.pdf,,,,,,,,,,,,,,,,,,Yes
https://www.rdi.com/product/73019647,,,,,,,Industrial Supplies,Equipment & Hardware,Building Materials,,73019647,Finyline Wh 8' Str Rail Kit Rd - w/Black Alum Balusters,,,,,Barrette Outdoor Living / RDI,RDI®,,73019647,,Building Materials,"RDI, Building Materials, 73019647, Black, Aluminum, Industrial Grade",BUILDING MATERIALS,RDI® 73019647 Building Materials Black,"RDI®, Building Materials, Model 73019647, Aluminum, Black, Kit","Building Materials, 73019647","RDI®, Building Materials, Model 73019647, Aluminum, Black, Kit",,,,,,,,,,,,,,,,,,,,,,,,,,Building Materials,Item Type,Building Materials,,Material,Aluminum,,Finish Color,Black,,Configuration,Kit,,,,,,,,,,,,,,,,,,,,,,,,,,,,,,,,,,,,,,,,,,,,,,,,,,,,,,,,,,,,,,,,,,,,,,,,,,,,,,,,,,,,,,,,,,,,,,,,,,,,,,,,,,,,,,,,,,,,,,,,,,,,,,,,,,,,,,,,,,,,,,,,,,,,,,,,,,,,,,,RDI_73019647.jpg,,,,,,,,,RDI_73019647_Specification_Sheet.pdf,,,,,,,,,,,,,,,,,,Yes
https://www.trex.com/product/543300257,,,,,,,Industrial Supplies,Equipment & Hardware,Building Materials,,543300257,6' Black Select Classic Stair - Rail w/Rnd Black Alum Baluster,TREX,,,Boise Cascade Building Materials (BOICA),Trex Company Inc,Trex®,,543300257,,Building Materials,"Trex, Building Materials, 543300257, Black, Aluminum, Industrial Grade",BUILDING MATERIALS,Trex® 543300257 Building Materials Black,"Trex®, Building Materials, Model 543300257, Aluminum, Black, Stair","Building Materials, 543300257","Trex®, Building Materials, Model 543300257, Aluminum, Black, Stair",,,,,,,,,,,,,,,,,,,,,,,,,,Building Materials,Item Type,Building Materials,,Material,Aluminum,,Finish Color,Black,,Orientation,Stair,,,,,,,,,,,,,,,,,,,,,,,,,,,,,,,,,,,,,,,,,,,,,,,,,,,,,,,,,,,,,,,,,,,,,,,,,,,,,,,,,,,,,,,,,,,,,,,,,,,,,,,,,,,,,,,,,,,,,,,,,,,,,,,,,,,,,,,,,,,,,,,,,,,,,,,,,,,,,,,TREX_543300257.jpg,,,,,,,,,TREX_543300257_Specification_Sheet.pdf,,,,,,,,,,,,,,,,,,Yes
https://www.trex.com/product/543300277,,,,,,,Industrial Supplies,Equipment & Hardware,Building Materials,,543300277,8' Black Select Classic Stair - Rail w/Rnd Black Alum Baluster,TREX,,,Boise Cascade Building Materials (BOICA),Trex Company Inc,Trex®,,543300277,,Building Materials,"Trex, Building Materials, 543300277, Black, Aluminum, Industrial Grade",BUILDING MATERIALS,Trex® 543300277 Building Materials Black,"Trex®, Building Materials, Model 543300277, Aluminum, Black, Stair","Building Materials, 543300277","Trex®, Building Materials, Model 543300277, Aluminum, Black, Stair",,,,,,,,,,,,,,,,,,,,,,,,,,Building Materials,Item Type,Building Materials,,Material,Aluminum,,Finish Color,Black,,Orientation,Stair,,,,,,,,,,,,,,,,,,,,,,,,,,,,,,,,,,,,,,,,,,,,,,,,,,,,,,,,,,,,,,,,,,,,,,,,,,,,,,,,,,,,,,,,,,,,,,,,,,,,,,,,,,,,,,,,,,,,,,,,,,,,,,,,,,,,,,,,,,,,,,,,,,,,,,,,,,,,,,,TREX_543300277.jpg,,,,,,,,,TREX_543300277_Specification_Sheet.pdf,,,,,,,,,,,,,,,,,,Yes
https://www.industrialstandard.com/product/SPB-44BPL,,,,,,,Industrial Supplies,Equipment & Hardware,Tools & Parts,,SPB-44BPL,"Patriot 4""x4""x37""/43"" Adjustable Self Leveling Support Post",,,,,Industrial Standard,Industrial Standard,,SPB-44BPL,,Industrial Equipment,"Industrial Standard, SPB-44BPL, Industrial Grade, Commercial Quality",PATRIOT 4 INX4,Industrial Standard SPB-44BPL Patriot 4 inx4 inx37,"Industrial Standard, Model SPB-44BPL",SPB-44BPL,"Industrial Standard, Model SPB-44BPL",,,,,,,,,,,,,,,,,,,,,,,,,,Product,,,,,,,,,,,,,,,,,,,,,,,,,,,,,,,,,,,,,,,,,,,,,,,,,,,,,,,,,,,,,,,,,,,,,,,,,,,,,,,,,,,,,,,,,,,,,,,,,,,,,,,,,,,,,,,,,,,,,,,,,,,,,,,,,,,,,,,,,,,,,,,,,,,,,,,,,,,,,,,,,,,,,,,,,,INDUSTRIAL_STANDARD_SPB-44BPL.jpg,,,,,,,,,INDUSTRIAL_STANDARD_SPB-44BPL_Specification_Sheet.pdf,,,,,,,,,,,,,,,,,,Yes
https://www.palmer-donavin.com/product/925219,,,,,,,Industrial Supplies,Equipment & Hardware,Industrial Tape,,925219,"2""x50' Deck Joist Tape - Protecto Wrap",,,,Palmer Donavin Mfg Company (PALDO),Palmer Donavin Mfg Company,Palmer-Donavin®,,925219,,Industrial Tape,"Palmer-Donavin, Industrial Tape, 925219, Industrial Grade, Commercial Quality",INDUSTRIAL TAPE,Palmer-Donavin® 925219 Industrial Tape,"Palmer-Donavin®, Industrial Tape, Model 925219","Industrial Tape, 925219","Palmer-Donavin®, Industrial Tape, Model 925219",,,,,,,,,,,,,,,,,,,,,,,,,,Industrial Tape,Item Type,Industrial Tape,,,,,,,,,,,,,,,,,,,,,,,,,,,,,,,,,,,,,,,,,,,,,,,,,,,,,,,,,,,,,,,,,,,,,,,,,,,,,,,,,,,,,,,,,,,,,,,,,,,,,,,,,,,,,,,,,,,,,,,,,,,,,,,,,,,,,,,,,,,,,,,,,,,,,,,,,,,,,,,,,,,,,,,,PALMER-DONAVIN_925219.jpg,,,,,,,,,PALMER-DONAVIN_925219_Specification_Sheet.pdf,,,,,,,,,,,,,,,,,,Yes
https://www.leviton.com/product/27233,,,,,,,Industrial Supplies,Equipment & Hardware,Tools & Parts,,27233,24x48 WH Attic Access Door,AJM,,,A J Manufacturing Inc (AJMAN),Leviton Manufacturing Co Inc,Leviton®,,27233,,Industrial Equipment,"Leviton, 27233, 24 in x 48 in, White, Industrial Grade, Commercial Quality",24X48 WHITE ATTIC 24INX48IN,Leviton® 27233 24x48 White Attic Access 24 in x 48 in,"Leviton®, Model 27233, 24 in x 48 in, White",27233,"Leviton®, Model 27233, 24 in x 48 in, White",,,,,,,,,,,,,,,,,,,,,,,,,,Product,Dimensions,24 in x 48,in,Finish Color,White,,,,,,,,,,,,,,,,,,,,,,,,,,,,,,,,,,,,,,,,,,,,,,,,,,,,,,,,,,,,,,,,,,,,,,,,,,,,,,,,,,,,,,,,,,,,,,,,,,,,,,,,,,,,,,,,,,,,,,,,,,,,,,,,,,,,,,,,,,,,,,,,,,,,,,,,,,,,,,,,,,,,,LEVITON_27233.jpg,,,,,,,,,LEVITON_27233_Specification_Sheet.pdf,,,,,,,,,,,,,,,,,,Yes
https://www.unitedwindow&door.com/product/1517602,,,,,,,Industrial Supplies,Equipment & Hardware,Tools & Parts,,1517602,6068R Gliding Patio Dr 4500 United Blk Ext/WH Int LowE Arg w/J,United Window & Door,,,United Window & Door Manufacturing (UNIWI),United Window & Door Manufacturing Inc,United Window & Door®,,1517602,,Industrial Equipment,"United Window & Door, 1517602, Black, Industrial Grade, Commercial Quality",6068R GLIDING PATIO,United Window & Door® 1517602 6068R Gliding Patio 4500 Black,"United Window & Door®, Model 1517602, Black",1517602,"United Window & Door®, Model 1517602, Black",,,,,,,,,,,,,,,,,,,,,,,,,,Product,Finish Color,Black,,,,,,,,,,,,,,,,,,,,,,,,,,,,,,,,,,,,,,,,,,,,,,,,,,,,,,,,,,,,,,,,,,,,,,,,,,,,,,,,,,,,,,,,,,,,,,,,,,,,,,,,,,,,,,,,,,,,,,,,,,,,,,,,,,,,,,,,,,,,,,,,,,,,,,,,,,,,,,,,,,,,,,,,UNITED_WINDOW_&_DOOR_1517602.jpg,,,,,,,,,UNITED_WINDOW_&_DOOR_1517602_Specification_Sheet.pdf,,,,,,,,,,,,,,,,,,Yes
https://www.unitedwindow&door.com/product/1517603,,,,,,,Industrial Supplies,Equipment & Hardware,Tools & Parts,,1517603,6068L Gliding Patio Dr 4500 United Blk Ext/WH Int LowE Arg w/J,United Window & Door,,,United Window & Door Manufacturing (UNIWI),United Window & Door Manufacturing Inc,United Window & Door®,,1517603,,Industrial Equipment,"United Window & Door, 1517603, Black, Industrial Grade, Commercial Quality",6068L GLIDING PATIO,United Window & Door® 1517603 6068L Gliding Patio 4500 Black,"United Window & Door®, Model 1517603, Black",1517603,"United Window & Door®, Model 1517603, Black",,,,,,,,,,,,,,,,,,,,,,,,,,Product,Finish Color,Black,,,,,,,,,,,,,,,,,,,,,,,,,,,,,,,,,,,,,,,,,,,,,,,,,,,,,,,,,,,,,,,,,,,,,,,,,,,,,,,,,,,,,,,,,,,,,,,,,,,,,,,,,,,,,,,,,,,,,,,,,,,,,,,,,,,,,,,,,,,,,,,,,,,,,,,,,,,,,,,,,,,,,,,,UNITED_WINDOW_&_DOOR_1517603.jpg,,,,,,,,,UNITED_WINDOW_&_DOOR_1517603_Specification_Sheet.pdf,,,,,,,,,,,,,,,,,,Yes
https://www.unitedwindow&door.com/product/1517604,,,,,,,Industrial Supplies,Equipment & Hardware,Tools & Parts,,1517604,6068L Gliding Patio Dr 4500 United White LowE Arg w/J,United Window & Door,,,United Window & Door Manufacturing (UNIWI),United Window & Door Manufacturing Inc,United Window & Door®,,1517604,,Industrial Equipment,"United Window & Door, 1517604, White, Industrial Grade, Commercial Quality",6068L GLIDING PATIO,United Window & Door® 1517604 6068L Gliding Patio 4500 White,"United Window & Door®, Model 1517604, White",1517604,"United Window & Door®, Model 1517604, White",,,,,,,,,,,,,,,,,,,,,,,,,,Product,Finish Color,White,,,,,,,,,,,,,,,,,,,,,,,,,,,,,,,,,,,,,,,,,,,,,,,,,,,,,,,,,,,,,,,,,,,,,,,,,,,,,,,,,,,,,,,,,,,,,,,,,,,,,,,,,,,,,,,,,,,,,,,,,,,,,,,,,,,,,,,,,,,,,,,,,,,,,,,,,,,,,,,,,,,,,,,,UNITED_WINDOW_&_DOOR_1517604.jpg,,,,,,,,,UNITED_WINDOW_&_DOOR_1517604_Specification_Sheet.pdf,,,,,,,,,,,,,,,,,,Yes
https://www.unitedwindow&door.com/product/1517605,,,,,,,Industrial Supplies,Equipment & Hardware,Tools & Parts,,1517605,6068R Gliding Patio Dr 4500 United White LowE Arg w/J,United Window & Door,,,United Window & Door Manufacturing (UNIWI),United Window & Door Manufacturing Inc,United Window & Door®,,1517605,,Industrial Equipment,"United Window & Door, 1517605, White, Industrial Grade, Commercial Quality",6068R GLIDING PATIO,United Window & Door® 1517605 6068R Gliding Patio 4500 White,"United Window & Door®, Model 1517605, White",1517605,"United Window & Door®, Model 1517605, White",,,,,,,,,,,,,,,,,,,,,,,,,,Product,Finish Color,White,,,,,,,,,,,,,,,,,,,,,,,,,,,,,,,,,,,,,,,,,,,,,,,,,,,,,,,,,,,,,,,,,,,,,,,,,,,,,,,,,,,,,,,,,,,,,,,,,,,,,,,,,,,,,,,,,,,,,,,,,,,,,,,,,,,,,,,,,,,,,,,,,,,,,,,,,,,,,,,,,,,,,,,,UNITED_WINDOW_&_DOOR_1517605.jpg,,,,,,,,,UNITED_WINDOW_&_DOOR_1517605_Specification_Sheet.pdf,,,,,,,,,,,,,,,,,,Yes
https://www.velux.com/product/FS C01 2004S,,,,,,,Industrial Supplies,Equipment & Hardware,Tools & Parts,,FS C01 2004S,"FS C01 Velux Fxd Skylt Gry/Wh - w/Solar Shade RO 21""x26-7/8""",,,,Velux America Inc (VELAM),Velux America Inc,Velux®,,FS C01 2004S,,Industrial Equipment,"Velux, FS C01 2004S, White, Industrial Grade, Commercial Quality",FS C01 VELUX,Velux® FS C01 2004S FS C01 Fixed Skylight White,"Velux®, Model FS C01 2004S, White",FS C01 2004S,"Velux®, Model FS C01 2004S, White",,,,,,,,,,,,,,,,,,,,,,,,,,Product,Finish Color,White,,,,,,,,,,,,,,,,,,,,,,,,,,,,,,,,,,,,,,,,,,,,,,,,,,,,,,,,,,,,,,,,,,,,,,,,,,,,,,,,,,,,,,,,,,,,,,,,,,,,,,,,,,,,,,,,,,,,,,,,,,,,,,,,,,,,,,,,,,,,,,,,,,,,,,,,,,,,,,,,,,,,,,,,VELUX_FS C01 2004S.jpg,,,,,,,,,VELUX_FS C01 2004S_Specification_Sheet.pdf,,,,,,,,,,,,,,,,,,Yes
https://www.velux.com/product/FS C04 2004S,,,,,,,Industrial Supplies,Equipment & Hardware,Tools & Parts,,FS C04 2004S,"FS C04 Velux Fxd Skylt Gry/Wh - w/Solar Shade RO 21""x37-7/8""",,,,Velux America Inc (VELAM),Velux America Inc,Velux®,,FS C04 2004S,,Industrial Equipment,"Velux, FS C04 2004S, White, Industrial Grade, Commercial Quality",FS C04 VELUX,Velux® FS C04 2004S FS C04 Fixed Skylight White,"Velux®, Model FS C04 2004S, White",FS C04 2004S,"Velux®, Model FS C04 2004S, White",,,,,,,,,,,,,,,,,,,,,,,,,,Product,Finish Color,White,,,,,,,,,,,,,,,,,,,,,,,,,,,,,,,,,,,,,,,,,,,,,,,,,,,,,,,,,,,,,,,,,,,,,,,,,,,,,,,,,,,,,,,,,,,,,,,,,,,,,,,,,,,,,,,,,,,,,,,,,,,,,,,,,,,,,,,,,,,,,,,,,,,,,,,,,,,,,,,,,,,,,,,,VELUX_FS C04 2004S.jpg,,,,,,,,,VELUX_FS C04 2004S_Specification_Sheet.pdf,,,,,,,,,,,,,,,,,,Yes
https://www.velux.com/product/FS C06 2004S,,,,,,,Industrial Supplies,Equipment & Hardware,Tools & Parts,,FS C06 2004S,"FS C06 Velux Fxd Skylt Gry/Wh - w/Solar Shade RO 21""x45-7/8""",,,,Velux America Inc (VELAM),Velux America Inc,Velux®,,FS C06 2004S,,Industrial Equipment,"Velux, FS C06 2004S, White, Industrial Grade, Commercial Quality",FS C06 VELUX,Velux® FS C06 2004S FS C06 Fixed Skylight White,"Velux®, Model FS C06 2004S, White",FS C06 2004S,"Velux®, Model FS C06 2004S, White",,,,,,,,,,,,,,,,,,,,,,,,,,Product,Finish Color,White,,,,,,,,,,,,,,,,,,,,,,,,,,,,,,,,,,,,,,,,,,,,,,,,,,,,,,,,,,,,,,,,,,,,,,,,,,,,,,,,,,,,,,,,,,,,,,,,,,,,,,,,,,,,,,,,,,,,,,,,,,,,,,,,,,,,,,,,,,,,,,,,,,,,,,,,,,,,,,,,,,,,,,,,VELUX_FS C06 2004S.jpg,,,,,,,,,VELUX_FS C06 2004S_Specification_Sheet.pdf,,,,,,,,,,,,,,,,,,Yes
https://www.provia.com/product/1501831,,,,,,,Industrial Supplies,Equipment & Hardware,Tools & Parts,,1501831,31.5x14.75 Bsmt ecoLitePlus WH - Hopper DLA w/Screen,PROVIA,,,ProVia (PRODO),ProVia LLC,ProVia®,,1501831,,Industrial Equipment,"ProVia, 1501831, 31-1/2 in x 14-3/4 in, White, Industrial Grade",31.5X14.75 BASEMENT ECOLITEPLUS,ProVia® 1501831 31.5x14.75 Basement ecoLitePlus White 31-1/2 in x 14-3/4 in,"ProVia®, Model 1501831, 31-1/2 in x 14-3/4 in, White",1501831,"ProVia®, Model 1501831, 31-1/2 in x 14-3/4 in, White",,,,,,,,,,,,,,,,,,,,,,,,,,Product,Dimensions,31-1/2 in x 14-3/4,in,Finish Color,White,,,,,,,,,,,,,,,,,,,,,,,,,,,,,,,,,,,,,,,,,,,,,,,,,,,,,,,,,,,,,,,,,,,,,,,,,,,,,,,,,,,,,,,,,,,,,,,,,,,,,,,,,,,,,,,,,,,,,,,,,,,,,,,,,,,,,,,,,,,,,,,,,,,,,,,,,,,,,,,,,,,,,PROVIA_1501831.jpg,,,,,,,,,PROVIA_1501831_Specification_Sheet.pdf,,,,,,,,,,,,,,,,,,Yes
https://www.provia.com/product/1501832,,,,,,,Industrial Supplies,Equipment & Hardware,Tools & Parts,,1501832,31.5x22.75 Bsmt ecoLitePlus WH - Hopper DLA w/Screen,PROVIA,,,ProVia (PRODO),ProVia LLC,ProVia®,,1501832,,Industrial Equipment,"ProVia, 1501832, 31-1/2 in x 22-3/4 in, White, Industrial Grade",31.5X22.75 BASEMENT ECOLITEPLUS,ProVia® 1501832 31.5x22.75 Basement ecoLitePlus White 31-1/2 in x 22-3/4 in,"ProVia®, Model 1501832, 31-1/2 in x 22-3/4 in, White",1501832,"ProVia®, Model 1501832, 31-1/2 in x 22-3/4 in, White",,,,,,,,,,,,,,,,,,,,,,,,,,Product,Dimensions,31-1/2 in x 22-3/4,in,Finish Color,White,,,,,,,,,,,,,,,,,,,,,,,,,,,,,,,,,,,,,,,,,,,,,,,,,,,,,,,,,,,,,,,,,,,,,,,,,,,,,,,,,,,,,,,,,,,,,,,,,,,,,,,,,,,,,,,,,,,,,,,,,,,,,,,,,,,,,,,,,,,,,,,,,,,,,,,,,,,,,,,,,,,,,PROVIA_1501832.jpg,,,,,,,,,PROVIA_1501832_Specification_Sheet.pdf,,,,,,,,,,,,,,,,,,Yes
https://www.unitedwindow&door.com/product/1515974,,,,,,,Industrial Supplies,Equipment & Hardware,Tools & Parts,,1515974,3030 Slider 3900 United Black WH Int LowE-2 w/Half Scrn w/J,United Window & Door,,,,United Window & Door Manufacturing Inc,United Window & Door®,,1515974,,Industrial Equipment,"United Window & Door, 1515974, 2 W, Black, Industrial Grade, Commercial Quality",3030 SLIDER 3900 2W,United Window & Door® 1515974 3030 Slider 3900 Black 2 W,"United Window & Door®, Model 1515974, 2 W, Black",1515974,"United Window & Door®, Model 1515974, 2 W, Black",,,,,,,,,,,,,,,,,,,,,,,,,,Product,Wattage,2,W,Finish Color,Black,,,,,,,,,,,,,,,,,,,,,,,,,,,,,,,,,,,,,,,,,,,,,,,,,,,,,,,,,,,,,,,,,,,,,,,,,,,,,,,,,,,,,,,,,,,,,,,,,,,,,,,,,,,,,,,,,,,,,,,,,,,,,,,,,,,,,,,,,,,,,,,,,,,,,,,,,,,,,,,,,,,,,UNITED_WINDOW_&_DOOR_1515974.jpg,,,,,,,,,UNITED_WINDOW_&_DOOR_1515974_Specification_Sheet.pdf,,,,,,,,,,,,,,,,,,Yes
https://www.certainteed.com/product/640383,,,,,,,Industrial Supplies,Equipment & Hardware,Tools & Parts,,640383,"1/2"" 54""x10 Drywall Easi-Lite",,,,Certainteed Gypsum (2765),CertainTeed Gypsum Inc,CertainTeed®,,640383,,Industrial Equipment,"CertainTeed, 640383, Industrial Grade, Commercial Quality, Heavy Duty",1/2 IN 54,CertainTeed® 640383 1/2 54 inx10 Drywall,"CertainTeed®, Model 640383",640383,"CertainTeed®, Model 640383",,,,,,,,,,,,,,,,,,,,,,,,,,Product,,,,,,,,,,,,,,,,,,,,,,,,,,,,,,,,,,,,,,,,,,,,,,,,,,,,,,,,,,,,,,,,,,,,,,,,,,,,,,,,,,,,,,,,,,,,,,,,,,,,,,,,,,,,,,,,,,,,,,,,,,,,,,,,,,,,,,,,,,,,,,,,,,,,,,,,,,,,,,,,,,,,,,,,,,CERTAINTEED_640383.jpg,,,,,,,,,CERTAINTEED_640383_Specification_Sheet.pdf,,,,,,,,,,,,,,,,,,Yes
https://www.certainteed.com/product/653258,,,,,,,Industrial Supplies,Equipment & Hardware,Tools & Parts,,653258,"5/8"" 4x9 Drywall Firelite",,,,Certainteed Gypsum (2765),CertainTeed Gypsum Inc,CertainTeed®,,653258,,Industrial Equipment,"CertainTeed, 653258, 4 in x 9 in, Industrial Grade, Commercial Quality",5/8 IN 4X9 4INX9IN,CertainTeed® 653258 5/8 4x9 Drywall Firelite 4 in x 9 in,"CertainTeed®, Model 653258, 4 in x 9 in",653258,"CertainTeed®, Model 653258, 4 in x 9 in",,,,,,,,,,,,,,,,,,,,,,,,,,Product,Dimensions,4 in x 9,in,,,,,,,,,,,,,,,,,,,,,,,,,,,,,,,,,,,,,,,,,,,,,,,,,,,,,,,,,,,,,,,,,,,,,,,,,,,,,,,,,,,,,,,,,,,,,,,,,,,,,,,,,,,,,,,,,,,,,,,,,,,,,,,,,,,,,,,,,,,,,,,,,,,,,,,,,,,,,,,,,,,,,,,CERTAINTEED_653258.jpg,,,,,,,,,CERTAINTEED_653258_Specification_Sheet.pdf,,,,,,,,,,,,,,,,,,Yes
https://www.hager.com/product/413S-DBA-36,,,,,,,Industrial Supplies,Equipment & Hardware,Tools & Parts,,413S-DBA-36,"413S 36"" Alum Threshold DBZ",HAGER,,,Hager Hinge Co (4189),Hager Hinge Company,Hager®,,413S-DBA-36,,Industrial Equipment,"Hager, 413S-DBA-36, Dark Bronze, Aluminum, Industrial Grade, Commercial Quality",413S 36 IN,Hager® 413S-DBA-36 413S 36 in Aluminum Dark Bronze,"Hager®, Model 413S-DBA-36, Aluminum, Dark Bronze",413S-DBA-36,"Hager®, Model 413S-DBA-36, Aluminum, Dark Bronze",,,,,,,,,,,,,,,,,,,,,,,,,,Product,Material,Aluminum,,Finish Color,Dark Bronze,,,,,,,,,,,,,,,,,,,,,,,,,,,,,,,,,,,,,,,,,,,,,,,,,,,,,,,,,,,,,,,,,,,,,,,,,,,,,,,,,,,,,,,,,,,,,,,,,,,,,,,,,,,,,,,,,,,,,,,,,,,,,,,,,,,,,,,,,,,,,,,,,,,,,,,,,,,,,,,,,,,,,HAGER_413S-DBA-36.jpg,,,,,,,,,HAGER_413S-DBA-36_Specification_Sheet.pdf,,,,,,,,,,,,,,,,,,Yes
https://www.hager.com/product/413S-DBA-72,,,,,,,Industrial Supplies,Equipment & Hardware,Tools & Parts,,413S-DBA-72,"413S 72"" Alum Threshold DBZ",HAGER,,,Hager Hinge Co (4189),Hager Hinge Company,Hager®,,413S-DBA-72,,Industrial Equipment,"Hager, 413S-DBA-72, Dark Bronze, Aluminum, Industrial Grade, Commercial Quality",413S 72 IN,Hager® 413S-DBA-72 413S 72 in Aluminum Dark Bronze,"Hager®, Model 413S-DBA-72, Aluminum, Dark Bronze",413S-DBA-72,"Hager®, Model 413S-DBA-72, Aluminum, Dark Bronze",,,,,,,,,,,,,,,,,,,,,,,,,,Product,Material,Aluminum,,Finish Color,Dark Bronze,,,,,,,,,,,,,,,,,,,,,,,,,,,,,,,,,,,,,,,,,,,,,,,,,,,,,,,,,,,,,,,,,,,,,,,,,,,,,,,,,,,,,,,,,,,,,,,,,,,,,,,,,,,,,,,,,,,,,,,,,,,,,,,,,,,,,,,,,,,,,,,,,,,,,,,,,,,,,,,,,,,,,HAGER_413S-DBA-72.jpg,,,,,,,,,HAGER_413S-DBA-72_Specification_Sheet.pdf,,,,,,,,,,,,,,,,,,Yes
https://www.huber.com/product/1511506,,,,,,,Industrial Supplies,Equipment & Hardware,Tools & Parts,,1511506,4'x65' Zip Rainscreen,,,,Huber Eng Wood LLC (3158),Huber Engineered Woods LLC,Huber®,,1511506,,Industrial Equipment,"Huber, 1511506, Industrial Grade, Commercial Quality, Professional Performance",4 FTX65 FT,Huber® 1511506 4 ftx65 ft Zip,"Huber®, Model 1511506",1511506,"Huber®, Model 1511506",,,,,,,,,,,,,,,,,,,,,,,,,,Product,,,,,,,,,,,,,,,,,,,,,,,,,,,,,,,,,,,,,,,,,,,,,,,,,,,,,,,,,,,,,,,,,,,,,,,,,,,,,,,,,,,,,,,,,,,,,,,,,,,,,,,,,,,,,,,,,,,,,,,,,,,,,,,,,,,,,,,,,,,,,,,,,,,,,,,,,,,,,,,,,,,,,,,,,,HUBER_1511506.jpg,,,,,,,,,HUBER_1511506_Specification_Sheet.pdf,,,,,,,,,,,,,,,,,,Yes
https://www.westwoodlumber.com/product/1513577,,,,,,,Industrial Supplies,Equipment & Hardware,Tools & Parts,,1513577,1x8-12' Doug Fir STK Smooth 1S2E,,,,Westwood Lumber Sales (WESLU),Westwood Lumber Sales Inc,Westwood Lumber®,,1513577,,Industrial Equipment,"Westwood Lumber, 1513577, 1 in x 8 in x 12 ft, Industrial Grade",1X8-12 FT DOUG 1INX8INX12FT,Westwood Lumber® 1513577 1x8-12 ft Doug Fir 1 in x 8 in x 12 ft,"Westwood Lumber®, Model 1513577, 1 in x 8 in x 12 ft",1513577,"Westwood Lumber®, Model 1513577, 1 in x 8 in x 12 ft",,,,,,,,,,,,,,,,,,,,,,,,,,Product,Dimensions,1 in x 8 in x 12,ft,,,,,,,,,,,,,,,,,,,,,,,,,,,,,,,,,,,,,,,,,,,,,,,,,,,,,,,,,,,,,,,,,,,,,,,,,,,,,,,,,,,,,,,,,,,,,,,,,,,,,,,,,,,,,,,,,,,,,,,,,,,,,,,,,,,,,,,,,,,,,,,,,,,,,,,,,,,,,,,,,,,,,,,WESTWOOD_LUMBER_1513577.jpg,,,,,,,,,WESTWOOD_LUMBER_1513577_Specification_Sheet.pdf,,,,,,,,,,,,,,,,,,Yes
https://www.westwoodlumber.com/product/1513578,,,,,,,Industrial Supplies,Equipment & Hardware,Tools & Parts,,1513578,1x8-16' Doug Fir STK Smooth 1S2E,,,,Westwood Lumber Sales (WESLU),Westwood Lumber Sales Inc,Westwood Lumber®,,1513578,,Industrial Equipment,"Westwood Lumber, 1513578, 1 in x 8 in x 16 ft, Industrial Grade",1X8-16 FT DOUG 1INX8INX16FT,Westwood Lumber® 1513578 1x8-16 ft Doug Fir 1 in x 8 in x 16 ft,"Westwood Lumber®, Model 1513578, 1 in x 8 in x 16 ft",1513578,"Westwood Lumber®, Model 1513578, 1 in x 8 in x 16 ft",,,,,,,,,,,,,,,,,,,,,,,,,,Product,Dimensions,1 in x 8 in x 16,ft,,,,,,,,,,,,,,,,,,,,,,,,,,,,,,,,,,,,,,,,,,,,,,,,,,,,,,,,,,,,,,,,,,,,,,,,,,,,,,,,,,,,,,,,,,,,,,,,,,,,,,,,,,,,,,,,,,,,,,,,,,,,,,,,,,,,,,,,,,,,,,,,,,,,,,,,,,,,,,,,,,,,,,,WESTWOOD_LUMBER_1513578.jpg,,,,,,,,,WESTWOOD_LUMBER_1513578_Specification_Sheet.pdf,,,,,,,,,,,,,,,,,,Yes
https://www.westwoodlumber.com/product/1513579,,,,,,,Industrial Supplies,Equipment & Hardware,Tools & Parts,,1513579,1x12-12 'Doug Fir STK Smooth 1S2E,,,,Westwood Lumber Sales (WESLU),Westwood Lumber Sales Inc,Westwood Lumber®,,1513579,,Industrial Equipment,"Westwood Lumber, 1513579, 1 in x 12 in x 12 ft, Industrial Grade",1X12-12 FTDOUG FIR 1INX12INX12FT,Westwood Lumber® 1513579 1x12-12 ftDoug Fir Select 1 in x 12 in x 12 ft,"Westwood Lumber®, Model 1513579, 1 in x 12 in x 12 ft",1513579,"Westwood Lumber®, Model 1513579, 1 in x 12 in x 12 ft",,,,,,,,,,,,,,,,,,,,,,,,,,Product,Dimensions,1 in x 12 in x 12,ft,,,,,,,,,,,,,,,,,,,,,,,,,,,,,,,,,,,,,,,,,,,,,,,,,,,,,,,,,,,,,,,,,,,,,,,,,,,,,,,,,,,,,,,,,,,,,,,,,,,,,,,,,,,,,,,,,,,,,,,,,,,,,,,,,,,,,,,,,,,,,,,,,,,,,,,,,,,,,,,,,,,,,,,WESTWOOD_LUMBER_1513579.jpg,,,,,,,,,WESTWOOD_LUMBER_1513579_Specification_Sheet.pdf,,,,,,,,,,,,,,,,,,Yes
https://www.westwoodlumber.com/product/1513580,,,,,,,Industrial Supplies,Equipment & Hardware,Tools & Parts,,1513580,1x12-16' Doug Fir STK Smooth 1S2E,,,,Westwood Lumber Sales (WESLU),Westwood Lumber Sales Inc,Westwood Lumber®,,1513580,,Industrial Equipment,"Westwood Lumber, 1513580, 1 in x 12 in x 16 ft, Industrial Grade",1X12-16 FT DOUG 1INX12INX16FT,Westwood Lumber® 1513580 1x12-16 ft Doug Fir 1 in x 12 in x 16 ft,"Westwood Lumber®, Model 1513580, 1 in x 12 in x 16 ft",1513580,"Westwood Lumber®, Model 1513580, 1 in x 12 in x 16 ft",,,,,,,,,,,,,,,,,,,,,,,,,,Product,Dimensions,1 in x 12 in x 16,ft,,,,,,,,,,,,,,,,,,,,,,,,,,,,,,,,,,,,,,,,,,,,,,,,,,,,,,,,,,,,,,,,,,,,,,,,,,,,,,,,,,,,,,,,,,,,,,,,,,,,,,,,,,,,,,,,,,,,,,,,,,,,,,,,,,,,,,,,,,,,,,,,,,,,,,,,,,,,,,,,,,,,,,,WESTWOOD_LUMBER_1513580.jpg,,,,,,,,,WESTWOOD_LUMBER_1513580_Specification_Sheet.pdf,,,,,,,,,,,,,,,,,,Yes
https://www.huber.com/product/1501767,,,,,,,Industrial Supplies,Equipment & Hardware,Tools & Parts,,1501767,"3/4"" 4x8T&G Huber Blue PlusOSB - Sub Floor",,,,,Huber Engineered Woods LLC,Huber®,,1501767,,Industrial Equipment,"Huber, 1501767, 4 in x 8 in, Industrial Grade, Commercial Quality",3/4 IN 4X8 4INX8IN,Huber® 1501767 3/4 in 4x8 Tongue 4 in x 8 in,"Huber®, Model 1501767, 4 in x 8 in",1501767,"Huber®, Model 1501767, 4 in x 8 in",,,,,,,,,,,,,,,,,,,,,,,,,,Product,Dimensions,4 in x 8,in,,,,,,,,,,,,,,,,,,,,,,,,,,,,,,,,,,,,,,,,,,,,,,,,,,,,,,,,,,,,,,,,,,,,,,,,,,,,,,,,,,,,,,,,,,,,,,,,,,,,,,,,,,,,,,,,,,,,,,,,,,,,,,,,,,,,,,,,,,,,,,,,,,,,,,,,,,,,,,,,,,,,,,,HUBER_1501767.jpg,,,,,,,,,HUBER_1501767_Specification_Sheet.pdf,,,,,,,,,,,,,,,,,,Yes
https://www.premiermetals.com/product/PP-8BL,,,,,,,Industrial Supplies,Equipment & Hardware,Tools & Parts,,PP-8BL,8' Premier Rib XL Black,,,,Premier Metals (PREME),Premier Metals Inc,Premier Metals®,,PP-8BL,,Industrial Equipment,"Premier Metals, PP-8BL, Black, Industrial Grade, Commercial Quality",8 FT PREMIER,Premier Metals® PP-8BL 8 ft Rib XL Black,"Premier Metals®, Model PP-8BL, Black",PP-8BL,"Premier Metals®, Model PP-8BL, Black",,,,,,,,,,,,,,,,,,,,,,,,,,Product,Finish Color,Black,,,,,,,,,,,,,,,,,,,,,,,,,,,,,,,,,,,,,,,,,,,,,,,,,,,,,,,,,,,,,,,,,,,,,,,,,,,,,,,,,,,,,,,,,,,,,,,,,,,,,,,,,,,,,,,,,,,,,,,,,,,,,,,,,,,,,,,,,,,,,,,,,,,,,,,,,,,,,,,,,,,,,,,,PREMIER_METALS_PP-8BL.jpg,,,,,,,,,PREMIER_METALS_PP-8BL_Specification_Sheet.pdf,,,,,,,,,,,,,,,,,,Yes
https://www.premiermetals.com/product/PP-10BL,,,,,,,Industrial Supplies,Equipment & Hardware,Tools & Parts,,PP-10BL,10' Premier Rib XL Black,,,,Premier Metals (PREME),Premier Metals Inc,Premier Metals®,,PP-10BL,,Industrial Equipment,"Premier Metals, PP-10BL, Black, Industrial Grade, Commercial Quality",10 FT PREMIER,Premier Metals® PP-10BL 10 ft Rib XL Black,"Premier Metals®, Model PP-10BL, Black",PP-10BL,"Premier Metals®, Model PP-10BL, Black",,,,,,,,,,,,,,,,,,,,,,,,,,Product,Finish Color,Black,,,,,,,,,,,,,,,,,,,,,,,,,,,,,,,,,,,,,,,,,,,,,,,,,,,,,,,,,,,,,,,,,,,,,,,,,,,,,,,,,,,,,,,,,,,,,,,,,,,,,,,,,,,,,,,,,,,,,,,,,,,,,,,,,,,,,,,,,,,,,,,,,,,,,,,,,,,,,,,,,,,,,,,,PREMIER_METALS_PP-10BL.jpg,,,,,,,,,PREMIER_METALS_PP-10BL_Specification_Sheet.pdf,,,,,,,,,,,,,,,,,,Yes
https://www.premiermetals.com/product/PP-12BL,,,,,,,Industrial Supplies,Equipment & Hardware,Tools & Parts,,PP-12BL,12' Premier Rib XL Black,,,,Premier Metals (PREME),Premier Metals Inc,Premier Metals®,,PP-12BL,,Industrial Equipment,"Premier Metals, PP-12BL, Black, Industrial Grade, Commercial Quality",12 FT PREMIER,Premier Metals® PP-12BL 12 ft Rib XL Black,"Premier Metals®, Model PP-12BL, Black",PP-12BL,"Premier Metals®, Model PP-12BL, Black",,,,,,,,,,,,,,,,,,,,,,,,,,Product,Finish Color,Black,,,,,,,,,,,,,,,,,,,,,,,,,,,,,,,,,,,,,,,,,,,,,,,,,,,,,,,,,,,,,,,,,,,,,,,,,,,,,,,,,,,,,,,,,,,,,,,,,,,,,,,,,,,,,,,,,,,,,,,,,,,,,,,,,,,,,,,,,,,,,,,,,,,,,,,,,,,,,,,,,,,,,,,,PREMIER_METALS_PP-12BL.jpg,,,,,,,,,PREMIER_METALS_PP-12BL_Specification_Sheet.pdf,,,,,,,,,,,,,,,,,,Yes
https://www.premiermetals.com/product/PP-8CH,,,,,,,Industrial Supplies,Equipment & Hardware,Tools & Parts,,PP-8CH,8' Premier Rib XL Charcoal,,,,Premier Metals (PREME),Premier Metals Inc,Premier Metals®,,PP-8CH,,Industrial Equipment,"Premier Metals, PP-8CH, Industrial Grade, Commercial Quality",8 FT PREMIER,Premier Metals® PP-8CH 8 ft Rib XL,"Premier Metals®, Model PP-8CH",PP-8CH,"Premier Metals®, Model PP-8CH",,,,,,,,,,,,,,,,,,,,,,,,,,Product,,,,,,,,,,,,,,,,,,,,,,,,,,,,,,,,,,,,,,,,,,,,,,,,,,,,,,,,,,,,,,,,,,,,,,,,,,,,,,,,,,,,,,,,,,,,,,,,,,,,,,,,,,,,,,,,,,,,,,,,,,,,,,,,,,,,,,,,,,,,,,,,,,,,,,,,,,,,,,,,,,,,,,,,,,PREMIER_METALS_PP-8CH.jpg,,,,,,,,,PREMIER_METALS_PP-8CH_Specification_Sheet.pdf,,,,,,,,,,,,,,,,,,Yes
https://www.premiermetals.com/product/PP-10CH,,,,,,,Industrial Supplies,Equipment & Hardware,Tools & Parts,,PP-10CH,10' Premier Rib XL Charcoal,,,,Premier Metals (PREME),Premier Metals Inc,Premier Metals®,,PP-10CH,,Industrial Equipment,"Premier Metals, PP-10CH, Industrial Grade, Commercial Quality",10 FT PREMIER,Premier Metals® PP-10CH 10 ft Rib XL,"Premier Metals®, Model PP-10CH",PP-10CH,"Premier Metals®, Model PP-10CH",,,,,,,,,,,,,,,,,,,,,,,,,,Product,,,,,,,,,,,,,,,,,,,,,,,,,,,,,,,,,,,,,,,,,,,,,,,,,,,,,,,,,,,,,,,,,,,,,,,,,,,,,,,,,,,,,,,,,,,,,,,,,,,,,,,,,,,,,,,,,,,,,,,,,,,,,,,,,,,,,,,,,,,,,,,,,,,,,,,,,,,,,,,,,,,,,,,,,,PREMIER_METALS_PP-10CH.jpg,,,,,,,,,PREMIER_METALS_PP-10CH_Specification_Sheet.pdf,,,,,,,,,,,,,,,,,,Yes
https://www.premiermetals.com/product/PP-12CH,,,,,,,Industrial Supplies,Equipment & Hardware,Tools & Parts,,PP-12CH,12' Premier Rib XL Charcoal,,,,Premier Metals (PREME),Premier Metals Inc,Premier Metals®,,PP-12CH,,Industrial Equipment,"Premier Metals, PP-12CH, Industrial Grade, Commercial Quality",12 FT PREMIER,Premier Metals® PP-12CH 12 ft Rib XL,"Premier Metals®, Model PP-12CH",PP-12CH,"Premier Metals®, Model PP-12CH",,,,,,,,,,,,,,,,,,,,,,,,,,Product,,,,,,,,,,,,,,,,,,,,,,,,,,,,,,,,,,,,,,,,,,,,,,,,,,,,,,,,,,,,,,,,,,,,,,,,,,,,,,,,,,,,,,,,,,,,,,,,,,,,,,,,,,,,,,,,,,,,,,,,,,,,,,,,,,,,,,,,,,,,,,,,,,,,,,,,,,,,,,,,,,,,,,,,,,PREMIER_METALS_PP-12CH.jpg,,,,,,,,,PREMIER_METALS_PP-12CH_Specification_Sheet.pdf,,,,,,,,,,,,,,,,,,Yes
https://www.premiermetals.com/product/PP-8WH,,,,,,,Industrial Supplies,Equipment & Hardware,Tools & Parts,,PP-8WH,8' Premier Rib XL White,,,,Premier Metals (PREME),Premier Metals Inc,Premier Metals®,,PP-8WH,,Industrial Equipment,"Premier Metals, PP-8WH, White, Industrial Grade, Commercial Quality",8 FT PREMIER,Premier Metals® PP-8WH 8 ft Rib XL White,"Premier Metals®, Model PP-8WH, White",PP-8WH,"Premier Metals®, Model PP-8WH, White",,,,,,,,,,,,,,,,,,,,,,,,,,Product,Finish Color,White,,,,,,,,,,,,,,,,,,,,,,,,,,,,,,,,,,,,,,,,,,,,,,,,,,,,,,,,,,,,,,,,,,,,,,,,,,,,,,,,,,,,,,,,,,,,,,,,,,,,,,,,,,,,,,,,,,,,,,,,,,,,,,,,,,,,,,,,,,,,,,,,,,,,,,,,,,,,,,,,,,,,,,,,PREMIER_METALS_PP-8WH.jpg,,,,,,,,,PREMIER_METALS_PP-8WH_Specification_Sheet.pdf,,,,,,,,,,,,,,,,,,Yes
https://www.premiermetals.com/product/PP-10WH,,,,,,,Industrial Supplies,Equipment & Hardware,Tools & Parts,,PP-10WH,10' Premier Rib XL White,,,,Premier Metals (PREME),Premier Metals Inc,Premier Metals®,,PP-10WH,,Industrial Equipment,"Premier Metals, PP-10WH, White, Industrial Grade, Commercial Quality",10 FT PREMIER,Premier Metals® PP-10WH 10 ft Rib XL White,"Premier Metals®, Model PP-10WH, White",PP-10WH,"Premier Metals®, Model PP-10WH, White",,,,,,,,,,,,,,,,,,,,,,,,,,Product,Finish Color,White,,,,,,,,,,,,,,,,,,,,,,,,,,,,,,,,,,,,,,,,,,,,,,,,,,,,,,,,,,,,,,,,,,,,,,,,,,,,,,,,,,,,,,,,,,,,,,,,,,,,,,,,,,,,,,,,,,,,,,,,,,,,,,,,,,,,,,,,,,,,,,,,,,,,,,,,,,,,,,,,,,,,,,,,PREMIER_METALS_PP-10WH.jpg,,,,,,,,,PREMIER_METALS_PP-10WH_Specification_Sheet.pdf,,,,,,,,,,,,,,,,,,Yes
https://www.palmer-donavin.com/product/1504345,,,,,,,Industrial Supplies,Equipment & Hardware,Tools & Parts,,1504345,OC Duration TruDef Wburg Gray (BDL),,,,Palmer Donavin Mfg Company (PALDO),Palmer Donavin Mfg Company,Palmer-Donavin®,,1504345,,Industrial Equipment,"Palmer-Donavin, 1504345, Industrial Grade, Commercial Quality",OC DURATION TRUDEF,Palmer-Donavin® 1504345 OC Duration TruDef Wburg,"Palmer-Donavin®, Model 1504345",1504345,"Palmer-Donavin®, Model 1504345",,,,,,,,,,,,,,,,,,,,,,,,,,Product,,,,,,,,,,,,,,,,,,,,,,,,,,,,,,,,,,,,,,,,,,,,,,,,,,,,,,,,,,,,,,,,,,,,,,,,,,,,,,,,,,,,,,,,,,,,,,,,,,,,,,,,,,,,,,,,,,,,,,,,,,,,,,,,,,,,,,,,,,,,,,,,,,,,,,,,,,,,,,,,,,,,,,,,,,PALMER-DONAVIN_1504345.jpg,,,,,,,,,PALMER-DONAVIN_1504345_Specification_Sheet.pdf,,,,,,,,,,,,,,,,,,Yes
https://www.palmer-donavin.com/product/2733,,,,,,,Industrial Supplies,Equipment & Hardware,Tools & Parts,,2733,3'x65' Henry Eaveguard - Ice Guard,,,,Palmer Donavin Mfg Company (PALDO),Palmer Donavin Mfg Company,Palmer-Donavin®,,2733,,Industrial Equipment,"Palmer-Donavin, 2733, Industrial Grade, Commercial Quality, Heavy Duty",3 FTX65 FT,Palmer-Donavin® 2733 3 ftx65 ft Henry,"Palmer-Donavin®, Model 2733",2733,"Palmer-Donavin®, Model 2733",,,,,,,,,,,,,,,,,,,,,,,,,,Product,,,,,,,,,,,,,,,,,,,,,,,,,,,,,,,,,,,,,,,,,,,,,,,,,,,,,,,,,,,,,,,,,,,,,,,,,,,,,,,,,,,,,,,,,,,,,,,,,,,,,,,,,,,,,,,,,,,,,,,,,,,,,,,,,,,,,,,,,,,,,,,,,,,,,,,,,,,,,,,,,,,,,,,,,,PALMER-DONAVIN_2733.jpg,,,,,,,,,PALMER-DONAVIN_2733_Specification_Sheet.pdf,,,,,,,,,,,,,,,,,,Yes
https://www.industrialstandard.com/product/7547,,,,,,,Industrial Supplies,Equipment & Hardware,Tools & Parts,,7547,Ice Guard OC Weathr Lk Mat 2sq,,,,,Industrial Standard,Industrial Standard,,7547,,Industrial Equipment,"Industrial Standard, 7547, Industrial Grade, Commercial Quality",ICE GUARD OC,Industrial Standard 7547 Ice Guard OC Weathr,"Industrial Standard, Model 7547",7547,"Industrial Standard, Model 7547",,,,,,,,,,,,,,,,,,,,,,,,,,Product,,,,,,,,,,,,,,,,,,,,,,,,,,,,,,,,,,,,,,,,,,,,,,,,,,,,,,,,,,,,,,,,,,,,,,,,,,,,,,,,,,,,,,,,,,,,,,,,,,,,,,,,,,,,,,,,,,,,,,,,,,,,,,,,,,,,,,,,,,,,,,,,,,,,,,,,,,,,,,,,,,,,,,,,,,INDUSTRIAL_STANDARD_7547.jpg,,,,,,,,,INDUSTRIAL_STANDARD_7547_Specification_Sheet.pdf,,,,,,,,,,,,,,,,,,Yes
https://www.jameshardie.com/product/8912220,,,,,,,Industrial Supplies,Equipment & Hardware,Building Materials,,8912220,"7-1/4""x12' Hardie Sdg Smooth - Primed HardiePlank",JAMESHARDIE,,,Boise Cascade Building Materials (BOICA),James Hardie Building Products Inc,James Hardie®,HardiePlank,8912220,,Building Materials,"James Hardie, Building Materials, HardiePlank, 8912220, Industrial Grade",BUILDING MATERIALS,James Hardie® HardiePlank 8912220 Building Materials,"James Hardie®, HardiePlank, Building Materials, Model 8912220","HardiePlank Building Materials, 8912220","James Hardie®, HardiePlank, Building Materials, Model 8912220",,,,,,,,,,,,,,,,,,,,,,,,,,Building Materials,Item Type,Building Materials,,Series,HardiePlank,,,,,,,,,,,,,,,,,,,,,,,,,,,,,,,,,,,,,,,,,,,,,,,,,,,,,,,,,,,,,,,,,,,,,,,,,,,,,,,,,,,,,,,,,,,,,,,,,,,,,,,,,,,,,,,,,,,,,,,,,,,,,,,,,,,,,,,,,,,,,,,,,,,,,,,,,,,,,,,,,,,,,JAMES_HARDIE_8912220.jpg,,,,,,,,,JAMES_HARDIE_8912220_Specification_Sheet.pdf,,,,,,,,,,,,,,,,,,Yes
https://www.jameshardie.com/product/8904015,,,,,,,Industrial Supplies,Equipment & Hardware,Tools & Parts,,8904015,4'x10' HardiePanel Smooth - Primed,JAMESHARDIE,,,Boise Cascade Building Materials (BOICA),James Hardie Building Products Inc,James Hardie®,HardiePanel,8904015,,Industrial Equipment,"James Hardie, HardiePanel, 8904015, Industrial Grade, Commercial Quality",4 FTX10 FT,James Hardie® HardiePanel 8904015 4 ftx10 ft HardiePanel,"James Hardie®, HardiePanel, Model 8904015","HardiePanel , 8904015","James Hardie®, HardiePanel, Model 8904015",,,,,,,,,,,,,,,,,,,,,,,,,,Product,Series,HardiePanel,,,,,,,,,,,,,,,,,,,,,,,,,,,,,,,,,,,,,,,,,,,,,,,,,,,,,,,,,,,,,,,,,,,,,,,,,,,,,,,,,,,,,,,,,,,,,,,,,,,,,,,,,,,,,,,,,,,,,,,,,,,,,,,,,,,,,,,,,,,,,,,,,,,,,,,,,,,,,,,,,,,,,,,,JAMES_HARDIE_8904015.jpg,,,,,,,,,JAMES_HARDIE_8904015_Specification_Sheet.pdf,,,,,,,,,,,,,,,,,,Yes
https://www.lpsmartside.com/product/25796,,,,,,,Industrial Supplies,Equipment & Hardware,Building Materials,,25796,"6""x16' Smart Lap Sdg Cedar",LP SMARTSIDE,,,U S Lumber (3073),Louisiana-Pacific Corporation,LP® SmartSide®,,25796,,Building Materials,"LP SmartSide, Building Materials, 25796, Industrial Grade, Commercial Quality",BUILDING MATERIALS,LP® SmartSide® 25796 Building Materials,"LP® SmartSide®, Building Materials, Model 25796","Building Materials, 25796","LP® SmartSide®, Building Materials, Model 25796",,,,,,,,,,,,,,,,,,,,,,,,,,Building Materials,Item Type,Building Materials,,,,,,,,,,,,,,,,,,,,,,,,,,,,,,,,,,,,,,,,,,,,,,,,,,,,,,,,,,,,,,,,,,,,,,,,,,,,,,,,,,,,,,,,,,,,,,,,,,,,,,,,,,,,,,,,,,,,,,,,,,,,,,,,,,,,,,,,,,,,,,,,,,,,,,,,,,,,,,,,,,,,,,,,LP_SMARTSIDE_25796.jpg,,,,,,,,,LP_SMARTSIDE_25796_Specification_Sheet.pdf,,,,,,,,,,,,,,,,,,Yes
https://www.lpsmartside.com/product/40503,,,,,,,Industrial Supplies,Equipment & Hardware,Tools & Parts,,40503,"3/8"" 16""x16' Smart Pan Cedar - No-Groove Sq Edge B&B",LP SMARTSIDE,,,U S Lumber (3073),Louisiana-Pacific Corporation,LP® SmartSide®,,40503,,Industrial Equipment,"LP SmartSide, 40503, Industrial Grade, Commercial Quality, Heavy Duty",3/8 IN 16,LP® SmartSide® 40503 3/8 in 16 inx16,"LP® SmartSide®, Model 40503, Square Edge",40503,"LP® SmartSide®, Model 40503, Square Edge",,,,,,,,,,,,,,,,,,,,,,,,,,Product,Edge Profile,Square Edge,,,,,,,,,,,,,,,,,,,,,,,,,,,,,,,,,,,,,,,,,,,,,,,,,,,,,,,,,,,,,,,,,,,,,,,,,,,,,,,,,,,,,,,,,,,,,,,,,,,,,,,,,,,,,,,,,,,,,,,,,,,,,,,,,,,,,,,,,,,,,,,,,,,,,,,,,,,,,,,,,,,,,,,,LP_SMARTSIDE_40503.jpg,,,,,,,,,LP_SMARTSIDE_40503_Specification_Sheet.pdf,,,,,,,,,,,,,,,,,,Yes
https://www.lpsmartside.com/product/25825,,,,,,,Industrial Supplies,Equipment & Hardware,Tools & Parts,,25825,"3/8"" 4x10 Smart Pan Cedar - No-Groove w/Shiplap Edges",LP SMARTSIDE,,,U S Lumber (3073),Louisiana-Pacific Corporation,LP® SmartSide®,,25825,,Industrial Equipment,"LP SmartSide, 25825, 4 in x 10 in, Industrial Grade, Commercial Quality",3/8 IN 4X10 4INX10IN,LP® SmartSide® 25825 3/8 in 4x10 Panel 4 in x 10 in,"LP® SmartSide®, Model 25825, 4 in x 10 in",25825,"LP® SmartSide®, Model 25825, 4 in x 10 in",,,,,,,,,,,,,,,,,,,,,,,,,,Product,Dimensions,4 in x 10,in,,,,,,,,,,,,,,,,,,,,,,,,,,,,,,,,,,,,,,,,,,,,,,,,,,,,,,,,,,,,,,,,,,,,,,,,,,,,,,,,,,,,,,,,,,,,,,,,,,,,,,,,,,,,,,,,,,,,,,,,,,,,,,,,,,,,,,,,,,,,,,,,,,,,,,,,,,,,,,,,,,,,,,,LP_SMARTSIDE_25825.jpg,,,,,,,,,LP_SMARTSIDE_25825_Specification_Sheet.pdf,,,,,,,,,,,,,,,,,,Yes
https://www.lpsmartside.com/product/25822,,,,,,,Industrial Supplies,Equipment & Hardware,Building Materials,,25822,"3/8"" 12""x16' Smart Vented Soff - Cedar Soffit",LP SMARTSIDE,,,U S Lumber (3073),Louisiana-Pacific Corporation,LP® SmartSide®,,25822,,Building Materials,"LP SmartSide, Building Materials, 25822, Industrial Grade, Commercial Quality",BUILDING MATERIALS,LP® SmartSide® 25822 Building Materials,"LP® SmartSide®, Building Materials, Model 25822","Building Materials, 25822","LP® SmartSide®, Building Materials, Model 25822",,,,,,,,,,,,,,,,,,,,,,,,,,Building Materials,Item Type,Building Materials,,,,,,,,,,,,,,,,,,,,,,,,,,,,,,,,,,,,,,,,,,,,,,,,,,,,,,,,,,,,,,,,,,,,,,,,,,,,,,,,,,,,,,,,,,,,,,,,,,,,,,,,,,,,,,,,,,,,,,,,,,,,,,,,,,,,,,,,,,,,,,,,,,,,,,,,,,,,,,,,,,,,,,,,LP_SMARTSIDE_25822.jpg,,,,,,,,,LP_SMARTSIDE_25822_Specification_Sheet.pdf,,,,,,,,,,,,,,,,,,Yes
https://www.trex.com/product/543650101,,,,,,,Industrial Supplies,Equipment & Hardware,Tools & Parts,,543650101,Black Alum ADA Wall Mount Trex,TREX,,,Boise Cascade Building Materials (BOICA),Trex Company Inc,Trex®,,543650101,,Industrial Equipment,"Trex, 543650101, Black, Aluminum, Industrial Grade, Commercial Quality",BLACK ALUMINUM AMERICANS,Trex® 543650101 Black Aluminum Americans with,"Trex®, Model 543650101, Aluminum, Black",543650101,"Trex®, Model 543650101, Aluminum, Black",,,,,,,,,,,,,,,,,,,,,,,,,,Product,Material,Aluminum,,Finish Color,Black,,,,,,,,,,,,,,,,,,,,,,,,,,,,,,,,,,,,,,,,,,,,,,,,,,,,,,,,,,,,,,,,,,,,,,,,,,,,,,,,,,,,,,,,,,,,,,,,,,,,,,,,,,,,,,,,,,,,,,,,,,,,,,,,,,,,,,,,,,,,,,,,,,,,,,,,,,,,,,,,,,,,,TREX_543650101.jpg,,,,,,,,,TREX_543650101_Specification_Sheet.pdf,,,,,,,,,,,,,,,,,,Yes
https://www.trex.com/product/543650010,,,,,,,Industrial Supplies,Equipment & Hardware,Tools & Parts,,543650010,Black Alum ADA Int End Cap - Trex,TREX,,,Boise Cascade Building Materials (BOICA),Trex Company Inc,Trex®,,543650010,,Industrial Equipment,"Trex, 543650010, Black, Aluminum, Industrial Grade, Commercial Quality",BLACK ALUMINUM AMERICANS,Trex® 543650010 Black Aluminum Americans with,"Trex®, Model 543650010, Aluminum, Black",543650010,"Trex®, Model 543650010, Aluminum, Black",,,,,,,,,,,,,,,,,,,,,,,,,,Product,Material,Aluminum,,Finish Color,Black,,,,,,,,,,,,,,,,,,,,,,,,,,,,,,,,,,,,,,,,,,,,,,,,,,,,,,,,,,,,,,,,,,,,,,,,,,,,,,,,,,,,,,,,,,,,,,,,,,,,,,,,,,,,,,,,,,,,,,,,,,,,,,,,,,,,,,,,,,,,,,,,,,,,,,,,,,,,,,,,,,,,,TREX_543650010.jpg,,,,,,,,,TREX_543650010_Specification_Sheet.pdf,,,,,,,,,,,,,,,,,,Yes
https://www.trex.com/product/543650048,,,,,,,Industrial Supplies,Equipment & Hardware,Tools & Parts,,543650048,8' Black Alum ADA Rail Trex,TREX,,,Boise Cascade Building Materials (BOICA),Trex Company Inc,Trex®,,543650048,,Industrial Equipment,"Trex, 543650048, Black, Aluminum, Industrial Grade, Commercial Quality",8 FT BLACK,Trex® 543650048 8 ft Black Aluminum,"Trex®, Model 543650048, Aluminum, Black",543650048,"Trex®, Model 543650048, Aluminum, Black",,,,,,,,,,,,,,,,,,,,,,,,,,Product,Material,Aluminum,,Finish Color,Black,,,,,,,,,,,,,,,,,,,,,,,,,,,,,,,,,,,,,,,,,,,,,,,,,,,,,,,,,,,,,,,,,,,,,,,,,,,,,,,,,,,,,,,,,,,,,,,,,,,,,,,,,,,,,,,,,,,,,,,,,,,,,,,,,,,,,,,,,,,,,,,,,,,,,,,,,,,,,,,,,,,,,TREX_543650048.jpg,,,,,,,,,TREX_543650048_Specification_Sheet.pdf,,,,,,,,,,,,,,,,,,Yes
https://www.huber.com/product/1506969,,,,,,,Industrial Supplies,Equipment & Hardware,Tools & Parts,,1506969,"1-1/2"" 4x8 Huber Zip R6.6 - Insulated R-Sheathing",,,,,Huber Engineered Woods LLC,Huber®,,1506969,,Industrial Equipment,"Huber, 1506969, 4 in x 8 in, Industrial Grade, Commercial Quality",1-1/2 IN 4X8 4INX8IN,Huber® 1506969 1-1/2 in 4x8 Zip 4 in x 8 in,"Huber®, Model 1506969, 4 in x 8 in",1506969,"Huber®, Model 1506969, 4 in x 8 in",,,,,,,,,,,,,,,,,,,,,,,,,,Product,Dimensions,4 in x 8,in,,,,,,,,,,,,,,,,,,,,,,,,,,,,,,,,,,,,,,,,,,,,,,,,,,,,,,,,,,,,,,,,,,,,,,,,,,,,,,,,,,,,,,,,,,,,,,,,,,,,,,,,,,,,,,,,,,,,,,,,,,,,,,,,,,,,,,,,,,,,,,,,,,,,,,,,,,,,,,,,,,,,,,,HUBER_1506969.jpg,,,,,,,,,HUBER_1506969_Specification_Sheet.pdf,,,,,,,,,,,,,,,,,,Yes
https://www.huber.com/product/1514681,,,,,,,Industrial Supplies,Equipment & Hardware,Tools & Parts,,1514681,"1"" 4x8 Huber Zip R3.6 - Insulated R-Sheathing",,,,,Huber Engineered Woods LLC,Huber®,,1514681,,Industrial Equipment,"Huber, 1514681, 4 in x 8 in, Industrial Grade, Commercial Quality",1 IN 4X8 4INX8IN,Huber® 1514681 1 in 4x8 Zip 4 in x 8 in,"Huber®, Model 1514681, 4 in x 8 in",1514681,"Huber®, Model 1514681, 4 in x 8 in",,,,,,,,,,,,,,,,,,,,,,,,,,Product,Dimensions,4 in x 8,in,,,,,,,,,,,,,,,,,,,,,,,,,,,,,,,,,,,,,,,,,,,,,,,,,,,,,,,,,,,,,,,,,,,,,,,,,,,,,,,,,,,,,,,,,,,,,,,,,,,,,,,,,,,,,,,,,,,,,,,,,,,,,,,,,,,,,,,,,,,,,,,,,,,,,,,,,,,,,,,,,,,,,,,HUBER_1514681.jpg,,,,,,,,,HUBER_1514681_Specification_Sheet.pdf,,,,,,,,,,,,,,,,,,Yes
https://www.huber.com/product/1514726,,,,,,,Industrial Supplies,Equipment & Hardware,Tools & Parts,,1514726,"2"" 4x8 Huber Zip R9.6 - Insulated R-Sheathing",,,,,Huber Engineered Woods LLC,Huber®,,1514726,,Industrial Equipment,"Huber, 1514726, 4 in x 8 in, Industrial Grade, Commercial Quality",2 IN 4X8 4INX8IN,Huber® 1514726 2 in 4x8 Zip 4 in x 8 in,"Huber®, Model 1514726, 4 in x 8 in",1514726,"Huber®, Model 1514726, 4 in x 8 in",,,,,,,,,,,,,,,,,,,,,,,,,,Product,Dimensions,4 in x 8,in,,,,,,,,,,,,,,,,,,,,,,,,,,,,,,,,,,,,,,,,,,,,,,,,,,,,,,,,,,,,,,,,,,,,,,,,,,,,,,,,,,,,,,,,,,,,,,,,,,,,,,,,,,,,,,,,,,,,,,,,,,,,,,,,,,,,,,,,,,,,,,,,,,,,,,,,,,,,,,,,,,,,,,,HUBER_1514726.jpg,,,,,,,,,HUBER_1514726_Specification_Sheet.pdf,,,,,,,,,,,,,,,,,,Yes
https://www.palmer-donavin.com/product/1728ABL,,,,,,,Industrial Supplies,Equipment & Hardware,Tools & Parts,,1728ABL,2x2 Black Fine Fissured 1728BL,,,,Palmer Donavin Mfg Company (PALDO),Palmer Donavin Mfg Company,Palmer-Donavin®,,1728ABL,,Industrial Equipment,"Palmer-Donavin, 1728ABL, 2 in x 2 in, Black, Industrial Grade",2X2 BLACK FINE 2INX2IN,Palmer-Donavin® 1728ABL 2x2 Black Fine Fissured 2 in x 2 in,"Palmer-Donavin®, Model 1728ABL, 2 in x 2 in, Black",1728ABL,"Palmer-Donavin®, Model 1728ABL, 2 in x 2 in, Black",,,,,,,,,,,,,,,,,,,,,,,,,,Product,Dimensions,2 in x 2,in,Finish Color,Black,,,,,,,,,,,,,,,,,,,,,,,,,,,,,,,,,,,,,,,,,,,,,,,,,,,,,,,,,,,,,,,,,,,,,,,,,,,,,,,,,,,,,,,,,,,,,,,,,,,,,,,,,,,,,,,,,,,,,,,,,,,,,,,,,,,,,,,,,,,,,,,,,,,,,,,,,,,,,,,,,,,,,PALMER-DONAVIN_1728ABL.jpg,,,,,,,,,PALMER-DONAVIN_1728ABL_Specification_Sheet.pdf,,,,,,,,,,,,,,,,,,Yes
https://www.millertechenergysolutions.com/product/402-R,,,,,,,Industrial Supplies,Equipment & Hardware,Tools & Parts,,402-R,402R 12V12AH 8D Battery,,,,MillerTech Energy Solutions (MILTE),MillerTech Energy Solutions (MILTE),MillerTech Energy Solutions,,402-R,,Industrial Equipment,"MillerTech Energy Solutions, 402-R, Industrial Grade, Commercial Quality",402R 12V12AH 8D,MillerTech Energy Solutions 402-R 402R 12V12AH 8D Battery,"MillerTech Energy Solutions, Model 402-R",402-R,"MillerTech Energy Solutions, Model 402-R",,,,,,,,,,,,,,,,,,,,,,,,,,Product,,,,,,,,,,,,,,,,,,,,,,,,,,,,,,,,,,,,,,,,,,,,,,,,,,,,,,,,,,,,,,,,,,,,,,,,,,,,,,,,,,,,,,,,,,,,,,,,,,,,,,,,,,,,,,,,,,,,,,,,,,,,,,,,,,,,,,,,,,,,,,,,,,,,,,,,,,,,,,,,,,,,,,,,,,MILLERTECH_ENERGY_SOLUTIONS_402-R.jpg,,,,,,,,,MILLERTECH_ENERGY_SOLUTIONS_402-R_Specification_Sheet.pdf,,,,,,,,,,,,,,,,,,Yes
https://www.schumacher.com/product/SL1672,,,,,,,Industrial Supplies,Equipment & Hardware,Tools & Parts,,SL1672,SL1672 Jumpstart & Pwr Supply,,,Schumacher,,Schumacher,Schumacher,,SL1672,,Industrial Equipment,"Schumacher, SL1672, Industrial Grade, Commercial Quality, Heavy Duty",JUMPSTART POWER SUPPLY,Schumacher SL1672 Jumpstart & Power Supply,"Schumacher, Model SL1672",SL1672,"Schumacher, Model SL1672",,,,,,,,,,,,,,,,,,,,,,,,,,Product,,,,,,,,,,,,,,,,,,,,,,,,,,,,,,,,,,,,,,,,,,,,,,,,,,,,,,,,,,,,,,,,,,,,,,,,,,,,,,,,,,,,,,,,,,,,,,,,,,,,,,,,,,,,,,,,,,,,,,,,,,,,,,,,,,,,,,,,,,,,,,,,,,,,,,,,,,,,,,,,,,,,,,,,,,SCHUMACHER_SL1672.jpg,,,,,,,,,SCHUMACHER_SL1672_Specification_Sheet.pdf,,,,,,,,,,,,,,,,,,Yes
https://www.dewalt.com/product/BM-DW20-YLW-6,,,,,,,Industrial Supplies,Equipment & Hardware,Tools & Parts,,BM-DW20-YLW-6,BM-DW20-YLW-6 Dewalt - Battery Mounts 6pk,,,StealthMounts,Metalmark Industrial Inc (METIN),Black & Decker/dewlt,DEWALT®,,BM-DW20-YLW-6,,Industrial Equipment,"DEWALT, BM-DW20-YLW-6, 6 pc, Industrial Grade, Commercial Quality",DEWALT - BATTERY 6PC,DEWALT® BM-DW20-YLW-6 - Battery Mounts 6pk 6 pc,"DEWALT®, Model BM-DW20-YLW-6, 6 pc",BM-DW20-YLW-6,"DEWALT®, Model BM-DW20-YLW-6, 6 pc",,,,,,,,,,,,,,,,,,,,,,,,,,Product,Package Quantity,6,pc,,,,,,,,,,,,,,,,,,,,,,,,,,,,,,,,,,,,,,,,,,,,,,,,,,,,,,,,,,,,,,,,,,,,,,,,,,,,,,,,,,,,,,,,,,,,,,,,,,,,,,,,,,,,,,,,,,,,,,,,,,,,,,,,,,,,,,,,,,,,,,,,,,,,,,,,,,,,,,,,,,,,,,,DEWALT_BM-DW20-YLW-6.jpg,,,,,,,,,DEWALT_BM-DW20-YLW-6_Specification_Sheet.pdf,,,,,,,,,,,,,,,,,,Yes
https://www.southwire.com/product/BHA1-UPC,,,,,,,Industrial Supplies,Equipment & Hardware,Tools & Parts,,BHA1-UPC,16-24 Adjust Hanger,,,Southwire,Southwire/g Turner (6603),Southwire Company LLC,Southwire®,,BHA1-UPC,,Industrial Equipment,"Southwire, BHA1-UPC, Industrial Grade, Commercial Quality, Heavy Duty",16-24 ADJUST HANGER,Southwire® BHA1-UPC 16-24 Adjust Hanger,"Southwire®, Model BHA1-UPC",BHA1-UPC,"Southwire®, Model BHA1-UPC",,,,,,,,,,,,,,,,,,,,,,,,,,Product,,,,,,,,,,,,,,,,,,,,,,,,,,,,,,,,,,,,,,,,,,,,,,,,,,,,,,,,,,,,,,,,,,,,,,,,,,,,,,,,,,,,,,,,,,,,,,,,,,,,,,,,,,,,,,,,,,,,,,,,,,,,,,,,,,,,,,,,,,,,,,,,,,,,,,,,,,,,,,,,,,,,,,,,,,SOUTHWIRE_BHA1-UPC.jpg,,,,,,,,,SOUTHWIRE_BHA1-UPC_Specification_Sheet.pdf,,,,,,,,,,,,,,,,,,Yes
https://www.southwire.com/product/G1941-UPC,,,,,,,Industrial Supplies,Equipment & Hardware,Electrical Equipment,,G1941-UPC,"G1941UPC 4"" Sq Cover Sw/Outlet",,,Southwire,Southwire/g Turner (6603),Southwire Company LLC,Southwire®,,G1941-UPC,,Electrical Equipment,"Southwire, Electrical Equipment, G1941-UPC, Industrial Grade",ELECTRICAL EQUIPMENT,Southwire® G1941-UPC Electrical Equipment,"Southwire®, Electrical Equipment, Model G1941-UPC","Electrical Equipment, G1941-UPC","Southwire®, Electrical Equipment, Model G1941-UPC",,,,,,,,,,,,,,,,,,,,,,,,,,Electrical Equipment,Item Type,Electrical Equipment,,,,,,,,,,,,,,,,,,,,,,,,,,,,,,,,,,,,,,,,,,,,,,,,,,,,,,,,,,,,,,,,,,,,,,,,,,,,,,,,,,,,,,,,,,,,,,,,,,,,,,,,,,,,,,,,,,,,,,,,,,,,,,,,,,,,,,,,,,,,,,,,,,,,,,,,,,,,,,,,,,,,,,,,SOUTHWIRE_G1941-UPC.jpg,,,,,,,,,SOUTHWIRE_G1941-UPC_Specification_Sheet.pdf,,,,,,,,,,,,,,,,,,Yes
https://www.southwire.com/product/G1950-UPC,,,,,,,Industrial Supplies,Equipment & Hardware,Electrical Equipment,,G1950-UPC,4x4 2G GFI Box Cover,,,Southwire,Southwire/g Turner (6603),Southwire Company LLC,Southwire®,,G1950-UPC,,Electrical Equipment,"Southwire, Electrical Equipment, G1950-UPC, 4 in x 4 in x 2, Industrial Grade",ELECTRICAL EQUIPMENT 4INX4INX2,Southwire® G1950-UPC Electrical Equipment 4 in x 4 in x 2,"Southwire®, Electrical Equipment, Model G1950-UPC, 4 in x 4 in x 2","Electrical Equipment, G1950-UPC","Southwire®, Electrical Equipment, Model G1950-UPC, 4 in x 4 in x 2",,,,,,,,,,,,,,,,,,,,,,,,,,Electrical Equipment,Item Type,Electrical Equipment,,Dimensions,4 in x 4 in x 2,,,,,,,,,,,,,,,,,,,,,,,,,,,,,,,,,,,,,,,,,,,,,,,,,,,,,,,,,,,,,,,,,,,,,,,,,,,,,,,,,,,,,,,,,,,,,,,,,,,,,,,,,,,,,,,,,,,,,,,,,,,,,,,,,,,,,,,,,,,,,,,,,,,,,,,,,,,,,,,,,,,,,SOUTHWIRE_G1950-UPC.jpg,,,,,,,,,SOUTHWIRE_G1950-UPC_Specification_Sheet.pdf,,,,,,,,,,,,,,,,,,Yes
https://www.carlon.com/product/A410RCAR,,,,,,,Industrial Supplies,Equipment & Hardware,Electrical Equipment,,A410RCAR,4x4 1G PVC Box Cover,,,Carlon,Thomas & Betts (7405),Thomas & Betts Corp,Carlon®,,A410RCAR,,Electrical Equipment,"Carlon, Electrical Equipment, A410RCAR, 4 in x 4 in x 1, Composite PVC",ELECTRICAL EQUIPMENT 4INX4INX1,Carlon® A410RCAR Electrical Equipment 4 in x 4 in x 1,"Carlon®, Electrical Equipment, Model A410RCAR, 4 in x 4 in x 1, Composite PVC","Electrical Equipment, A410RCAR","Carlon®, Electrical Equipment, Model A410RCAR, 4 in x 4 in x 1, Composite PVC",,,,,,,,,,,,,,,,,,,,,,,,,,Electrical Equipment,Item Type,Electrical Equipment,,Dimensions,4 in x 4 in x 1,,Material,Composite PVC,,,,,,,,,,,,,,,,,,,,,,,,,,,,,,,,,,,,,,,,,,,,,,,,,,,,,,,,,,,,,,,,,,,,,,,,,,,,,,,,,,,,,,,,,,,,,,,,,,,,,,,,,,,,,,,,,,,,,,,,,,,,,,,,,,,,,,,,,,,,,,,,,,,,,,,,,,,,,,,,,,CARLON_A410RCAR.jpg,,,,,,,,,CARLON_A410RCAR_Specification_Sheet.pdf,,,,,,,,,,,,,,,,,,Yes
https://www.southwire.com/product/G1951-UPC,,,,,,,Industrial Supplies,Equipment & Hardware,Electrical Equipment,,G1951-UPC,4x4 2G GFCI Duplex Box Cover,,,Southwire,Southwire/g Turner (6603),Southwire Company LLC,Southwire®,,G1951-UPC,,Electrical Equipment,"Southwire, Electrical Equipment, G1951-UPC, 4 in x 4 in x 2, Industrial Grade",ELECTRICAL EQUIPMENT 4INX4INX2,Southwire® G1951-UPC Electrical Equipment 4 in x 4 in x 2,"Southwire®, Electrical Equipment, Model G1951-UPC, 4 in x 4 in x 2","Electrical Equipment, G1951-UPC","Southwire®, Electrical Equipment, Model G1951-UPC, 4 in x 4 in x 2",,,,,,,,,,,,,,,,,,,,,,,,,,Electrical Equipment,Item Type,Electrical Equipment,,Dimensions,4 in x 4 in x 2,,,,,,,,,,,,,,,,,,,,,,,,,,,,,,,,,,,,,,,,,,,,,,,,,,,,,,,,,,,,,,,,,,,,,,,,,,,,,,,,,,,,,,,,,,,,,,,,,,,,,,,,,,,,,,,,,,,,,,,,,,,,,,,,,,,,,,,,,,,,,,,,,,,,,,,,,,,,,,,,,,,,,SOUTHWIRE_G1951-UPC.jpg,,,,,,,,,SOUTHWIRE_G1951-UPC_Specification_Sheet.pdf,,,,,,,,,,,,,,,,,,Yes
https://www.southwire.com/product/52C3-5/8-UPC,,,,,,,Industrial Supplies,Equipment & Hardware,Electrical Equipment,,52C3-5/8-UPC,4x4 1G Box Cover,,,Southwire,Southwire/g Turner (6603),Southwire Company LLC,Southwire®,,52C3-5/8-UPC,,Electrical Equipment,"Southwire, Electrical Equipment, 52C3-5/8-UPC, 4 in x 4 in x 1",ELECTRICAL EQUIPMENT 4INX4INX1,Southwire® 52C3-5/8-UPC Electrical Equipment 4 in x 4 in x 1,"Southwire®, Electrical Equipment, Model 52C3-5/8-UPC, 4 in x 4 in x 1","Electrical Equipment, 52C3-5/8-UPC","Southwire®, Electrical Equipment, Model 52C3-5/8-UPC, 4 in x 4 in x 1",,,,,,,,,,,,,,,,,,,,,,,,,,Electrical Equipment,Item Type,Electrical Equipment,,Dimensions,4 in x 4 in x 1,,,,,,,,,,,,,,,,,,,,,,,,,,,,,,,,,,,,,,,,,,,,,,,,,,,,,,,,,,,,,,,,,,,,,,,,,,,,,,,,,,,,,,,,,,,,,,,,,,,,,,,,,,,,,,,,,,,,,,,,,,,,,,,,,,,,,,,,,,,,,,,,,,,,,,,,,,,,,,,,,,,,,SOUTHWIRE_52C3-5/8-UPC.jpg,,,,,,,,,SOUTHWIRE_52C3-5/8-UPC_Specification_Sheet.pdf,,,,,,,,,,,,,,,,,,Yes
https://www.southwire.com/product/52C14-5/8-UPC,,,,,,,Industrial Supplies,Equipment & Hardware,Electrical Equipment,,52C14-5/8-UPC,4x4 1G Box Cover,,,Southwire,Southwire/g Turner (6603),Southwire Company LLC,Southwire®,,52C14-5/8-UPC,,Electrical Equipment,"Southwire, Electrical Equipment, 52C14-5/8-UPC, 4 in x 4 in x 1",ELECTRICAL EQUIPMENT 4INX4INX1,Southwire® 52C14-5/8-UPC Electrical Equipment 4 in x 4 in x 1,"Southwire®, Electrical Equipment, Model 52C14-5/8-UPC, 4 in x 4 in x 1","Electrical Equipment, 52C14-5/8-UPC","Southwire®, Electrical Equipment, Model 52C14-5/8-UPC, 4 in x 4 in x 1",,,,,,,,,,,,,,,,,,,,,,,,,,Electrical Equipment,Item Type,Electrical Equipment,,Dimensions,4 in x 4 in x 1,,,,,,,,,,,,,,,,,,,,,,,,,,,,,,,,,,,,,,,,,,,,,,,,,,,,,,,,,,,,,,,,,,,,,,,,,,,,,,,,,,,,,,,,,,,,,,,,,,,,,,,,,,,,,,,,,,,,,,,,,,,,,,,,,,,,,,,,,,,,,,,,,,,,,,,,,,,,,,,,,,,,,SOUTHWIRE_52C14-5/8-UPC.jpg,,,,,,,,,SOUTHWIRE_52C14-5/8-UPC_Specification_Sheet.pdf,,,,,,,,,,,,,,,,,,Yes
https://www.southwire.com/product/52C3-UPC,,,,,,,Industrial Supplies,Equipment & Hardware,Electrical Equipment,,52C3-UPC,4x4 1G Box Cover,,,Southwire,Southwire/g Turner (6603),Southwire Company LLC,Southwire®,,52C3-UPC,,Electrical Equipment,"Southwire, Electrical Equipment, 52C3-UPC, 4 in x 4 in x 1, Industrial Grade",ELECTRICAL EQUIPMENT 4INX4INX1,Southwire® 52C3-UPC Electrical Equipment 4 in x 4 in x 1,"Southwire®, Electrical Equipment, Model 52C3-UPC, 4 in x 4 in x 1","Electrical Equipment, 52C3-UPC","Southwire®, Electrical Equipment, Model 52C3-UPC, 4 in x 4 in x 1",,,,,,,,,,,,,,,,,,,,,,,,,,Electrical Equipment,Item Type,Electrical Equipment,,Dimensions,4 in x 4 in x 1,,,,,,,,,,,,,,,,,,,,,,,,,,,,,,,,,,,,,,,,,,,,,,,,,,,,,,,,,,,,,,,,,,,,,,,,,,,,,,,,,,,,,,,,,,,,,,,,,,,,,,,,,,,,,,,,,,,,,,,,,,,,,,,,,,,,,,,,,,,,,,,,,,,,,,,,,,,,,,,,,,,,,SOUTHWIRE_52C3-UPC.jpg,,,,,,,,,SOUTHWIRE_52C3-UPC_Specification_Sheet.pdf,,,,,,,,,,,,,,,,,,Yes
https://www.southwire.com/product/54151-F-UPC,,,,,,,Industrial Supplies,Equipment & Hardware,Tools & Parts,,54151-F-UPC,4x4x1-1/2 Oct Box w/Bracket,,,Southwire,Southwire/g Turner (6603),Southwire Company LLC,Southwire®,,54151-F-UPC,,Industrial Equipment,"Southwire, 54151-F-UPC, 4 in, Industrial Grade, Commercial Quality",4X4X1-1/2 OCT BOX 4IN,Southwire® 54151-F-UPC 4x4x1-1/2 Oct Box w/Bracket 4 in,"Southwire®, Model 54151-F-UPC, 4 in, 4 in, 1-1/2 in",54151-F-UPC,"Southwire®, Model 54151-F-UPC, 4 in, 4 in, 1-1/2 in",,,,,,,,,,,,,,,,,,,,,,,,,,Product,Blade Diameter,4,in,Thickness,4,in,Arbor Size,1-1/2,in,,,,,,,,,,,,,,,,,,,,,,,,,,,,,,,,,,,,,,,,,,,,,,,,,,,,,,,,,,,,,,,,,,,,,,,,,,,,,,,,,,,,,,,,,,,,,,,,,,,,,,,,,,,,,,,,,,,,,,,,,,,,,,,,,,,,,,,,,,,,,,,,,,,,,,,,,,,,,,,,,SOUTHWIRE_54151-F-UPC.jpg,,,,,,,,,SOUTHWIRE_54151-F-UPC_Specification_Sheet.pdf,,,,,,,,,,,,,,,,,,Yes
https://www.southwire.com/product/54151-HUR-UPC,,,,,,,Industrial Supplies,Equipment & Hardware,Tools & Parts,,54151-HUR-UPC,4x4x1-1/2 Oct Box w/Hanger,,,Southwire,Southwire/g Turner (6603),Southwire Company LLC,Southwire®,,54151-HUR-UPC,,Industrial Equipment,"Southwire, 54151-HUR-UPC, 4 in, Industrial Grade, Commercial Quality",4X4X1-1/2 OCT BOX 4IN,Southwire® 54151-HUR-UPC 4x4x1-1/2 Oct Box w/Hanger 4 in,"Southwire®, Model 54151-HUR-UPC, 4 in, 4 in, 1-1/2 in",54151-HUR-UPC,"Southwire®, Model 54151-HUR-UPC, 4 in, 4 in, 1-1/2 in",,,,,,,,,,,,,,,,,,,,,,,,,,Product,Blade Diameter,4,in,Thickness,4,in,Arbor Size,1-1/2,in,,,,,,,,,,,,,,,,,,,,,,,,,,,,,,,,,,,,,,,,,,,,,,,,,,,,,,,,,,,,,,,,,,,,,,,,,,,,,,,,,,,,,,,,,,,,,,,,,,,,,,,,,,,,,,,,,,,,,,,,,,,,,,,,,,,,,,,,,,,,,,,,,,,,,,,,,,,,,,,,,SOUTHWIRE_54151-HUR-UPC.jpg,,,,,,,,,SOUTHWIRE_54151-HUR-UPC_Specification_Sheet.pdf,,,,,,,,,,,,,,,,,,Yes
https://www.southwire.com/product/54151-JR-UPC,,,,,,,Industrial Supplies,Equipment & Hardware,Tools & Parts,,54151-JR-UPC,4x4x1-1/2 Oct Box w/Brakcet,,,Southwire,Southwire/g Turner (6603),Southwire Company LLC,Southwire®,,54151-JR-UPC,,Industrial Equipment,"Southwire, 54151-JR-UPC, 4 in, Industrial Grade, Commercial Quality",4X4X1-1/2 OCT BOX 4IN,Southwire® 54151-JR-UPC 4x4x1-1/2 Oct Box w/Brakcet 4 in,"Southwire®, Model 54151-JR-UPC, 4 in, 4 in, 1-1/2 in",54151-JR-UPC,"Southwire®, Model 54151-JR-UPC, 4 in, 4 in, 1-1/2 in",,,,,,,,,,,,,,,,,,,,,,,,,,Product,Blade Diameter,4,in,Thickness,4,in,Arbor Size,1-1/2,in,,,,,,,,,,,,,,,,,,,,,,,,,,,,,,,,,,,,,,,,,,,,,,,,,,,,,,,,,,,,,,,,,,,,,,,,,,,,,,,,,,,,,,,,,,,,,,,,,,,,,,,,,,,,,,,,,,,,,,,,,,,,,,,,,,,,,,,,,,,,,,,,,,,,,,,,,,,,,,,,,SOUTHWIRE_54151-JR-UPC.jpg,,,,,,,,,SOUTHWIRE_54151-JR-UPC_Specification_Sheet.pdf,,,,,,,,,,,,,,,,,,Yes
https://www.southwire.com/product/54171-R-UPC,,,,,,,Industrial Supplies,Equipment & Hardware,Tools & Parts,,54171-R-UPC,4x4x2 Oct Box,,,Southwire,Southwire/g Turner (6603),Southwire Company LLC,Southwire®,,54171-R-UPC,,Industrial Equipment,"Southwire, 54171-R-UPC, 4 in, Industrial Grade, Commercial Quality",4X4X2 OCT BOX 4IN,Southwire® 54171-R-UPC 4x4x2 Oct Box 4 in,"Southwire®, Model 54171-R-UPC, 4 in, 4 in, 2 in",54171-R-UPC,"Southwire®, Model 54171-R-UPC, 4 in, 4 in, 2 in",,,,,,,,,,,,,,,,,,,,,,,,,,Product,Blade Diameter,4,in,Thickness,4,in,Arbor Size,2,in,,,,,,,,,,,,,,,,,,,,,,,,,,,,,,,,,,,,,,,,,,,,,,,,,,,,,,,,,,,,,,,,,,,,,,,,,,,,,,,,,,,,,,,,,,,,,,,,,,,,,,,,,,,,,,,,,,,,,,,,,,,,,,,,,,,,,,,,,,,,,,,,,,,,,,,,,,,,,,,,,SOUTHWIRE_54171-R-UPC.jpg,,,,,,,,,SOUTHWIRE_54171-R-UPC_Specification_Sheet.pdf,,,,,,,,,,,,,,,,,,Yes
https://www.southwire.com/product/52151-S-UPC,,,,,,,Industrial Supplies,Equipment & Hardware,Tools & Parts,,52151-S-UPC,4x4x1-1/2 Square Box,,,Southwire,Southwire/g Turner (6603),Southwire Company LLC,Southwire®,,52151-S-UPC,,Industrial Equipment,"Southwire, 52151-S-UPC, 4 in, Industrial Grade, Commercial Quality",4X4X1-1/2 SQUARE BOX 4IN,Southwire® 52151-S-UPC 4x4x1-1/2 Square Box 4 in,"Southwire®, Model 52151-S-UPC, 4 in, 4 in, 1-1/2 in",52151-S-UPC,"Southwire®, Model 52151-S-UPC, 4 in, 4 in, 1-1/2 in",,,,,,,,,,,,,,,,,,,,,,,,,,Product,Blade Diameter,4,in,Thickness,4,in,Arbor Size,1-1/2,in,,,,,,,,,,,,,,,,,,,,,,,,,,,,,,,,,,,,,,,,,,,,,,,,,,,,,,,,,,,,,,,,,,,,,,,,,,,,,,,,,,,,,,,,,,,,,,,,,,,,,,,,,,,,,,,,,,,,,,,,,,,,,,,,,,,,,,,,,,,,,,,,,,,,,,,,,,,,,,,,,SOUTHWIRE_52151-S-UPC.jpg,,,,,,,,,SOUTHWIRE_52151-S-UPC_Specification_Sheet.pdf,,,,,,,,,,,,,,,,,,Yes
https://www.southwire.com/product/72171-3/4-1W-UPC,,,,,,,Industrial Supplies,Equipment & Hardware,Tools & Parts,,72171-3/4-1W-UPC,4-1/2x4-1/2x2 2G Box,,,Southwire,Southwire/g Turner (6603),Southwire Company LLC,Southwire®,,72171-3/4-1W-UPC,,Industrial Equipment,"Southwire, 72171-3/4-1W-UPC, 4-1/2 in x 4-1/2 in x 2, Industrial Grade",4-1/2X4-1/2X2 2G BOX 4-1/2INX4-1/2INX2,Southwire® 72171-3/4-1W-UPC 4-1/2x4-1/2x2 2G Box 4-1/2 in x 4-1/2 in x 2,"Southwire®, Model 72171-3/4-1W-UPC, 4-1/2 in x 4-1/2 in x 2",72171-3/4-1W-UPC,"Southwire®, Model 72171-3/4-1W-UPC, 4-1/2 in x 4-1/2 in x 2",,,,,,,,,,,,,,,,,,,,,,,,,,Product,Dimensions,4-1/2 in x 4-1/2 in x 2,,,,,,,,,,,,,,,,,,,,,,,,,,,,,,,,,,,,,,,,,,,,,,,,,,,,,,,,,,,,,,,,,,,,,,,,,,,,,,,,,,,,,,,,,,,,,,,,,,,,,,,,,,,,,,,,,,,,,,,,,,,,,,,,,,,,,,,,,,,,,,,,,,,,,,,,,,,,,,,,,,,,,,,,SOUTHWIRE_72171-3/4-1W-UPC.jpg,,,,,,,,,SOUTHWIRE_72171-3/4-1W-UPC_Specification_Sheet.pdf,,,,,,,,,,,,,,,,,,Yes
https://www.cooperwiringdevices.com/product/5522-5EV,,,,,,,Industrial Supplies,Equipment & Hardware,Tools & Parts,,5522-5EV,5522-5EV 2 Port Decor Plate,,,,Cooper Wiring Devices (3560),Cooper Wiring Devices (3560),Cooper Wiring Devices,,5522-5EV,,Industrial Equipment,"Cooper Wiring Devices, 5522-5EV, Industrial Grade, Commercial Quality",2 PORT DECOR,Cooper Wiring Devices 5522-5EV 2 Port Decor Plate,"Cooper Wiring Devices, Model 5522-5EV",5522-5EV,"Cooper Wiring Devices, Model 5522-5EV",,,,,,,,,,,,,,,,,,,,,,,,,,Product,,,,,,,,,,,,,,,,,,,,,,,,,,,,,,,,,,,,,,,,,,,,,,,,,,,,,,,,,,,,,,,,,,,,,,,,,,,,,,,,,,,,,,,,,,,,,,,,,,,,,,,,,,,,,,,,,,,,,,,,,,,,,,,,,,,,,,,,,,,,,,,,,,,,,,,,,,,,,,,,,,,,,,,,,,COOPER_WIRING_DEVICES_5522-5EV.jpg,,,,,,,,,COOPER_WIRING_DEVICES_5522-5EV_Specification_Sheet.pdf,,,,,,,,,,,,,,,,,,Yes
https://www.lutron.com/product/AYCL-153PH-LA,,,,,,,Industrial Supplies,Equipment & Hardware,Electrical Equipment,,AYCL-153PH-LA,AYCL-153PH-LA Lutron Dimmer LA,,,,Fenton Bros Electric Inc (FENBR),Lutron Electronics Co Inc,Lutron®,,AYCL-153PH-LA,,Electrical Equipment,"Lutron, Electrical Equipment, AYCL-153PH-LA, Industrial Grade",ELECTRICAL EQUIPMENT,Lutron® AYCL-153PH-LA Electrical Equipment,"Lutron®, Electrical Equipment, Model AYCL-153PH-LA","Electrical Equipment, AYCL-153PH-LA","Lutron®, Electrical Equipment, Model AYCL-153PH-LA",,,,,,,,,,,,,,,,,,,,,,,,,,Electrical Equipment,Item Type,Electrical Equipment,,,,,,,,,,,,,,,,,,,,,,,,,,,,,,,,,,,,,,,,,,,,,,,,,,,,,,,,,,,,,,,,,,,,,,,,,,,,,,,,,,,,,,,,,,,,,,,,,,,,,,,,,,,,,,,,,,,,,,,,,,,,,,,,,,,,,,,,,,,,,,,,,,,,,,,,,,,,,,,,,,,,,,,,LUTRON_AYCL-153PH-LA.jpg,,,,,,,,,LUTRON_AYCL-153PH-LA_Specification_Sheet.pdf,,,,,,,,,,,,,,,,,,Yes
https://www.lutron.com/product/AYCL-153PH-WH,,,,,,,Industrial Supplies,Equipment & Hardware,Electrical Equipment,,AYCL-153PH-WH,AYCL-153PH-WH Lutron Dimmer Wh,,,,Fenton Bros Electric Inc (FENBR),Lutron Electronics Co Inc,Lutron®,,AYCL-153PH-WH,,Electrical Equipment,"Lutron, Electrical Equipment, AYCL-153PH-WH, White, Industrial Grade",ELECTRICAL EQUIPMENT,Lutron® AYCL-153PH-WH Electrical Equipment White,"Lutron®, Electrical Equipment, Model AYCL-153PH-WH, White","Electrical Equipment, AYCL-153PH-WH","Lutron®, Electrical Equipment, Model AYCL-153PH-WH, White",,,,,,,,,,,,,,,,,,,,,,,,,,Electrical Equipment,Item Type,Electrical Equipment,,Finish Color,White,,,,,,,,,,,,,,,,,,,,,,,,,,,,,,,,,,,,,,,,,,,,,,,,,,,,,,,,,,,,,,,,,,,,,,,,,,,,,,,,,,,,,,,,,,,,,,,,,,,,,,,,,,,,,,,,,,,,,,,,,,,,,,,,,,,,,,,,,,,,,,,,,,,,,,,,,,,,,,,,,,,,,LUTRON_AYCL-153PH-WH.jpg,,,,,,,,,LUTRON_AYCL-153PH-WH_Specification_Sheet.pdf,,,,,,,,,,,,,,,,,,Yes
https://www.leviton.com/product/D23LP-R02-1RW,,,,,,,Industrial Supplies,Equipment & Hardware,Electrical Equipment,,D23LP-R02-1RW,D23LPR021RW Plug In Dimmer Wh,,,Leviton,Leviton Mfg Co (4927),Leviton Manufacturing Co Inc,Leviton®,,D23LP-R02-1RW,,Electrical Equipment,"Leviton, Electrical Equipment, D23LP-R02-1RW, White, Industrial Grade",ELECTRICAL EQUIPMENT,Leviton® D23LP-R02-1RW Electrical Equipment White,"Leviton®, Electrical Equipment, Model D23LP-R02-1RW, White","Electrical Equipment, D23LP-R02-1RW","Leviton®, Electrical Equipment, Model D23LP-R02-1RW, White",,,,,,,,,,,,,,,,,,,,,,,,,,Electrical Equipment,Item Type,Electrical Equipment,,Finish Color,White,,,,,,,,,,,,,,,,,,,,,,,,,,,,,,,,,,,,,,,,,,,,,,,,,,,,,,,,,,,,,,,,,,,,,,,,,,,,,,,,,,,,,,,,,,,,,,,,,,,,,,,,,,,,,,,,,,,,,,,,,,,,,,,,,,,,,,,,,,,,,,,,,,,,,,,,,,,,,,,,,,,,,LEVITON_D23LP-R02-1RW.jpg,,,,,,,,,LEVITON_D23LP-R02-1RW_Specification_Sheet.pdf,,,,,,,,,,,,,,,,,,Yes
https://www.prime.com/product/TNOCD002,,,,,,,Industrial Supplies,Equipment & Hardware,Tools & Parts,,TNOCD002,TNOCD002 125V Outdooor Timer,,,Prime,Prime Wire & Cable (3562),Prime Wire & Cable Inc,Prime®,,TNOCD002,,Industrial Equipment,"Prime, TNOCD002, 125 V, Industrial Grade, Commercial Quality",125 V OUTDOOOR 125V,Prime® TNOCD002 125 V Outdooor Timer,"Prime®, Model TNOCD002, 125 V",TNOCD002,"Prime®, Model TNOCD002, 125 V",,,,,,,,,,,,,,,,,,,,,,,,,,Product,Voltage,125,V,,,,,,,,,,,,,,,,,,,,,,,,,,,,,,,,,,,,,,,,,,,,,,,,,,,,,,,,,,,,,,,,,,,,,,,,,,,,,,,,,,,,,,,,,,,,,,,,,,,,,,,,,,,,,,,,,,,,,,,,,,,,,,,,,,,,,,,,,,,,,,,,,,,,,,,,,,,,,,,,,,,,,,,PRIME_TNOCD002.jpg,,,,,,,,,PRIME_TNOCD002_Specification_Sheet.pdf,,,,,,,,,,,,,,,,,,Yes
https://www.prime.com/product/TNDHD002,,,,,,,Industrial Supplies,Equipment & Hardware,Tools & Parts,,TNDHD002,TNDHD002 125V 7Day Timer,,,Prime,Prime Wire & Cable (3562),Prime Wire & Cable Inc,Prime®,,TNDHD002,,Industrial Equipment,"Prime, TNDHD002, 125 V, Industrial Grade, Commercial Quality",125 V 7DAY 125V,Prime® TNDHD002 125 V 7Day Timer,"Prime®, Model TNDHD002, 125 V",TNDHD002,"Prime®, Model TNDHD002, 125 V",,,,,,,,,,,,,,,,,,,,,,,,,,Product,Voltage,125,V,,,,,,,,,,,,,,,,,,,,,,,,,,,,,,,,,,,,,,,,,,,,,,,,,,,,,,,,,,,,,,,,,,,,,,,,,,,,,,,,,,,,,,,,,,,,,,,,,,,,,,,,,,,,,,,,,,,,,,,,,,,,,,,,,,,,,,,,,,,,,,,,,,,,,,,,,,,,,,,,,,,,,,,PRIME_TNDHD002.jpg,,,,,,,,,PRIME_TNDHD002_Specification_Sheet.pdf,,,,,,,,,,,,,,,,,,Yes
https://www.prime.com/product/TNIDP12,,,,,,,Industrial Supplies,Equipment & Hardware,Tools & Parts,,TNIDP12,TNIDP12 125V Dig Indoor Timer,,,Prime,Prime Wire & Cable (3562),Prime Wire & Cable Inc,Prime®,,TNIDP12,,Industrial Equipment,"Prime, TNIDP12, 125 V, Industrial Grade, Commercial Quality, Heavy Duty",125 V DIGITAL 125V,Prime® TNIDP12 125 V Digital Indoor,"Prime®, Model TNIDP12, 125 V",TNIDP12,"Prime®, Model TNIDP12, 125 V",,,,,,,,,,,,,,,,,,,,,,,,,,Product,Voltage,125,V,,,,,,,,,,,,,,,,,,,,,,,,,,,,,,,,,,,,,,,,,,,,,,,,,,,,,,,,,,,,,,,,,,,,,,,,,,,,,,,,,,,,,,,,,,,,,,,,,,,,,,,,,,,,,,,,,,,,,,,,,,,,,,,,,,,,,,,,,,,,,,,,,,,,,,,,,,,,,,,,,,,,,,,PRIME_TNIDP12.jpg,,,,,,,,,PRIME_TNIDP12_Specification_Sheet.pdf,,,,,,,,,,,,,,,,,,Yes
https://www.prime.com/product/TNIW24,,,,,,,Industrial Supplies,Equipment & Hardware,Tools & Parts,,TNIW24,TNIW24 125V 24hr Mech Timer,,,Prime,Prime Wire & Cable (3562),Prime Wire & Cable Inc,Prime®,,TNIW24,,Industrial Equipment,"Prime, TNIW24, 125 V, Industrial Grade, Commercial Quality, Heavy Duty",125 V 24HR 125V,Prime® TNIW24 125 V 24hr Mechanical,"Prime®, Model TNIW24, 125 V",TNIW24,"Prime®, Model TNIW24, 125 V",,,,,,,,,,,,,,,,,,,,,,,,,,Product,Voltage,125,V,,,,,,,,,,,,,,,,,,,,,,,,,,,,,,,,,,,,,,,,,,,,,,,,,,,,,,,,,,,,,,,,,,,,,,,,,,,,,,,,,,,,,,,,,,,,,,,,,,,,,,,,,,,,,,,,,,,,,,,,,,,,,,,,,,,,,,,,,,,,,,,,,,,,,,,,,,,,,,,,,,,,,,,PRIME_TNIW24.jpg,,,,,,,,,PRIME_TNIW24_Specification_Sheet.pdf,,,,,,,,,,,,,,,,,,Yes
https://www.satco.com/product/65-1222,,,,,,,Industrial Supplies,Equipment & Hardware,Tools & Parts,,65-1222,65-1222 1' Led Lt Multi CCT,,,,Satco Prod Inc (5573),Satco Products Inc,Satco®,,65-1222,,Industrial Equipment,"Satco, 65-1222, Industrial Grade, Commercial Quality, Professional Performance",1 FT LED,Satco® 65-1222 1 ft Led Light,"Satco®, Model 65-1222",65-1222,"Satco®, Model 65-1222",,,,,,,,,,,,,,,,,,,,,,,,,,Product,,,,,,,,,,,,,,,,,,,,,,,,,,,,,,,,,,,,,,,,,,,,,,,,,,,,,,,,,,,,,,,,,,,,,,,,,,,,,,,,,,,,,,,,,,,,,,,,,,,,,,,,,,,,,,,,,,,,,,,,,,,,,,,,,,,,,,,,,,,,,,,,,,,,,,,,,,,,,,,,,,,,,,,,,,SATCO_65-1222.jpg,,,,,,,,,SATCO_65-1222_Specification_Sheet.pdf,,,,,,,,,,,,,,,,,,Yes
https://www.satco.com/product/65-1224,,,,,,,Industrial Supplies,Equipment & Hardware,Lighting Fixture,,65-1224,65-1224 4' Led Strip Light,,,Satco,Satco Prod Inc (5573),Satco Products Inc,Satco®,,65-1224,,Lighting Fixture,"Satco, Lighting Fixture, 65-1224, Industrial Grade, Commercial Quality",LIGHTING FIXTURE,Satco® 65-1224 Lighting Fixture,"Satco®, Lighting Fixture, Model 65-1224","Lighting Fixture, 65-1224","Satco®, Lighting Fixture, Model 65-1224",,,,,,,,,,,,,,,,,,,,,,,,,,Lighting Fixture,Item Type,Lighting Fixture,,,,,,,,,,,,,,,,,,,,,,,,,,,,,,,,,,,,,,,,,,,,,,,,,,,,,,,,,,,,,,,,,,,,,,,,,,,,,,,,,,,,,,,,,,,,,,,,,,,,,,,,,,,,,,,,,,,,,,,,,,,,,,,,,,,,,,,,,,,,,,,,,,,,,,,,,,,,,,,,,,,,,,,,SATCO_65-1224.jpg,,,,,,,,,SATCO_65-1224_Specification_Sheet.pdf,,,,,,,,,,,,,,,,,,Yes
https://www.kichler.com/product/45297BK,,,,,,,Industrial Supplies,Equipment & Hardware,Lighting Fixture,,45297BK,45297BK Kichler Wall Lt,,,,Kichler Lighting (KICLI),Kichler Lighting LLC,Kichler®,,45297BK,,Lighting Fixture,"Kichler, Lighting Fixture, 45297BK, Industrial Grade, Commercial Quality",LIGHTING FIXTURE,Kichler® 45297BK Lighting Fixture,"Kichler®, Lighting Fixture, Model 45297BK","Lighting Fixture, 45297BK","Kichler®, Lighting Fixture, Model 45297BK",,,,,,,,,,,,,,,,,,,,,,,,,,Lighting Fixture,Item Type,Lighting Fixture,,,,,,,,,,,,,,,,,,,,,,,,,,,,,,,,,,,,,,,,,,,,,,,,,,,,,,,,,,,,,,,,,,,,,,,,,,,,,,,,,,,,,,,,,,,,,,,,,,,,,,,,,,,,,,,,,,,,,,,,,,,,,,,,,,,,,,,,,,,,,,,,,,,,,,,,,,,,,,,,,,,,,,,,KICHLER_45297BK.jpg,,,,,,,,,KICHLER_45297BK_Specification_Sheet.pdf,,,,,,,,,,,,,,,,,,Yes
https://www.kichler.com/product/45573BK,,,,,,,Industrial Supplies,Equipment & Hardware,Lighting Fixture,,45573BK,45573BK Kichler Wall Light,,,,Kichler Lighting (KICLI),Kichler Lighting LLC,Kichler®,,45573BK,,Lighting Fixture,"Kichler, Lighting Fixture, 45573BK, Industrial Grade, Commercial Quality",LIGHTING FIXTURE,Kichler® 45573BK Lighting Fixture,"Kichler®, Lighting Fixture, Model 45573BK","Lighting Fixture, 45573BK","Kichler®, Lighting Fixture, Model 45573BK",,,,,,,,,,,,,,,,,,,,,,,,,,Lighting Fixture,Item Type,Lighting Fixture,,,,,,,,,,,,,,,,,,,,,,,,,,,,,,,,,,,,,,,,,,,,,,,,,,,,,,,,,,,,,,,,,,,,,,,,,,,,,,,,,,,,,,,,,,,,,,,,,,,,,,,,,,,,,,,,,,,,,,,,,,,,,,,,,,,,,,,,,,,,,,,,,,,,,,,,,,,,,,,,,,,,,,,,KICHLER_45573BK.jpg,,,,,,,,,KICHLER_45573BK_Specification_Sheet.pdf,,,,,,,,,,,,,,,,,,Yes
https://www.kichler.com/product/37418A,,,,,,,Industrial Supplies,Equipment & Hardware,Lighting Fixture,,37418A,37418A Kichler Bath Light,,,,Kichler Lighting (KICLI),Kichler Lighting LLC,Kichler®,,37418A,,Lighting Fixture,"Kichler, Lighting Fixture, 37418A, Industrial Grade, Commercial Quality",LIGHTING FIXTURE,Kichler® 37418A Lighting Fixture,"Kichler®, Lighting Fixture, Model 37418A","Lighting Fixture, 37418A","Kichler®, Lighting Fixture, Model 37418A",,,,,,,,,,,,,,,,,,,,,,,,,,Lighting Fixture,Item Type,Lighting Fixture,,,,,,,,,,,,,,,,,,,,,,,,,,,,,,,,,,,,,,,,,,,,,,,,,,,,,,,,,,,,,,,,,,,,,,,,,,,,,,,,,,,,,,,,,,,,,,,,,,,,,,,,,,,,,,,,,,,,,,,,,,,,,,,,,,,,,,,,,,,,,,,,,,,,,,,,,,,,,,,,,,,,,,,,KICHLER_37418A.jpg,,,,,,,,,KICHLER_37418A_Specification_Sheet.pdf,,,,,,,,,,,,,,,,,,Yes
https://www.kichler.com/product/37423A,,,,,,,Industrial Supplies,Equipment & Hardware,Lighting Fixture,,37423A,37423A Kichler Bath Light,,,,Kichler Lighting (KICLI),Kichler Lighting LLC,Kichler®,,37423A,,Lighting Fixture,"Kichler, Lighting Fixture, 37423A, Industrial Grade, Commercial Quality",LIGHTING FIXTURE,Kichler® 37423A Lighting Fixture,"Kichler®, Lighting Fixture, Model 37423A","Lighting Fixture, 37423A","Kichler®, Lighting Fixture, Model 37423A",,,,,,,,,,,,,,,,,,,,,,,,,,Lighting Fixture,Item Type,Lighting Fixture,,,,,,,,,,,,,,,,,,,,,,,,,,,,,,,,,,,,,,,,,,,,,,,,,,,,,,,,,,,,,,,,,,,,,,,,,,,,,,,,,,,,,,,,,,,,,,,,,,,,,,,,,,,,,,,,,,,,,,,,,,,,,,,,,,,,,,,,,,,,,,,,,,,,,,,,,,,,,,,,,,,,,,,,KICHLER_37423A.jpg,,,,,,,,,KICHLER_37423A_Specification_Sheet.pdf,,,,,,,,,,,,,,,,,,Yes
https://www.kichler.com/product/45496BKCLR,,,,,,,Industrial Supplies,Equipment & Hardware,Lighting Fixture,,45496BKCLR,45496BKCLR Kichler Bath Light,,,,Kichler Lighting (KICLI),Kichler Lighting LLC,Kichler®,,45496BKCLR,,Lighting Fixture,"Kichler, Lighting Fixture, 45496BKCLR, Industrial Grade, Commercial Quality",LIGHTING FIXTURE,Kichler® 45496BKCLR Lighting Fixture,"Kichler®, Lighting Fixture, Model 45496BKCLR","Lighting Fixture, 45496BKCLR","Kichler®, Lighting Fixture, Model 45496BKCLR",,,,,,,,,,,,,,,,,,,,,,,,,,Lighting Fixture,Item Type,Lighting Fixture,,,,,,,,,,,,,,,,,,,,,,,,,,,,,,,,,,,,,,,,,,,,,,,,,,,,,,,,,,,,,,,,,,,,,,,,,,,,,,,,,,,,,,,,,,,,,,,,,,,,,,,,,,,,,,,,,,,,,,,,,,,,,,,,,,,,,,,,,,,,,,,,,,,,,,,,,,,,,,,,,,,,,,,,KICHLER_45496BKCLR.jpg,,,,,,,,,KICHLER_45496BKCLR_Specification_Sheet.pdf,,,,,,,,,,,,,,,,,,Yes
https://www.kichler.com/product/45973BK,,,,,,,Industrial Supplies,Equipment & Hardware,Lighting Fixture,,45973BK,45973BK Kichler Wall Light,,,,Kichler Lighting (KICLI),Kichler Lighting LLC,Kichler®,,45973BK,,Lighting Fixture,"Kichler, Lighting Fixture, 45973BK, Industrial Grade, Commercial Quality",LIGHTING FIXTURE,Kichler® 45973BK Lighting Fixture,"Kichler®, Lighting Fixture, Model 45973BK","Lighting Fixture, 45973BK","Kichler®, Lighting Fixture, Model 45973BK",,,,,,,,,,,,,,,,,,,,,,,,,,Lighting Fixture,Item Type,Lighting Fixture,,,,,,,,,,,,,,,,,,,,,,,,,,,,,,,,,,,,,,,,,,,,,,,,,,,,,,,,,,,,,,,,,,,,,,,,,,,,,,,,,,,,,,,,,,,,,,,,,,,,,,,,,,,,,,,,,,,,,,,,,,,,,,,,,,,,,,,,,,,,,,,,,,,,,,,,,,,,,,,,,,,,,,,,KICHLER_45973BK.jpg,,,,,,,,,KICHLER_45973BK_Specification_Sheet.pdf,,,,,,,,,,,,,,,,,,Yes
https://www.kichler.com/product/55155BK,,,,,,,Industrial Supplies,Equipment & Hardware,Lighting Fixture,,55155BK,55155BK Kichler Wall Lt,,,,Kichler Lighting (KICLI),Kichler Lighting LLC,Kichler®,,55155BK,,Lighting Fixture,"Kichler, Lighting Fixture, 55155BK, Industrial Grade, Commercial Quality",LIGHTING FIXTURE,Kichler® 55155BK Lighting Fixture,"Kichler®, Lighting Fixture, Model 55155BK","Lighting Fixture, 55155BK","Kichler®, Lighting Fixture, Model 55155BK",,,,,,,,,,,,,,,,,,,,,,,,,,Lighting Fixture,Item Type,Lighting Fixture,,,,,,,,,,,,,,,,,,,,,,,,,,,,,,,,,,,,,,,,,,,,,,,,,,,,,,,,,,,,,,,,,,,,,,,,,,,,,,,,,,,,,,,,,,,,,,,,,,,,,,,,,,,,,,,,,,,,,,,,,,,,,,,,,,,,,,,,,,,,,,,,,,,,,,,,,,,,,,,,,,,,,,,,KICHLER_55155BK.jpg,,,,,,,,,KICHLER_55155BK_Specification_Sheet.pdf,,,,,,,,,,,,,,,,,,Yes
https://www.kichler.com/product/55157CPZ,,,,,,,Industrial Supplies,Equipment & Hardware,Lighting Fixture,,55157CPZ,55157CPZ Kichler Wall Light,,,,Kichler Lighting (KICLI),Kichler Lighting LLC,Kichler®,,55157CPZ,,Lighting Fixture,"Kichler, Lighting Fixture, 55157CPZ, Industrial Grade, Commercial Quality",LIGHTING FIXTURE,Kichler® 55157CPZ Lighting Fixture,"Kichler®, Lighting Fixture, Model 55157CPZ","Lighting Fixture, 55157CPZ","Kichler®, Lighting Fixture, Model 55157CPZ",,,,,,,,,,,,,,,,,,,,,,,,,,Lighting Fixture,Item Type,Lighting Fixture,,,,,,,,,,,,,,,,,,,,,,,,,,,,,,,,,,,,,,,,,,,,,,,,,,,,,,,,,,,,,,,,,,,,,,,,,,,,,,,,,,,,,,,,,,,,,,,,,,,,,,,,,,,,,,,,,,,,,,,,,,,,,,,,,,,,,,,,,,,,,,,,,,,,,,,,,,,,,,,,,,,,,,,,KICHLER_55157CPZ.jpg,,,,,,,,,KICHLER_55157CPZ_Specification_Sheet.pdf,,,,,,,,,,,,,,,,,,Yes
https://www.kichler.com/product/55184BK,,,,,,,Industrial Supplies,Equipment & Hardware,Lighting Fixture,,55184BK,55184BK Kichler Wall Lt,,,,Kichler Lighting (KICLI),Kichler Lighting LLC,Kichler®,,55184BK,,Lighting Fixture,"Kichler, Lighting Fixture, 55184BK, Industrial Grade, Commercial Quality",LIGHTING FIXTURE,Kichler® 55184BK Lighting Fixture,"Kichler®, Lighting Fixture, Model 55184BK","Lighting Fixture, 55184BK","Kichler®, Lighting Fixture, Model 55184BK",,,,,,,,,,,,,,,,,,,,,,,,,,Lighting Fixture,Item Type,Lighting Fixture,,,,,,,,,,,,,,,,,,,,,,,,,,,,,,,,,,,,,,,,,,,,,,,,,,,,,,,,,,,,,,,,,,,,,,,,,,,,,,,,,,,,,,,,,,,,,,,,,,,,,,,,,,,,,,,,,,,,,,,,,,,,,,,,,,,,,,,,,,,,,,,,,,,,,,,,,,,,,,,,,,,,,,,,KICHLER_55184BK.jpg,,,,,,,,,KICHLER_55184BK_Specification_Sheet.pdf,,,,,,,,,,,,,,,,,,Yes
https://www.kichler.com/product/55185BK,,,,,,,Industrial Supplies,Equipment & Hardware,Lighting Fixture,,55185BK,55185BK Kichler Wall Lt,,,,Kichler Lighting (KICLI),Kichler Lighting LLC,Kichler®,,55185BK,,Lighting Fixture,"Kichler, Lighting Fixture, 55185BK, Industrial Grade, Commercial Quality",LIGHTING FIXTURE,Kichler® 55185BK Lighting Fixture,"Kichler®, Lighting Fixture, Model 55185BK","Lighting Fixture, 55185BK","Kichler®, Lighting Fixture, Model 55185BK",,,,,,,,,,,,,,,,,,,,,,,,,,Lighting Fixture,Item Type,Lighting Fixture,,,,,,,,,,,,,,,,,,,,,,,,,,,,,,,,,,,,,,,,,,,,,,,,,,,,,,,,,,,,,,,,,,,,,,,,,,,,,,,,,,,,,,,,,,,,,,,,,,,,,,,,,,,,,,,,,,,,,,,,,,,,,,,,,,,,,,,,,,,,,,,,,,,,,,,,,,,,,,,,,,,,,,,,KICHLER_55185BK.jpg,,,,,,,,,KICHLER_55185BK_Specification_Sheet.pdf,,,,,,,,,,,,,,,,,,Yes
https://www.kichler.com/product/55186CH,,,,,,,Industrial Supplies,Equipment & Hardware,Lighting Fixture,,55186CH,55186CH Kichler Wall Lt,,,,Kichler Lighting (KICLI),Kichler Lighting LLC,Kichler®,,55186CH,,Lighting Fixture,"Kichler, Lighting Fixture, 55186CH, Industrial Grade, Commercial Quality",LIGHTING FIXTURE,Kichler® 55186CH Lighting Fixture,"Kichler®, Lighting Fixture, Model 55186CH","Lighting Fixture, 55186CH","Kichler®, Lighting Fixture, Model 55186CH",,,,,,,,,,,,,,,,,,,,,,,,,,Lighting Fixture,Item Type,Lighting Fixture,,,,,,,,,,,,,,,,,,,,,,,,,,,,,,,,,,,,,,,,,,,,,,,,,,,,,,,,,,,,,,,,,,,,,,,,,,,,,,,,,,,,,,,,,,,,,,,,,,,,,,,,,,,,,,,,,,,,,,,,,,,,,,,,,,,,,,,,,,,,,,,,,,,,,,,,,,,,,,,,,,,,,,,,KICHLER_55186CH.jpg,,,,,,,,,KICHLER_55186CH_Specification_Sheet.pdf,,,,,,,,,,,,,,,,,,Yes
https://www.kichler.com/product/55210NI,,,,,,,Industrial Supplies,Equipment & Hardware,Lighting Fixture,,55210NI,55210NI Kichler Wall Light,,,,Kichler Lighting (KICLI),Kichler Lighting LLC,Kichler®,,55210NI,,Lighting Fixture,"Kichler, Lighting Fixture, 55210NI, Industrial Grade, Commercial Quality",LIGHTING FIXTURE,Kichler® 55210NI Lighting Fixture,"Kichler®, Lighting Fixture, Model 55210NI","Lighting Fixture, 55210NI","Kichler®, Lighting Fixture, Model 55210NI",,,,,,,,,,,,,,,,,,,,,,,,,,Lighting Fixture,Item Type,Lighting Fixture,,,,,,,,,,,,,,,,,,,,,,,,,,,,,,,,,,,,,,,,,,,,,,,,,,,,,,,,,,,,,,,,,,,,,,,,,,,,,,,,,,,,,,,,,,,,,,,,,,,,,,,,,,,,,,,,,,,,,,,,,,,,,,,,,,,,,,,,,,,,,,,,,,,,,,,,,,,,,,,,,,,,,,,,KICHLER_55210NI.jpg,,,,,,,,,KICHLER_55210NI_Specification_Sheet.pdf,,,,,,,,,,,,,,,,,,Yes
https://www.kichler.com/product/55211BK,,,,,,,Industrial Supplies,Equipment & Hardware,Lighting Fixture,,55211BK,55211BK Kichler Wall Light,,,,Kichler Lighting (KICLI),Kichler Lighting LLC,Kichler®,,55211BK,,Lighting Fixture,"Kichler, Lighting Fixture, 55211BK, Industrial Grade, Commercial Quality",LIGHTING FIXTURE,Kichler® 55211BK Lighting Fixture,"Kichler®, Lighting Fixture, Model 55211BK","Lighting Fixture, 55211BK","Kichler®, Lighting Fixture, Model 55211BK",,,,,,,,,,,,,,,,,,,,,,,,,,Lighting Fixture,Item Type,Lighting Fixture,,,,,,,,,,,,,,,,,,,,,,,,,,,,,,,,,,,,,,,,,,,,,,,,,,,,,,,,,,,,,,,,,,,,,,,,,,,,,,,,,,,,,,,,,,,,,,,,,,,,,,,,,,,,,,,,,,,,,,,,,,,,,,,,,,,,,,,,,,,,,,,,,,,,,,,,,,,,,,,,,,,,,,,,KICHLER_55211BK.jpg,,,,,,,,,KICHLER_55211BK_Specification_Sheet.pdf,,,,,,,,,,,,,,,,,,Yes
https://www.kichler.com/product/55211NI,,,,,,,Industrial Supplies,Equipment & Hardware,Lighting Fixture,,55211NI,55211NI Kichler Wall Light,,,,Kichler Lighting (KICLI),Kichler Lighting LLC,Kichler®,,55211NI,,Lighting Fixture,"Kichler, Lighting Fixture, 55211NI, Industrial Grade, Commercial Quality",LIGHTING FIXTURE,Kichler® 55211NI Lighting Fixture,"Kichler®, Lighting Fixture, Model 55211NI","Lighting Fixture, 55211NI","Kichler®, Lighting Fixture, Model 55211NI",,,,,,,,,,,,,,,,,,,,,,,,,,Lighting Fixture,Item Type,Lighting Fixture,,,,,,,,,,,,,,,,,,,,,,,,,,,,,,,,,,,,,,,,,,,,,,,,,,,,,,,,,,,,,,,,,,,,,,,,,,,,,,,,,,,,,,,,,,,,,,,,,,,,,,,,,,,,,,,,,,,,,,,,,,,,,,,,,,,,,,,,,,,,,,,,,,,,,,,,,,,,,,,,,,,,,,,,KICHLER_55211NI.jpg,,,,,,,,,KICHLER_55211NI_Specification_Sheet.pdf,,,,,,,,,,,,,,,,,,Yes
https://www.kichler.com/product/55212NI,,,,,,,Industrial Supplies,Equipment & Hardware,Lighting Fixture,,55212NI,55212NI Kichler Wall Light,,,,Kichler Lighting (KICLI),Kichler Lighting LLC,Kichler®,,55212NI,,Lighting Fixture,"Kichler, Lighting Fixture, 55212NI, Industrial Grade, Commercial Quality",LIGHTING FIXTURE,Kichler® 55212NI Lighting Fixture,"Kichler®, Lighting Fixture, Model 55212NI","Lighting Fixture, 55212NI","Kichler®, Lighting Fixture, Model 55212NI",,,,,,,,,,,,,,,,,,,,,,,,,,Lighting Fixture,Item Type,Lighting Fixture,,,,,,,,,,,,,,,,,,,,,,,,,,,,,,,,,,,,,,,,,,,,,,,,,,,,,,,,,,,,,,,,,,,,,,,,,,,,,,,,,,,,,,,,,,,,,,,,,,,,,,,,,,,,,,,,,,,,,,,,,,,,,,,,,,,,,,,,,,,,,,,,,,,,,,,,,,,,,,,,,,,,,,,,KICHLER_55212NI.jpg,,,,,,,,,KICHLER_55212NI_Specification_Sheet.pdf,,,,,,,,,,,,,,,,,,Yes
https://www.kichler.com/product/55226BKLFU,,,,,,,Industrial Supplies,Equipment & Hardware,Lighting Fixture,,55226BKLFU,55226BKFLU Kichler Wall Lt,,,,Kichler Lighting (KICLI),Kichler Lighting LLC,Kichler®,,55226BKLFU,,Lighting Fixture,"Kichler, Lighting Fixture, 55226BKLFU, Industrial Grade, Commercial Quality",LIGHTING FIXTURE,Kichler® 55226BKLFU Lighting Fixture,"Kichler®, Lighting Fixture, Model 55226BKLFU","Lighting Fixture, 55226BKLFU","Kichler®, Lighting Fixture, Model 55226BKLFU",,,,,,,,,,,,,,,,,,,,,,,,,,Lighting Fixture,Item Type,Lighting Fixture,,,,,,,,,,,,,,,,,,,,,,,,,,,,,,,,,,,,,,,,,,,,,,,,,,,,,,,,,,,,,,,,,,,,,,,,,,,,,,,,,,,,,,,,,,,,,,,,,,,,,,,,,,,,,,,,,,,,,,,,,,,,,,,,,,,,,,,,,,,,,,,,,,,,,,,,,,,,,,,,,,,,,,,,KICHLER_55226BKLFU.jpg,,,,,,,,,KICHLER_55226BKLFU_Specification_Sheet.pdf,,,,,,,,,,,,,,,,,,Yes
https://www.kichler.com/product/55239CPZLED,,,,,,,Industrial Supplies,Equipment & Hardware,Lighting Fixture,,55239CPZLED,55239CPZLED Kichler Wall Lt,,,,Kichler Lighting (KICLI),Kichler Lighting LLC,Kichler®,,55239CPZLED,,Lighting Fixture,"Kichler, Lighting Fixture, 55239CPZLED, Industrial Grade, Commercial Quality",LIGHTING FIXTURE,Kichler® 55239CPZLED Lighting Fixture,"Kichler®, Lighting Fixture, Model 55239CPZLED","Lighting Fixture, 55239CPZLED","Kichler®, Lighting Fixture, Model 55239CPZLED",,,,,,,,,,,,,,,,,,,,,,,,,,Lighting Fixture,Item Type,Lighting Fixture,,,,,,,,,,,,,,,,,,,,,,,,,,,,,,,,,,,,,,,,,,,,,,,,,,,,,,,,,,,,,,,,,,,,,,,,,,,,,,,,,,,,,,,,,,,,,,,,,,,,,,,,,,,,,,,,,,,,,,,,,,,,,,,,,,,,,,,,,,,,,,,,,,,,,,,,,,,,,,,,,,,,,,,,KICHLER_55239CPZLED.jpg,,,,,,,,,KICHLER_55239CPZLED_Specification_Sheet.pdf,,,,,,,,,,,,,,,,,,Yes
https://www.kichler.com/product/44072DBK,,,,,,,Industrial Supplies,Equipment & Hardware,Lighting Fixture,,44072DBK,44072DBK Kichler Chandelier Lt,,,,Kichler Lighting (KICLI),Kichler Lighting LLC,Kichler®,,44072DBK,,Lighting Fixture,"Kichler, Lighting Fixture, 44072DBK, Industrial Grade, Commercial Quality",LIGHTING FIXTURE,Kichler® 44072DBK Lighting Fixture,"Kichler®, Lighting Fixture, Model 44072DBK","Lighting Fixture, 44072DBK","Kichler®, Lighting Fixture, Model 44072DBK",,,,,,,,,,,,,,,,,,,,,,,,,,Lighting Fixture,Item Type,Lighting Fixture,,,,,,,,,,,,,,,,,,,,,,,,,,,,,,,,,,,,,,,,,,,,,,,,,,,,,,,,,,,,,,,,,,,,,,,,,,,,,,,,,,,,,,,,,,,,,,,,,,,,,,,,,,,,,,,,,,,,,,,,,,,,,,,,,,,,,,,,,,,,,,,,,,,,,,,,,,,,,,,,,,,,,,,,KICHLER_44072DBK.jpg,,,,,,,,,KICHLER_44072DBK_Specification_Sheet.pdf,,,,,,,,,,,,,,,,,,Yes
https://www.kichler.com/product/44073NI,,,,,,,Industrial Supplies,Equipment & Hardware,Lighting Fixture,,44073NI,44073NI Kichler Chandelier Lt,,,,Kichler Lighting (KICLI),Kichler Lighting LLC,Kichler®,,44073NI,,Lighting Fixture,"Kichler, Lighting Fixture, 44073NI, Industrial Grade, Commercial Quality",LIGHTING FIXTURE,Kichler® 44073NI Lighting Fixture,"Kichler®, Lighting Fixture, Model 44073NI","Lighting Fixture, 44073NI","Kichler®, Lighting Fixture, Model 44073NI",,,,,,,,,,,,,,,,,,,,,,,,,,Lighting Fixture,Item Type,Lighting Fixture,,,,,,,,,,,,,,,,,,,,,,,,,,,,,,,,,,,,,,,,,,,,,,,,,,,,,,,,,,,,,,,,,,,,,,,,,,,,,,,,,,,,,,,,,,,,,,,,,,,,,,,,,,,,,,,,,,,,,,,,,,,,,,,,,,,,,,,,,,,,,,,,,,,,,,,,,,,,,,,,,,,,,,,,KICHLER_44073NI.jpg,,,,,,,,,KICHLER_44073NI_Specification_Sheet.pdf,,,,,,,,,,,,,,,,,,Yes
https://www.kichler.com/product/52033BK,,,,,,,Industrial Supplies,Equipment & Hardware,Lighting Fixture,,52033BK,52033BK Kichler Chandelier Lt,,,,Kichler Lighting (KICLI),Kichler Lighting LLC,Kichler®,,52033BK,,Lighting Fixture,"Kichler, Lighting Fixture, 52033BK, Industrial Grade, Commercial Quality",LIGHTING FIXTURE,Kichler® 52033BK Lighting Fixture,"Kichler®, Lighting Fixture, Model 52033BK","Lighting Fixture, 52033BK","Kichler®, Lighting Fixture, Model 52033BK",,,,,,,,,,,,,,,,,,,,,,,,,,Lighting Fixture,Item Type,Lighting Fixture,,,,,,,,,,,,,,,,,,,,,,,,,,,,,,,,,,,,,,,,,,,,,,,,,,,,,,,,,,,,,,,,,,,,,,,,,,,,,,,,,,,,,,,,,,,,,,,,,,,,,,,,,,,,,,,,,,,,,,,,,,,,,,,,,,,,,,,,,,,,,,,,,,,,,,,,,,,,,,,,,,,,,,,,KICHLER_52033BK.jpg,,,,,,,,,KICHLER_52033BK_Specification_Sheet.pdf,,,,,,,,,,,,,,,,,,Yes
https://www.kichler.com/product/84322WH,,,,,,,Industrial Supplies,Equipment & Hardware,Lighting Fixture,,84322WH,84322WH Kichler Chandelier Lt,,,,Kichler Lighting (KICLI),Kichler Lighting LLC,Kichler®,,84322WH,,Lighting Fixture,"Kichler, Lighting Fixture, 84322WH, Industrial Grade, Commercial Quality",LIGHTING FIXTURE,Kichler® 84322WH Lighting Fixture,"Kichler®, Lighting Fixture, Model 84322WH","Lighting Fixture, 84322WH","Kichler®, Lighting Fixture, Model 84322WH",,,,,,,,,,,,,,,,,,,,,,,,,,Lighting Fixture,Item Type,Lighting Fixture,,,,,,,,,,,,,,,,,,,,,,,,,,,,,,,,,,,,,,,,,,,,,,,,,,,,,,,,,,,,,,,,,,,,,,,,,,,,,,,,,,,,,,,,,,,,,,,,,,,,,,,,,,,,,,,,,,,,,,,,,,,,,,,,,,,,,,,,,,,,,,,,,,,,,,,,,,,,,,,,,,,,,,,,KICHLER_84322WH.jpg,,,,,,,,,KICHLER_84322WH_Specification_Sheet.pdf,,,,,,,,,,,,,,,,,,Yes
https://www.kichler.com/product/52404BK,,,,,,,Industrial Supplies,Equipment & Hardware,Lighting Fixture,,52404BK,52404BK Kichler Chandelier Lt,,,,Kichler Lighting (KICLI),Kichler Lighting LLC,Kichler®,,52404BK,,Lighting Fixture,"Kichler, Lighting Fixture, 52404BK, Industrial Grade, Commercial Quality",LIGHTING FIXTURE,Kichler® 52404BK Lighting Fixture,"Kichler®, Lighting Fixture, Model 52404BK","Lighting Fixture, 52404BK","Kichler®, Lighting Fixture, Model 52404BK",,,,,,,,,,,,,,,,,,,,,,,,,,Lighting Fixture,Item Type,Lighting Fixture,,,,,,,,,,,,,,,,,,,,,,,,,,,,,,,,,,,,,,,,,,,,,,,,,,,,,,,,,,,,,,,,,,,,,,,,,,,,,,,,,,,,,,,,,,,,,,,,,,,,,,,,,,,,,,,,,,,,,,,,,,,,,,,,,,,,,,,,,,,,,,,,,,,,,,,,,,,,,,,,,,,,,,,,KICHLER_52404BK.jpg,,,,,,,,,KICHLER_52404BK_Specification_Sheet.pdf,,,,,,,,,,,,,,,,,,Yes
https://www.kichler.com/product/34686A,,,,,,,Industrial Supplies,Equipment & Hardware,Lighting Fixture,,34686A,34686A Kichler Chandelier Lt,,,,Kichler Lighting (KICLI),Kichler Lighting LLC,Kichler®,,34686A,,Lighting Fixture,"Kichler, Lighting Fixture, 34686A, Industrial Grade, Commercial Quality",LIGHTING FIXTURE,Kichler® 34686A Lighting Fixture,"Kichler®, Lighting Fixture, Model 34686A","Lighting Fixture, 34686A","Kichler®, Lighting Fixture, Model 34686A",,,,,,,,,,,,,,,,,,,,,,,,,,Lighting Fixture,Item Type,Lighting Fixture,,,,,,,,,,,,,,,,,,,,,,,,,,,,,,,,,,,,,,,,,,,,,,,,,,,,,,,,,,,,,,,,,,,,,,,,,,,,,,,,,,,,,,,,,,,,,,,,,,,,,,,,,,,,,,,,,,,,,,,,,,,,,,,,,,,,,,,,,,,,,,,,,,,,,,,,,,,,,,,,,,,,,,,,KICHLER_34686A.jpg,,,,,,,,,KICHLER_34686A_Specification_Sheet.pdf,,,,,,,,,,,,,,,,,,Yes
https://www.kichler.com/product/34687A,,,,,,,Industrial Supplies,Equipment & Hardware,Lighting Fixture,,34687A,34687A Kichler Chandelier Lt,,,,Kichler Lighting (KICLI),Kichler Lighting LLC,Kichler®,,34687A,,Lighting Fixture,"Kichler, Lighting Fixture, 34687A, Industrial Grade, Commercial Quality",LIGHTING FIXTURE,Kichler® 34687A Lighting Fixture,"Kichler®, Lighting Fixture, Model 34687A","Lighting Fixture, 34687A","Kichler®, Lighting Fixture, Model 34687A",,,,,,,,,,,,,,,,,,,,,,,,,,Lighting Fixture,Item Type,Lighting Fixture,,,,,,,,,,,,,,,,,,,,,,,,,,,,,,,,,,,,,,,,,,,,,,,,,,,,,,,,,,,,,,,,,,,,,,,,,,,,,,,,,,,,,,,,,,,,,,,,,,,,,,,,,,,,,,,,,,,,,,,,,,,,,,,,,,,,,,,,,,,,,,,,,,,,,,,,,,,,,,,,,,,,,,,,KICHLER_34687A.jpg,,,,,,,,,KICHLER_34687A_Specification_Sheet.pdf,,,,,,,,,,,,,,,,,,Yes
https://www.kichler.com/product/34688A,,,,,,,Industrial Supplies,Equipment & Hardware,Lighting Fixture,,34688A,34688A Kichler Chandelier Lt,,,,,Kichler Lighting LLC,Kichler®,,34688A,,Lighting Fixture,"Kichler, Lighting Fixture, 34688A, Industrial Grade, Commercial Quality",LIGHTING FIXTURE,Kichler® 34688A Lighting Fixture,"Kichler®, Lighting Fixture, Model 34688A","Lighting Fixture, 34688A","Kichler®, Lighting Fixture, Model 34688A",,,,,,,,,,,,,,,,,,,,,,,,,,Lighting Fixture,Item Type,Lighting Fixture,,,,,,,,,,,,,,,,,,,,,,,,,,,,,,,,,,,,,,,,,,,,,,,,,,,,,,,,,,,,,,,,,,,,,,,,,,,,,,,,,,,,,,,,,,,,,,,,,,,,,,,,,,,,,,,,,,,,,,,,,,,,,,,,,,,,,,,,,,,,,,,,,,,,,,,,,,,,,,,,,,,,,,,,KICHLER_34688A.jpg,,,,,,,,,KICHLER_34688A_Specification_Sheet.pdf,,,,,,,,,,,,,,,,,,Yes
https://www.kichler.com/product/43671BKCLR,,,,,,,Industrial Supplies,Equipment & Hardware,Lighting Fixture,,43671BKCLR,43671BKCLR Kichler Chand Lt,,,,Kichler Lighting (KICLI),Kichler Lighting LLC,Kichler®,,43671BKCLR,,Lighting Fixture,"Kichler, Lighting Fixture, 43671BKCLR, Industrial Grade, Commercial Quality",LIGHTING FIXTURE,Kichler® 43671BKCLR Lighting Fixture,"Kichler®, Lighting Fixture, Model 43671BKCLR","Lighting Fixture, 43671BKCLR","Kichler®, Lighting Fixture, Model 43671BKCLR",,,,,,,,,,,,,,,,,,,,,,,,,,Lighting Fixture,Item Type,Lighting Fixture,,,,,,,,,,,,,,,,,,,,,,,,,,,,,,,,,,,,,,,,,,,,,,,,,,,,,,,,,,,,,,,,,,,,,,,,,,,,,,,,,,,,,,,,,,,,,,,,,,,,,,,,,,,,,,,,,,,,,,,,,,,,,,,,,,,,,,,,,,,,,,,,,,,,,,,,,,,,,,,,,,,,,,,,KICHLER_43671BKCLR.jpg,,,,,,,,,KICHLER_43671BKCLR_Specification_Sheet.pdf,,,,,,,,,,,,,,,,,,Yes
https://www.kichler.com/product/52616BK,,,,,,,Industrial Supplies,Equipment & Hardware,Lighting Fixture,,52616BK,52616BK Kichler Chandelier Lt,,,,Kichler Lighting (KICLI),Kichler Lighting LLC,Kichler®,,52616BK,,Lighting Fixture,"Kichler, Lighting Fixture, 52616BK, Industrial Grade, Commercial Quality",LIGHTING FIXTURE,Kichler® 52616BK Lighting Fixture,"Kichler®, Lighting Fixture, Model 52616BK","Lighting Fixture, 52616BK","Kichler®, Lighting Fixture, Model 52616BK",,,,,,,,,,,,,,,,,,,,,,,,,,Lighting Fixture,Item Type,Lighting Fixture,,,,,,,,,,,,,,,,,,,,,,,,,,,,,,,,,,,,,,,,,,,,,,,,,,,,,,,,,,,,,,,,,,,,,,,,,,,,,,,,,,,,,,,,,,,,,,,,,,,,,,,,,,,,,,,,,,,,,,,,,,,,,,,,,,,,,,,,,,,,,,,,,,,,,,,,,,,,,,,,,,,,,,,,KICHLER_52616BK.jpg,,,,,,,,,KICHLER_52616BK_Specification_Sheet.pdf,,,,,,,,,,,,,,,,,,Yes
https://www.kichler.com/product/52616NI,,,,,,,Industrial Supplies,Equipment & Hardware,Lighting Fixture,,52616NI,52616NI Kichler Chandelier Lt,,,,Kichler Lighting (KICLI),Kichler Lighting LLC,Kichler®,,52616NI,,Lighting Fixture,"Kichler, Lighting Fixture, 52616NI, Industrial Grade, Commercial Quality",LIGHTING FIXTURE,Kichler® 52616NI Lighting Fixture,"Kichler®, Lighting Fixture, Model 52616NI","Lighting Fixture, 52616NI","Kichler®, Lighting Fixture, Model 52616NI",,,,,,,,,,,,,,,,,,,,,,,,,,Lighting Fixture,Item Type,Lighting Fixture,,,,,,,,,,,,,,,,,,,,,,,,,,,,,,,,,,,,,,,,,,,,,,,,,,,,,,,,,,,,,,,,,,,,,,,,,,,,,,,,,,,,,,,,,,,,,,,,,,,,,,,,,,,,,,,,,,,,,,,,,,,,,,,,,,,,,,,,,,,,,,,,,,,,,,,,,,,,,,,,,,,,,,,,KICHLER_52616NI.jpg,,,,,,,,,KICHLER_52616NI_Specification_Sheet.pdf,,,,,,,,,,,,,,,,,,Yes
https://www.kichler.com/product/52678BK,,,,,,,Industrial Supplies,Equipment & Hardware,Lighting Fixture,,52678BK,52678BK Kichler Chandelier Lt,,,,Kichler Lighting (KICLI),Kichler Lighting LLC,Kichler®,,52678BK,,Lighting Fixture,"Kichler, Lighting Fixture, 52678BK, Industrial Grade, Commercial Quality",LIGHTING FIXTURE,Kichler® 52678BK Lighting Fixture,"Kichler®, Lighting Fixture, Model 52678BK","Lighting Fixture, 52678BK","Kichler®, Lighting Fixture, Model 52678BK",,,,,,,,,,,,,,,,,,,,,,,,,,Lighting Fixture,Item Type,Lighting Fixture,,,,,,,,,,,,,,,,,,,,,,,,,,,,,,,,,,,,,,,,,,,,,,,,,,,,,,,,,,,,,,,,,,,,,,,,,,,,,,,,,,,,,,,,,,,,,,,,,,,,,,,,,,,,,,,,,,,,,,,,,,,,,,,,,,,,,,,,,,,,,,,,,,,,,,,,,,,,,,,,,,,,,,,,KICHLER_52678BK.jpg,,,,,,,,,KICHLER_52678BK_Specification_Sheet.pdf,,,,,,,,,,,,,,,,,,Yes
https://www.kichler.com/product/52680CPZ,,,,,,,Industrial Supplies,Equipment & Hardware,Lighting Fixture,,52680CPZ,52680CPZ Kichler Chandelier Lt,,,,Kichler Lighting (KICLI),Kichler Lighting LLC,Kichler®,,52680CPZ,,Lighting Fixture,"Kichler, Lighting Fixture, 52680CPZ, Industrial Grade, Commercial Quality",LIGHTING FIXTURE,Kichler® 52680CPZ Lighting Fixture,"Kichler®, Lighting Fixture, Model 52680CPZ","Lighting Fixture, 52680CPZ","Kichler®, Lighting Fixture, Model 52680CPZ",,,,,,,,,,,,,,,,,,,,,,,,,,Lighting Fixture,Item Type,Lighting Fixture,,,,,,,,,,,,,,,,,,,,,,,,,,,,,,,,,,,,,,,,,,,,,,,,,,,,,,,,,,,,,,,,,,,,,,,,,,,,,,,,,,,,,,,,,,,,,,,,,,,,,,,,,,,,,,,,,,,,,,,,,,,,,,,,,,,,,,,,,,,,,,,,,,,,,,,,,,,,,,,,,,,,,,,,KICHLER_52680CPZ.jpg,,,,,,,,,KICHLER_52680CPZ_Specification_Sheet.pdf,,,,,,,,,,,,,,,,,,Yes
https://www.kichler.com/product/52772BK,,,,,,,Industrial Supplies,Equipment & Hardware,Lighting Fixture,,52772BK,52772BK Kichler Chandelier Lt,,,,Kichler Lighting (KICLI),Kichler Lighting LLC,Kichler®,,52772BK,,Lighting Fixture,"Kichler, Lighting Fixture, 52772BK, Industrial Grade, Commercial Quality",LIGHTING FIXTURE,Kichler® 52772BK Lighting Fixture,"Kichler®, Lighting Fixture, Model 52772BK","Lighting Fixture, 52772BK","Kichler®, Lighting Fixture, Model 52772BK",,,,,,,,,,,,,,,,,,,,,,,,,,Lighting Fixture,Item Type,Lighting Fixture,,,,,,,,,,,,,,,,,,,,,,,,,,,,,,,,,,,,,,,,,,,,,,,,,,,,,,,,,,,,,,,,,,,,,,,,,,,,,,,,,,,,,,,,,,,,,,,,,,,,,,,,,,,,,,,,,,,,,,,,,,,,,,,,,,,,,,,,,,,,,,,,,,,,,,,,,,,,,,,,,,,,,,,,KICHLER_52772BK.jpg,,,,,,,,,KICHLER_52772BK_Specification_Sheet.pdf,,,,,,,,,,,,,,,,,,Yes
https://www.kichler.com/product/82399,,,,,,,Industrial Supplies,Equipment & Hardware,Lighting Fixture,,82399,82399 Kichler Chandelier Lt,,,,Kichler Lighting (KICLI),Kichler Lighting LLC,Kichler®,,82399,,Lighting Fixture,"Kichler, Lighting Fixture, 82399, Industrial Grade, Commercial Quality",LIGHTING FIXTURE,Kichler® 82399 Lighting Fixture,"Kichler®, Lighting Fixture, Model 82399","Lighting Fixture, 82399","Kichler®, Lighting Fixture, Model 82399",,,,,,,,,,,,,,,,,,,,,,,,,,Lighting Fixture,Item Type,Lighting Fixture,,,,,,,,,,,,,,,,,,,,,,,,,,,,,,,,,,,,,,,,,,,,,,,,,,,,,,,,,,,,,,,,,,,,,,,,,,,,,,,,,,,,,,,,,,,,,,,,,,,,,,,,,,,,,,,,,,,,,,,,,,,,,,,,,,,,,,,,,,,,,,,,,,,,,,,,,,,,,,,,,,,,,,,,KICHLER_82399.jpg,,,,,,,,,KICHLER_82399_Specification_Sheet.pdf,,,,,,,,,,,,,,,,,,Yes
https://www.satco.com/product/65-771R3,,,,,,,Industrial Supplies,Equipment & Hardware,Tools & Parts,,65-771R3,65-771R3 Nuvo Highbay Light,,,,Satco Prod Inc (5573),Satco Products Inc,Satco®,Nuvo,65-771R3,,Industrial Equipment,"Satco, Nuvo, 65-771R3, Industrial Grade, Commercial Quality, Heavy Duty",NUVO HIGHBAY LIGHT,Satco® Nuvo 65-771R3 Nuvo Highbay Light,"Satco®, Nuvo, Model 65-771R3","Nuvo , 65-771R3","Satco®, Nuvo, Model 65-771R3",,,,,,,,,,,,,,,,,,,,,,,,,,Product,Series,Nuvo,,,,,,,,,,,,,,,,,,,,,,,,,,,,,,,,,,,,,,,,,,,,,,,,,,,,,,,,,,,,,,,,,,,,,,,,,,,,,,,,,,,,,,,,,,,,,,,,,,,,,,,,,,,,,,,,,,,,,,,,,,,,,,,,,,,,,,,,,,,,,,,,,,,,,,,,,,,,,,,,,,,,,,,,SATCO_65-771R3.jpg,,,,,,,,,SATCO_65-771R3_Specification_Sheet.pdf,,,,,,,,,,,,,,,,,,Yes
https://www.kichler.com/product/42955BK,,,,,,,Industrial Supplies,Equipment & Hardware,Lighting Fixture,,42955BK,42955BK Kichler Ceiling Lt,,,,Kichler Lighting (KICLI),Kichler Lighting LLC,Kichler®,,42955BK,,Lighting Fixture,"Kichler, Lighting Fixture, 42955BK, Industrial Grade, Commercial Quality",LIGHTING FIXTURE,Kichler® 42955BK Lighting Fixture,"Kichler®, Lighting Fixture, Model 42955BK","Lighting Fixture, 42955BK","Kichler®, Lighting Fixture, Model 42955BK",,,,,,,,,,,,,,,,,,,,,,,,,,Lighting Fixture,Item Type,Lighting Fixture,,,,,,,,,,,,,,,,,,,,,,,,,,,,,,,,,,,,,,,,,,,,,,,,,,,,,,,,,,,,,,,,,,,,,,,,,,,,,,,,,,,,,,,,,,,,,,,,,,,,,,,,,,,,,,,,,,,,,,,,,,,,,,,,,,,,,,,,,,,,,,,,,,,,,,,,,,,,,,,,,,,,,,,,KICHLER_42955BK.jpg,,,,,,,,,KICHLER_42955BK_Specification_Sheet.pdf,,,,,,,,,,,,,,,,,,Yes
https://www.kichler.com/product/42275BK,,,,,,,Industrial Supplies,Equipment & Hardware,Lighting Fixture,,42275BK,42275BK Kichler Ceiling Lt,,,,Kichler Lighting (KICLI),Kichler Lighting LLC,Kichler®,,42275BK,,Lighting Fixture,"Kichler, Lighting Fixture, 42275BK, Industrial Grade, Commercial Quality",LIGHTING FIXTURE,Kichler® 42275BK Lighting Fixture,"Kichler®, Lighting Fixture, Model 42275BK","Lighting Fixture, 42275BK","Kichler®, Lighting Fixture, Model 42275BK",,,,,,,,,,,,,,,,,,,,,,,,,,Lighting Fixture,Item Type,Lighting Fixture,,,,,,,,,,,,,,,,,,,,,,,,,,,,,,,,,,,,,,,,,,,,,,,,,,,,,,,,,,,,,,,,,,,,,,,,,,,,,,,,,,,,,,,,,,,,,,,,,,,,,,,,,,,,,,,,,,,,,,,,,,,,,,,,,,,,,,,,,,,,,,,,,,,,,,,,,,,,,,,,,,,,,,,,KICHLER_42275BK.jpg,,,,,,,,,KICHLER_42275BK_Specification_Sheet.pdf,,,,,,,,,,,,,,,,,,Yes
https://www.satco.com/product/62-1850,,,,,,,Industrial Supplies,Equipment & Hardware,Lighting Fixture,,62-1850,"62-1850 11"" Led Ceiling Light",,,,Satco Prod Inc (5573),Satco Products Inc,Satco®,,62-1850,,Lighting Fixture,"Satco, Lighting Fixture, 62-1850, Industrial Grade, Commercial Quality",LIGHTING FIXTURE,Satco® 62-1850 Lighting Fixture,"Satco®, Lighting Fixture, Model 62-1850","Lighting Fixture, 62-1850","Satco®, Lighting Fixture, Model 62-1850",,,,,,,,,,,,,,,,,,,,,,,,,,Lighting Fixture,Item Type,Lighting Fixture,,,,,,,,,,,,,,,,,,,,,,,,,,,,,,,,,,,,,,,,,,,,,,,,,,,,,,,,,,,,,,,,,,,,,,,,,,,,,,,,,,,,,,,,,,,,,,,,,,,,,,,,,,,,,,,,,,,,,,,,,,,,,,,,,,,,,,,,,,,,,,,,,,,,,,,,,,,,,,,,,,,,,,,,SATCO_62-1850.jpg,,,,,,,,,SATCO_62-1850_Specification_Sheet.pdf,,,,,,,,,,,,,,,,,,Yes
https://www.satco.com/product/62-1852,,,,,,,Industrial Supplies,Equipment & Hardware,Lighting Fixture,,62-1852,"62-1852 14"" Satco Led Ceiling Lt",,,,Satco Prod Inc (5573),Satco Products Inc,Satco®,,62-1852,,Lighting Fixture,"Satco, Lighting Fixture, 62-1852, Industrial Grade, Commercial Quality",LIGHTING FIXTURE,Satco® 62-1852 Lighting Fixture,"Satco®, Lighting Fixture, Model 62-1852","Lighting Fixture, 62-1852","Satco®, Lighting Fixture, Model 62-1852",,,,,,,,,,,,,,,,,,,,,,,,,,Lighting Fixture,Item Type,Lighting Fixture,,,,,,,,,,,,,,,,,,,,,,,,,,,,,,,,,,,,,,,,,,,,,,,,,,,,,,,,,,,,,,,,,,,,,,,,,,,,,,,,,,,,,,,,,,,,,,,,,,,,,,,,,,,,,,,,,,,,,,,,,,,,,,,,,,,,,,,,,,,,,,,,,,,,,,,,,,,,,,,,,,,,,,,,SATCO_62-1852.jpg,,,,,,,,,SATCO_62-1852_Specification_Sheet.pdf,,,,,,,,,,,,,,,,,,Yes
https://www.satco.com/product/62-1875,,,,,,,Industrial Supplies,Equipment & Hardware,Lighting Fixture,,62-1875,"62-1875 10"" Led Ceiling Lt Bn",,,,Satco Prod Inc (5573),Satco Products Inc,Satco®,,62-1875,,Lighting Fixture,"Satco, Lighting Fixture, 62-1875, Brushed Nickel, Industrial Grade",LIGHTING FIXTURE,Satco® 62-1875 Lighting Fixture Brushed Nickel,"Satco®, Lighting Fixture, Model 62-1875, Brushed Nickel","Lighting Fixture, 62-1875","Satco®, Lighting Fixture, Model 62-1875, Brushed Nickel",,,,,,,,,,,,,,,,,,,,,,,,,,Lighting Fixture,Item Type,Lighting Fixture,,Finish Color,Brushed Nickel,,,,,,,,,,,,,,,,,,,,,,,,,,,,,,,,,,,,,,,,,,,,,,,,,,,,,,,,,,,,,,,,,,,,,,,,,,,,,,,,,,,,,,,,,,,,,,,,,,,,,,,,,,,,,,,,,,,,,,,,,,,,,,,,,,,,,,,,,,,,,,,,,,,,,,,,,,,,,,,,,,,,,SATCO_62-1875.jpg,,,,,,,,,SATCO_62-1875_Specification_Sheet.pdf,,,,,,,,,,,,,,,,,,Yes
https://www.satco.com/product/62-1876,,,,,,,Industrial Supplies,Equipment & Hardware,Lighting Fixture,,62-1876,"62-1876 13"" Satco Ceiling Light BN",,,,Satco Prod Inc (5573),Satco Products Inc,Satco®,,62-1876,,Lighting Fixture,"Satco, Lighting Fixture, 62-1876, Brushed Nickel, Industrial Grade",LIGHTING FIXTURE,Satco® 62-1876 Lighting Fixture Brushed Nickel,"Satco®, Lighting Fixture, Model 62-1876, Brushed Nickel","Lighting Fixture, 62-1876","Satco®, Lighting Fixture, Model 62-1876, Brushed Nickel",,,,,,,,,,,,,,,,,,,,,,,,,,Lighting Fixture,Item Type,Lighting Fixture,,Finish Color,Brushed Nickel,,,,,,,,,,,,,,,,,,,,,,,,,,,,,,,,,,,,,,,,,,,,,,,,,,,,,,,,,,,,,,,,,,,,,,,,,,,,,,,,,,,,,,,,,,,,,,,,,,,,,,,,,,,,,,,,,,,,,,,,,,,,,,,,,,,,,,,,,,,,,,,,,,,,,,,,,,,,,,,,,,,,,SATCO_62-1876.jpg,,,,,,,,,SATCO_62-1876_Specification_Sheet.pdf,,,,,,,,,,,,,,,,,,Yes
https://www.kichler.com/product/42296BK,,,,,,,Industrial Supplies,Equipment & Hardware,Lighting Fixture,,42296BK,42296BK Kichler Ceiling Lt,,,,Kichler Lighting (KICLI),Kichler Lighting LLC,Kichler®,,42296BK,,Lighting Fixture,"Kichler, Lighting Fixture, 42296BK, Industrial Grade, Commercial Quality",LIGHTING FIXTURE,Kichler® 42296BK Lighting Fixture,"Kichler®, Lighting Fixture, Model 42296BK","Lighting Fixture, 42296BK","Kichler®, Lighting Fixture, Model 42296BK",,,,,,,,,,,,,,,,,,,,,,,,,,Lighting Fixture,Item Type,Lighting Fixture,,,,,,,,,,,,,,,,,,,,,,,,,,,,,,,,,,,,,,,,,,,,,,,,,,,,,,,,,,,,,,,,,,,,,,,,,,,,,,,,,,,,,,,,,,,,,,,,,,,,,,,,,,,,,,,,,,,,,,,,,,,,,,,,,,,,,,,,,,,,,,,,,,,,,,,,,,,,,,,,,,,,,,,,KICHLER_42296BK.jpg,,,,,,,,,KICHLER_42296BK_Specification_Sheet.pdf,,,,,,,,,,,,,,,,,,Yes
https://www.kichler.com/product/43913BK,,,,,,,Industrial Supplies,Equipment & Hardware,Lighting Fixture,,43913BK,43913BK Kichler Pendant Lt,,,,Kichler Lighting (KICLI),Kichler Lighting LLC,Kichler®,,43913BK,,Lighting Fixture,"Kichler, Lighting Fixture, 43913BK, Industrial Grade, Commercial Quality",LIGHTING FIXTURE,Kichler® 43913BK Lighting Fixture,"Kichler®, Lighting Fixture, Model 43913BK","Lighting Fixture, 43913BK","Kichler®, Lighting Fixture, Model 43913BK",,,,,,,,,,,,,,,,,,,,,,,,,,Lighting Fixture,Item Type,Lighting Fixture,,,,,,,,,,,,,,,,,,,,,,,,,,,,,,,,,,,,,,,,,,,,,,,,,,,,,,,,,,,,,,,,,,,,,,,,,,,,,,,,,,,,,,,,,,,,,,,,,,,,,,,,,,,,,,,,,,,,,,,,,,,,,,,,,,,,,,,,,,,,,,,,,,,,,,,,,,,,,,,,,,,,,,,,KICHLER_43913BK.jpg,,,,,,,,,KICHLER_43913BK_Specification_Sheet.pdf,,,,,,,,,,,,,,,,,,Yes
https://www.cooperlighting.com/product/HLSMS9129FS1E,,,,,,,Industrial Supplies,Equipment & Hardware,Tools & Parts,,HLSMS9129FS1E,"HLSMS9129FS1E 9"" Motion Lt",,,,Cooper Lighting (7638),Cooper Lighting LLC,Cooper Lighting®,,HLSMS9129FS1E,,Industrial Equipment,"Cooper Lighting, HLSMS9129FS1E, Industrial Grade, Commercial Quality",9 IN MOTION,Cooper Lighting® HLSMS9129FS1E 9 Motion,"Cooper Lighting®, Model HLSMS9129FS1E",HLSMS9129FS1E,"Cooper Lighting®, Model HLSMS9129FS1E",,,,,,,,,,,,,,,,,,,,,,,,,,Product,,,,,,,,,,,,,,,,,,,,,,,,,,,,,,,,,,,,,,,,,,,,,,,,,,,,,,,,,,,,,,,,,,,,,,,,,,,,,,,,,,,,,,,,,,,,,,,,,,,,,,,,,,,,,,,,,,,,,,,,,,,,,,,,,,,,,,,,,,,,,,,,,,,,,,,,,,,,,,,,,,,,,,,,,,COOPER_LIGHTING_HLSMS9129FS1E.jpg,,,,,,,,,COOPER_LIGHTING_HLSMS9129FS1E_Specification_Sheet.pdf,,,,,,,,,,,,,,,,,,Yes
https://www.satco.com/product/64-110,,,,,,,Industrial Supplies,Equipment & Hardware,Industrial Tape,,64-110,64-110 Satco Tape Light 16',,,,Satco Prod Inc (5573),Satco Products Inc,Satco®,,64-110,,Industrial Tape,"Satco, Industrial Tape, 64-110, Industrial Grade, Commercial Quality",INDUSTRIAL TAPE,Satco® 64-110 Industrial Tape,"Satco®, Industrial Tape, Model 64-110","Industrial Tape, 64-110","Satco®, Industrial Tape, Model 64-110",,,,,,,,,,,,,,,,,,,,,,,,,,Industrial Tape,Item Type,Industrial Tape,,,,,,,,,,,,,,,,,,,,,,,,,,,,,,,,,,,,,,,,,,,,,,,,,,,,,,,,,,,,,,,,,,,,,,,,,,,,,,,,,,,,,,,,,,,,,,,,,,,,,,,,,,,,,,,,,,,,,,,,,,,,,,,,,,,,,,,,,,,,,,,,,,,,,,,,,,,,,,,,,,,,,,,,SATCO_64-110.jpg,,,,,,,,,SATCO_64-110_Specification_Sheet.pdf,,,,,,,,,,,,,,,,,,Yes
https://www.philips.com/product/603571,,,,,,,Industrial Supplies,Equipment & Hardware,Lighting Fixture,,603571,603571 3' Strip Light Ext,,,Wiz,Phillips Lighting (5831),Signify North America Corp,Philips®,,603571,,Lighting Fixture,"Philips, Lighting Fixture, 603571, Industrial Grade, Commercial Quality",LIGHTING FIXTURE,Philips® 603571 Lighting Fixture,"Philips®, Lighting Fixture, Model 603571","Lighting Fixture, 603571","Philips®, Lighting Fixture, Model 603571",,,,,,,,,,,,,,,,,,,,,,,,,,Lighting Fixture,Item Type,Lighting Fixture,,,,,,,,,,,,,,,,,,,,,,,,,,,,,,,,,,,,,,,,,,,,,,,,,,,,,,,,,,,,,,,,,,,,,,,,,,,,,,,,,,,,,,,,,,,,,,,,,,,,,,,,,,,,,,,,,,,,,,,,,,,,,,,,,,,,,,,,,,,,,,,,,,,,,,,,,,,,,,,,,,,,,,,,PHILIPS_603571.jpg,,,,,,,,,PHILIPS_603571_Specification_Sheet.pdf,,,,,,,,,,,,,,,,,,Yes
https://www.satco.com/product/65-572R1,,,,,,,Industrial Supplies,Equipment & Hardware,Tools & Parts,,65-572R1,65572 Satco 2x4 Led Flat Panel,,,,Satco Prod Inc (5573),Satco Products Inc,Satco®,,65-572R1,,Industrial Equipment,"Satco, 65-572R1, 2 in x 4 in, Industrial Grade, Commercial Quality",65572 SATCO 2X4 2INX4IN,Satco® 65-572R1 65572 2x4 Led Flat 2 in x 4 in,"Satco®, Model 65-572R1, 2 in x 4 in",65-572R1,"Satco®, Model 65-572R1, 2 in x 4 in",,,,,,,,,,,,,,,,,,,,,,,,,,Product,Dimensions,2 in x 4,in,,,,,,,,,,,,,,,,,,,,,,,,,,,,,,,,,,,,,,,,,,,,,,,,,,,,,,,,,,,,,,,,,,,,,,,,,,,,,,,,,,,,,,,,,,,,,,,,,,,,,,,,,,,,,,,,,,,,,,,,,,,,,,,,,,,,,,,,,,,,,,,,,,,,,,,,,,,,,,,,,,,,,,,SATCO_65-572R1.jpg,,,,,,,,,SATCO_65-572R1_Specification_Sheet.pdf,,,,,,,,,,,,,,,,,,Yes
https://www.kichler.com/product/52476AVI,,,,,,,Industrial Supplies,Equipment & Hardware,Lighting Fixture,,52476AVI,52476AVI Kichler Pendant Lt,,,,Kichler Lighting (KICLI),Kichler Lighting LLC,Kichler®,,52476AVI,,Lighting Fixture,"Kichler, Lighting Fixture, 52476AVI, Industrial Grade, Commercial Quality",LIGHTING FIXTURE,Kichler® 52476AVI Lighting Fixture,"Kichler®, Lighting Fixture, Model 52476AVI","Lighting Fixture, 52476AVI","Kichler®, Lighting Fixture, Model 52476AVI",,,,,,,,,,,,,,,,,,,,,,,,,,Lighting Fixture,Item Type,Lighting Fixture,,,,,,,,,,,,,,,,,,,,,,,,,,,,,,,,,,,,,,,,,,,,,,,,,,,,,,,,,,,,,,,,,,,,,,,,,,,,,,,,,,,,,,,,,,,,,,,,,,,,,,,,,,,,,,,,,,,,,,,,,,,,,,,,,,,,,,,,,,,,,,,,,,,,,,,,,,,,,,,,,,,,,,,,KICHLER_52476AVI.jpg,,,,,,,,,KICHLER_52476AVI_Specification_Sheet.pdf,,,,,,,,,,,,,,,,,,Yes
https://www.kichler.com/product/42199BK,,,,,,,Industrial Supplies,Equipment & Hardware,Lighting Fixture,,42199BK,42199BK Kichler Pendant Lt,,,,Kichler Lighting (KICLI),Kichler Lighting LLC,Kichler®,,42199BK,,Lighting Fixture,"Kichler, Lighting Fixture, 42199BK, Industrial Grade, Commercial Quality",LIGHTING FIXTURE,Kichler® 42199BK Lighting Fixture,"Kichler®, Lighting Fixture, Model 42199BK","Lighting Fixture, 42199BK","Kichler®, Lighting Fixture, Model 42199BK",,,,,,,,,,,,,,,,,,,,,,,,,,Lighting Fixture,Item Type,Lighting Fixture,,,,,,,,,,,,,,,,,,,,,,,,,,,,,,,,,,,,,,,,,,,,,,,,,,,,,,,,,,,,,,,,,,,,,,,,,,,,,,,,,,,,,,,,,,,,,,,,,,,,,,,,,,,,,,,,,,,,,,,,,,,,,,,,,,,,,,,,,,,,,,,,,,,,,,,,,,,,,,,,,,,,,,,,KICHLER_42199BK.jpg,,,,,,,,,KICHLER_42199BK_Specification_Sheet.pdf,,,,,,,,,,,,,,,,,,Yes
https://www.kichler.com/product/42199BKCS,,,,,,,Industrial Supplies,Equipment & Hardware,Lighting Fixture,,42199BKCS,42199BKCS Kichler Pendant Lt,,,,Kichler Lighting (KICLI),Kichler Lighting LLC,Kichler®,,42199BKCS,,Lighting Fixture,"Kichler, Lighting Fixture, 42199BKCS, Industrial Grade, Commercial Quality",LIGHTING FIXTURE,Kichler® 42199BKCS Lighting Fixture,"Kichler®, Lighting Fixture, Model 42199BKCS","Lighting Fixture, 42199BKCS","Kichler®, Lighting Fixture, Model 42199BKCS",,,,,,,,,,,,,,,,,,,,,,,,,,Lighting Fixture,Item Type,Lighting Fixture,,,,,,,,,,,,,,,,,,,,,,,,,,,,,,,,,,,,,,,,,,,,,,,,,,,,,,,,,,,,,,,,,,,,,,,,,,,,,,,,,,,,,,,,,,,,,,,,,,,,,,,,,,,,,,,,,,,,,,,,,,,,,,,,,,,,,,,,,,,,,,,,,,,,,,,,,,,,,,,,,,,,,,,,KICHLER_42199BKCS.jpg,,,,,,,,,KICHLER_42199BKCS_Specification_Sheet.pdf,,,,,,,,,,,,,,,,,,Yes
https://www.kichler.com/product/42200BK,,,,,,,Industrial Supplies,Equipment & Hardware,Lighting Fixture,,42200BK,42200BK Kichler Pendant Lt,,,,Kichler Lighting (KICLI),Kichler Lighting LLC,Kichler®,,42200BK,,Lighting Fixture,"Kichler, Lighting Fixture, 42200BK, Industrial Grade, Commercial Quality",LIGHTING FIXTURE,Kichler® 42200BK Lighting Fixture,"Kichler®, Lighting Fixture, Model 42200BK","Lighting Fixture, 42200BK","Kichler®, Lighting Fixture, Model 42200BK",,,,,,,,,,,,,,,,,,,,,,,,,,Lighting Fixture,Item Type,Lighting Fixture,,,,,,,,,,,,,,,,,,,,,,,,,,,,,,,,,,,,,,,,,,,,,,,,,,,,,,,,,,,,,,,,,,,,,,,,,,,,,,,,,,,,,,,,,,,,,,,,,,,,,,,,,,,,,,,,,,,,,,,,,,,,,,,,,,,,,,,,,,,,,,,,,,,,,,,,,,,,,,,,,,,,,,,,KICHLER_42200BK.jpg,,,,,,,,,KICHLER_42200BK_Specification_Sheet.pdf,,,,,,,,,,,,,,,,,,Yes
https://www.kichler.com/product/42200BKCS,,,,,,,Industrial Supplies,Equipment & Hardware,Lighting Fixture,,42200BKCS,42200BKCS Kichler Pendant Lt,,,,Kichler Lighting (KICLI),Kichler Lighting LLC,Kichler®,,42200BKCS,,Lighting Fixture,"Kichler, Lighting Fixture, 42200BKCS, Industrial Grade, Commercial Quality",LIGHTING FIXTURE,Kichler® 42200BKCS Lighting Fixture,"Kichler®, Lighting Fixture, Model 42200BKCS","Lighting Fixture, 42200BKCS","Kichler®, Lighting Fixture, Model 42200BKCS",,,,,,,,,,,,,,,,,,,,,,,,,,Lighting Fixture,Item Type,Lighting Fixture,,,,,,,,,,,,,,,,,,,,,,,,,,,,,,,,,,,,,,,,,,,,,,,,,,,,,,,,,,,,,,,,,,,,,,,,,,,,,,,,,,,,,,,,,,,,,,,,,,,,,,,,,,,,,,,,,,,,,,,,,,,,,,,,,,,,,,,,,,,,,,,,,,,,,,,,,,,,,,,,,,,,,,,,KICHLER_42200BKCS.jpg,,,,,,,,,KICHLER_42200BKCS_Specification_Sheet.pdf,,,,,,,,,,,,,,,,,,Yes
https://www.kichler.com/product/43851BK,,,,,,,Industrial Supplies,Equipment & Hardware,Lighting Fixture,,43851BK,43851BK Kichler Pendant Lt,,,,Kichler Lighting (KICLI),Kichler Lighting LLC,Kichler®,,43851BK,,Lighting Fixture,"Kichler, Lighting Fixture, 43851BK, Industrial Grade, Commercial Quality",LIGHTING FIXTURE,Kichler® 43851BK Lighting Fixture,"Kichler®, Lighting Fixture, Model 43851BK","Lighting Fixture, 43851BK","Kichler®, Lighting Fixture, Model 43851BK",,,,,,,,,,,,,,,,,,,,,,,,,,Lighting Fixture,Item Type,Lighting Fixture,,,,,,,,,,,,,,,,,,,,,,,,,,,,,,,,,,,,,,,,,,,,,,,,,,,,,,,,,,,,,,,,,,,,,,,,,,,,,,,,,,,,,,,,,,,,,,,,,,,,,,,,,,,,,,,,,,,,,,,,,,,,,,,,,,,,,,,,,,,,,,,,,,,,,,,,,,,,,,,,,,,,,,,,KICHLER_43851BK.jpg,,,,,,,,,KICHLER_43851BK_Specification_Sheet.pdf,,,,,,,,,,,,,,,,,,Yes
https://www.kichler.com/product/43852BK,,,,,,,Industrial Supplies,Equipment & Hardware,Lighting Fixture,,43852BK,43852BK Kichler Pendant Lt,,,,Kichler Lighting (KICLI),Kichler Lighting LLC,Kichler®,,43852BK,,Lighting Fixture,"Kichler, Lighting Fixture, 43852BK, Industrial Grade, Commercial Quality",LIGHTING FIXTURE,Kichler® 43852BK Lighting Fixture,"Kichler®, Lighting Fixture, Model 43852BK","Lighting Fixture, 43852BK","Kichler®, Lighting Fixture, Model 43852BK",,,,,,,,,,,,,,,,,,,,,,,,,,Lighting Fixture,Item Type,Lighting Fixture,,,,,,,,,,,,,,,,,,,,,,,,,,,,,,,,,,,,,,,,,,,,,,,,,,,,,,,,,,,,,,,,,,,,,,,,,,,,,,,,,,,,,,,,,,,,,,,,,,,,,,,,,,,,,,,,,,,,,,,,,,,,,,,,,,,,,,,,,,,,,,,,,,,,,,,,,,,,,,,,,,,,,,,,KICHLER_43852BK.jpg,,,,,,,,,KICHLER_43852BK_Specification_Sheet.pdf,,,,,,,,,,,,,,,,,,Yes
https://www.kichler.com/product/43853BK,,,,,,,Industrial Supplies,Equipment & Hardware,Lighting Fixture,,43853BK,43853BK Kichler Pendant Lt,,,,Kichler Lighting (KICLI),Kichler Lighting LLC,Kichler®,,43853BK,,Lighting Fixture,"Kichler, Lighting Fixture, 43853BK, Industrial Grade, Commercial Quality",LIGHTING FIXTURE,Kichler® 43853BK Lighting Fixture,"Kichler®, Lighting Fixture, Model 43853BK","Lighting Fixture, 43853BK","Kichler®, Lighting Fixture, Model 43853BK",,,,,,,,,,,,,,,,,,,,,,,,,,Lighting Fixture,Item Type,Lighting Fixture,,,,,,,,,,,,,,,,,,,,,,,,,,,,,,,,,,,,,,,,,,,,,,,,,,,,,,,,,,,,,,,,,,,,,,,,,,,,,,,,,,,,,,,,,,,,,,,,,,,,,,,,,,,,,,,,,,,,,,,,,,,,,,,,,,,,,,,,,,,,,,,,,,,,,,,,,,,,,,,,,,,,,,,,KICHLER_43853BK.jpg,,,,,,,,,KICHLER_43853BK_Specification_Sheet.pdf,,,,,,,,,,,,,,,,,,Yes
https://www.kichler.com/product/43905BK,,,,,,,Industrial Supplies,Equipment & Hardware,Lighting Fixture,,43905BK,43905BK Kichler Pendant Lt,,,,Kichler Lighting (KICLI),Kichler Lighting LLC,Kichler®,,43905BK,,Lighting Fixture,"Kichler, Lighting Fixture, 43905BK, Industrial Grade, Commercial Quality",LIGHTING FIXTURE,Kichler® 43905BK Lighting Fixture,"Kichler®, Lighting Fixture, Model 43905BK","Lighting Fixture, 43905BK","Kichler®, Lighting Fixture, Model 43905BK",,,,,,,,,,,,,,,,,,,,,,,,,,Lighting Fixture,Item Type,Lighting Fixture,,,,,,,,,,,,,,,,,,,,,,,,,,,,,,,,,,,,,,,,,,,,,,,,,,,,,,,,,,,,,,,,,,,,,,,,,,,,,,,,,,,,,,,,,,,,,,,,,,,,,,,,,,,,,,,,,,,,,,,,,,,,,,,,,,,,,,,,,,,,,,,,,,,,,,,,,,,,,,,,,,,,,,,,KICHLER_43905BK.jpg,,,,,,,,,KICHLER_43905BK_Specification_Sheet.pdf,,,,,,,,,,,,,,,,,,Yes
https://www.kichler.com/product/43911BK,,,,,,,Industrial Supplies,Equipment & Hardware,Lighting Fixture,,43911BK,43911BK Kichler Pendant Lt,,,,Kichler Lighting (KICLI),Kichler Lighting LLC,Kichler®,,43911BK,,Lighting Fixture,"Kichler, Lighting Fixture, 43911BK, Industrial Grade, Commercial Quality",LIGHTING FIXTURE,Kichler® 43911BK Lighting Fixture,"Kichler®, Lighting Fixture, Model 43911BK","Lighting Fixture, 43911BK","Kichler®, Lighting Fixture, Model 43911BK",,,,,,,,,,,,,,,,,,,,,,,,,,Lighting Fixture,Item Type,Lighting Fixture,,,,,,,,,,,,,,,,,,,,,,,,,,,,,,,,,,,,,,,,,,,,,,,,,,,,,,,,,,,,,,,,,,,,,,,,,,,,,,,,,,,,,,,,,,,,,,,,,,,,,,,,,,,,,,,,,,,,,,,,,,,,,,,,,,,,,,,,,,,,,,,,,,,,,,,,,,,,,,,,,,,,,,,,KICHLER_43911BK.jpg,,,,,,,,,KICHLER_43911BK_Specification_Sheet.pdf,,,,,,,,,,,,,,,,,,Yes
https://www.kichler.com/product/52529BK,,,,,,,Industrial Supplies,Equipment & Hardware,Lighting Fixture,,52529BK,52529BK Kichler Pendant Light,,,,Kichler Lighting (KICLI),Kichler Lighting LLC,Kichler®,,52529BK,,Lighting Fixture,"Kichler, Lighting Fixture, 52529BK, Industrial Grade, Commercial Quality",LIGHTING FIXTURE,Kichler® 52529BK Lighting Fixture,"Kichler®, Lighting Fixture, Model 52529BK","Lighting Fixture, 52529BK","Kichler®, Lighting Fixture, Model 52529BK",,,,,,,,,,,,,,,,,,,,,,,,,,Lighting Fixture,Item Type,Lighting Fixture,,,,,,,,,,,,,,,,,,,,,,,,,,,,,,,,,,,,,,,,,,,,,,,,,,,,,,,,,,,,,,,,,,,,,,,,,,,,,,,,,,,,,,,,,,,,,,,,,,,,,,,,,,,,,,,,,,,,,,,,,,,,,,,,,,,,,,,,,,,,,,,,,,,,,,,,,,,,,,,,,,,,,,,,KICHLER_52529BK.jpg,,,,,,,,,KICHLER_52529BK_Specification_Sheet.pdf,,,,,,,,,,,,,,,,,,Yes
https://www.kichler.com/product/52662BKCLR,,,,,,,Industrial Supplies,Equipment & Hardware,Lighting Fixture,,52662BKCLR,52662BKCLR Kichler Pendant Lt,,,,Kichler Lighting (KICLI),Kichler Lighting LLC,Kichler®,,52662BKCLR,,Lighting Fixture,"Kichler, Lighting Fixture, 52662BKCLR, Industrial Grade, Commercial Quality",LIGHTING FIXTURE,Kichler® 52662BKCLR Lighting Fixture,"Kichler®, Lighting Fixture, Model 52662BKCLR","Lighting Fixture, 52662BKCLR","Kichler®, Lighting Fixture, Model 52662BKCLR",,,,,,,,,,,,,,,,,,,,,,,,,,Lighting Fixture,Item Type,Lighting Fixture,,,,,,,,,,,,,,,,,,,,,,,,,,,,,,,,,,,,,,,,,,,,,,,,,,,,,,,,,,,,,,,,,,,,,,,,,,,,,,,,,,,,,,,,,,,,,,,,,,,,,,,,,,,,,,,,,,,,,,,,,,,,,,,,,,,,,,,,,,,,,,,,,,,,,,,,,,,,,,,,,,,,,,,,KICHLER_52662BKCLR.jpg,,,,,,,,,KICHLER_52662BKCLR_Specification_Sheet.pdf,,,,,,,,,,,,,,,,,,Yes
https://www.kichler.com/product/52734CPZ,,,,,,,Industrial Supplies,Equipment & Hardware,Lighting Fixture,,52734CPZ,52734CPZ Kichler Pendant Light,,,,Kichler Lighting (KICLI),Kichler Lighting LLC,Kichler®,,52734CPZ,,Lighting Fixture,"Kichler, Lighting Fixture, 52734CPZ, Industrial Grade, Commercial Quality",LIGHTING FIXTURE,Kichler® 52734CPZ Lighting Fixture,"Kichler®, Lighting Fixture, Model 52734CPZ","Lighting Fixture, 52734CPZ","Kichler®, Lighting Fixture, Model 52734CPZ",,,,,,,,,,,,,,,,,,,,,,,,,,Lighting Fixture,Item Type,Lighting Fixture,,,,,,,,,,,,,,,,,,,,,,,,,,,,,,,,,,,,,,,,,,,,,,,,,,,,,,,,,,,,,,,,,,,,,,,,,,,,,,,,,,,,,,,,,,,,,,,,,,,,,,,,,,,,,,,,,,,,,,,,,,,,,,,,,,,,,,,,,,,,,,,,,,,,,,,,,,,,,,,,,,,,,,,,KICHLER_52734CPZ.jpg,,,,,,,,,KICHLER_52734CPZ_Specification_Sheet.pdf,,,,,,,,,,,,,,,,,,Yes
https://www.kichler.com/product/82400,,,,,,,Industrial Supplies,Equipment & Hardware,Lighting Fixture,,82400,82400 Kichler Pendant Lt,,,,Kichler Lighting (KICLI),Kichler Lighting LLC,Kichler®,,82400,,Lighting Fixture,"Kichler, Lighting Fixture, 82400, Industrial Grade, Commercial Quality",LIGHTING FIXTURE,Kichler® 82400 Lighting Fixture,"Kichler®, Lighting Fixture, Model 82400","Lighting Fixture, 82400","Kichler®, Lighting Fixture, Model 82400",,,,,,,,,,,,,,,,,,,,,,,,,,Lighting Fixture,Item Type,Lighting Fixture,,,,,,,,,,,,,,,,,,,,,,,,,,,,,,,,,,,,,,,,,,,,,,,,,,,,,,,,,,,,,,,,,,,,,,,,,,,,,,,,,,,,,,,,,,,,,,,,,,,,,,,,,,,,,,,,,,,,,,,,,,,,,,,,,,,,,,,,,,,,,,,,,,,,,,,,,,,,,,,,,,,,,,,,KICHLER_82400.jpg,,,,,,,,,KICHLER_82400_Specification_Sheet.pdf,,,,,,,,,,,,,,,,,,Yes
https://www.satco.com/product/S11606,,,,,,,Industrial Supplies,Equipment & Hardware,Tools & Parts,,S11606,"S11606 8"" Round Down Lt 30K",,,,Satco Prod Inc (5573),Satco Products Inc,Satco®,,S11606,,Industrial Equipment,"Satco, S11606, Industrial Grade, Commercial Quality, Professional Performance",8 IN ROUND,Satco® S11606 8 in Round Down,"Satco®, Model S11606",S11606,"Satco®, Model S11606",,,,,,,,,,,,,,,,,,,,,,,,,,Product,,,,,,,,,,,,,,,,,,,,,,,,,,,,,,,,,,,,,,,,,,,,,,,,,,,,,,,,,,,,,,,,,,,,,,,,,,,,,,,,,,,,,,,,,,,,,,,,,,,,,,,,,,,,,,,,,,,,,,,,,,,,,,,,,,,,,,,,,,,,,,,,,,,,,,,,,,,,,,,,,,,,,,,,,,SATCO_S11606.jpg,,,,,,,,,SATCO_S11606_Specification_Sheet.pdf,,,,,,,,,,,,,,,,,,Yes
https://www.satco.com/product/S11828,,,,,,,Industrial Supplies,Equipment & Hardware,Tools & Parts,,S11828,"S11828 8"" Led Down Light",,,,Satco Prod Inc (5573),Satco Products Inc,Satco®,,S11828,,Industrial Equipment,"Satco, S11828, Industrial Grade, Commercial Quality, Professional Performance",8 IN LED,Satco® S11828 8 in Led Down,"Satco®, Model S11828",S11828,"Satco®, Model S11828",,,,,,,,,,,,,,,,,,,,,,,,,,Product,,,,,,,,,,,,,,,,,,,,,,,,,,,,,,,,,,,,,,,,,,,,,,,,,,,,,,,,,,,,,,,,,,,,,,,,,,,,,,,,,,,,,,,,,,,,,,,,,,,,,,,,,,,,,,,,,,,,,,,,,,,,,,,,,,,,,,,,,,,,,,,,,,,,,,,,,,,,,,,,,,,,,,,,,,SATCO_S11828.jpg,,,,,,,,,SATCO_S11828_Specification_Sheet.pdf,,,,,,,,,,,,,,,,,,Yes
https://www.philips.com/product/801274,,,,,,,Industrial Supplies,Equipment & Hardware,Tools & Parts,,801274,"801274 10w LED 6"" Retro 50k",,,Philips,Phillips Lighting (5831),Signify North America Corp,Philips®,,801274,,Industrial Equipment,"Philips, 801274, 10 W, Industrial Grade, Commercial Quality, Heavy Duty",10 W LED 10W,Philips® 801274 10 W LED 6,"Philips®, Model 801274, 10 W",801274,"Philips®, Model 801274, 10 W",,,,,,,,,,,,,,,,,,,,,,,,,,Product,Wattage,10,W,,,,,,,,,,,,,,,,,,,,,,,,,,,,,,,,,,,,,,,,,,,,,,,,,,,,,,,,,,,,,,,,,,,,,,,,,,,,,,,,,,,,,,,,,,,,,,,,,,,,,,,,,,,,,,,,,,,,,,,,,,,,,,,,,,,,,,,,,,,,,,,,,,,,,,,,,,,,,,,,,,,,,,,PHILIPS_801274.jpg,,,,,,,,,PHILIPS_801274_Specification_Sheet.pdf,,,,,,,,,,,,,,,,,,Yes
https://www.satco.com/product/S11860,,,,,,,Industrial Supplies,Equipment & Hardware,Lighting Fixture,,S11860,"S11860 6"" Downlight White 5 CCT",,,,Satco Prod Inc (5573),Satco Products Inc,Satco®,,S11860,,Lighting Fixture,"Satco, Lighting Fixture, S11860, White, Industrial Grade, Commercial Quality",LIGHTING FIXTURE,Satco® S11860 Lighting Fixture White,"Satco®, Lighting Fixture, Model S11860, White","Lighting Fixture, S11860","Satco®, Lighting Fixture, Model S11860, White",,,,,,,,,,,,,,,,,,,,,,,,,,Lighting Fixture,Item Type,Lighting Fixture,,Finish Color,White,,,,,,,,,,,,,,,,,,,,,,,,,,,,,,,,,,,,,,,,,,,,,,,,,,,,,,,,,,,,,,,,,,,,,,,,,,,,,,,,,,,,,,,,,,,,,,,,,,,,,,,,,,,,,,,,,,,,,,,,,,,,,,,,,,,,,,,,,,,,,,,,,,,,,,,,,,,,,,,,,,,,,SATCO_S11860.jpg,,,,,,,,,SATCO_S11860_Specification_Sheet.pdf,,,,,,,,,,,,,,,,,,Yes
https://www.satco.com/product/S11562,,,,,,,Industrial Supplies,Equipment & Hardware,Lighting Fixture,,S11562,"S11562 Starfish 6"" D/W Downlight",,,,Satco Prod Inc (5573),Satco Products Inc,Satco®,Starfish,S11562,,Lighting Fixture,"Satco, Lighting Fixture, Starfish, S11562, Industrial Grade, Commercial Quality",LIGHTING FIXTURE,Satco® Starfish S11562 Lighting Fixture,"Satco®, Starfish, Lighting Fixture, Model S11562","Starfish Lighting Fixture, S11562","Satco®, Starfish, Lighting Fixture, Model S11562",,,,,,,,,,,,,,,,,,,,,,,,,,Lighting Fixture,Item Type,Lighting Fixture,,Series,Starfish,,,,,,,,,,,,,,,,,,,,,,,,,,,,,,,,,,,,,,,,,,,,,,,,,,,,,,,,,,,,,,,,,,,,,,,,,,,,,,,,,,,,,,,,,,,,,,,,,,,,,,,,,,,,,,,,,,,,,,,,,,,,,,,,,,,,,,,,,,,,,,,,,,,,,,,,,,,,,,,,,,,,,SATCO_S11562.jpg,,,,,,,,,SATCO_S11562_Specification_Sheet.pdf,,,,,,,,,,,,,,,,,,Yes
https://www.satco.com/product/S11646,,,,,,,Industrial Supplies,Equipment & Hardware,Lighting Fixture,,S11646,"S11646 6"" Downlight Wh",,,,Satco Prod Inc (5573),Satco Products Inc,Satco®,,S11646,,Lighting Fixture,"Satco, Lighting Fixture, S11646, White, Industrial Grade, Commercial Quality",LIGHTING FIXTURE,Satco® S11646 Lighting Fixture White,"Satco®, Lighting Fixture, Model S11646, White","Lighting Fixture, S11646","Satco®, Lighting Fixture, Model S11646, White",,,,,,,,,,,,,,,,,,,,,,,,,,Lighting Fixture,Item Type,Lighting Fixture,,Finish Color,White,,,,,,,,,,,,,,,,,,,,,,,,,,,,,,,,,,,,,,,,,,,,,,,,,,,,,,,,,,,,,,,,,,,,,,,,,,,,,,,,,,,,,,,,,,,,,,,,,,,,,,,,,,,,,,,,,,,,,,,,,,,,,,,,,,,,,,,,,,,,,,,,,,,,,,,,,,,,,,,,,,,,,SATCO_S11646.jpg,,,,,,,,,SATCO_S11646_Specification_Sheet.pdf,,,,,,,,,,,,,,,,,,Yes
https://www.satco.com/product/S11801R1,,,,,,,Industrial Supplies,Equipment & Hardware,Lighting Fixture,,S11801R1,"S11801R1 6"" Led Downlight Wh",,,,Satco Prod Inc (5573),Satco Products Inc,Satco®,,S11801R1,,Lighting Fixture,"Satco, Lighting Fixture, S11801R1, White, Industrial Grade, Commercial Quality",LIGHTING FIXTURE,Satco® S11801R1 Lighting Fixture White,"Satco®, Lighting Fixture, Model S11801R1, White","Lighting Fixture, S11801R1","Satco®, Lighting Fixture, Model S11801R1, White",,,,,,,,,,,,,,,,,,,,,,,,,,Lighting Fixture,Item Type,Lighting Fixture,,Finish Color,White,,,,,,,,,,,,,,,,,,,,,,,,,,,,,,,,,,,,,,,,,,,,,,,,,,,,,,,,,,,,,,,,,,,,,,,,,,,,,,,,,,,,,,,,,,,,,,,,,,,,,,,,,,,,,,,,,,,,,,,,,,,,,,,,,,,,,,,,,,,,,,,,,,,,,,,,,,,,,,,,,,,,,SATCO_S11801R1.jpg,,,,,,,,,SATCO_S11801R1_Specification_Sheet.pdf,,,,,,,,,,,,,,,,,,Yes
https://www.satco.com/product/S11848,,,,,,,Industrial Supplies,Equipment & Hardware,Tools & Parts,,S11848,"S11848 10"" Down Light Wh",,,,Satco Prod Inc (5573),Satco Products Inc,Satco®,,S11848,,Industrial Equipment,"Satco, S11848, White, Industrial Grade, Commercial Quality, Heavy Duty",10 IN DOWN,Satco® S11848 10 in Down Light White,"Satco®, Model S11848, White",S11848,"Satco®, Model S11848, White",,,,,,,,,,,,,,,,,,,,,,,,,,Product,Finish Color,White,,,,,,,,,,,,,,,,,,,,,,,,,,,,,,,,,,,,,,,,,,,,,,,,,,,,,,,,,,,,,,,,,,,,,,,,,,,,,,,,,,,,,,,,,,,,,,,,,,,,,,,,,,,,,,,,,,,,,,,,,,,,,,,,,,,,,,,,,,,,,,,,,,,,,,,,,,,,,,,,,,,,,,,,SATCO_S11848.jpg,,,,,,,,,SATCO_S11848_Specification_Sheet.pdf,,,,,,,,,,,,,,,,,,Yes
https://www.satco.com/product/S11849,,,,,,,Industrial Supplies,Equipment & Hardware,Tools & Parts,,S11849,"S11849 12"" Down Light Wh",,,,Satco Prod Inc (5573),Satco Products Inc,Satco®,,S11849,,Industrial Equipment,"Satco, S11849, White, Industrial Grade, Commercial Quality, Heavy Duty",12 IN DOWN,Satco® S11849 12 in Down Light White,"Satco®, Model S11849, White",S11849,"Satco®, Model S11849, White",,,,,,,,,,,,,,,,,,,,,,,,,,Product,Finish Color,White,,,,,,,,,,,,,,,,,,,,,,,,,,,,,,,,,,,,,,,,,,,,,,,,,,,,,,,,,,,,,,,,,,,,,,,,,,,,,,,,,,,,,,,,,,,,,,,,,,,,,,,,,,,,,,,,,,,,,,,,,,,,,,,,,,,,,,,,,,,,,,,,,,,,,,,,,,,,,,,,,,,,,,,,SATCO_S11849.jpg,,,,,,,,,SATCO_S11849_Specification_Sheet.pdf,,,,,,,,,,,,,,,,,,Yes
https://www.cooperlighting.com/product/HLBSL609FS5,,,,,,,Industrial Supplies,Equipment & Hardware,Tools & Parts,,HLBSL609FS5,"HLBSL609FS5 6"" Down Light",,,,Cooper Lighting (7638),Cooper Lighting LLC,Cooper Lighting®,,HLBSL609FS5,,Industrial Equipment,"Cooper Lighting, HLBSL609FS5, Industrial Grade, Commercial Quality",6 IN DOWN,Cooper Lighting® HLBSL609FS5 6 Down,"Cooper Lighting®, Model HLBSL609FS5",HLBSL609FS5,"Cooper Lighting®, Model HLBSL609FS5",,,,,,,,,,,,,,,,,,,,,,,,,,Product,,,,,,,,,,,,,,,,,,,,,,,,,,,,,,,,,,,,,,,,,,,,,,,,,,,,,,,,,,,,,,,,,,,,,,,,,,,,,,,,,,,,,,,,,,,,,,,,,,,,,,,,,,,,,,,,,,,,,,,,,,,,,,,,,,,,,,,,,,,,,,,,,,,,,,,,,,,,,,,,,,,,,,,,,,COOPER_LIGHTING_HLBSL609FS5.jpg,,,,,,,,,COOPER_LIGHTING_HLBSL609FS5_Specification_Sheet.pdf,,,,,,,,,,,,,,,,,,Yes
https://www.lithonialighting.com/product/WF4REGSWW590CRIMW,,,,,,,Industrial Supplies,Equipment & Hardware,Tools & Parts,,WF4REGSWW590CRIMW,"WF4REGSWW590CRIMW 4"" Down Light",,,,Lithonia Lighting (2776),Lithonia Lighting Inc,Lithonia Lighting®,,WF4REGSWW590CRIMW,,Industrial Equipment,"Lithonia Lighting, WF4REGSWW590CRIMW, Industrial Grade, Commercial Quality",4 IN DOWN,Lithonia Lighting® WF4REGSWW590CRIMW 4 Down,"Lithonia Lighting®, Model WF4REGSWW590CRIMW",WF4REGSWW590CRIMW,"Lithonia Lighting®, Model WF4REGSWW590CRIMW",,,,,,,,,,,,,,,,,,,,,,,,,,Product,,,,,,,,,,,,,,,,,,,,,,,,,,,,,,,,,,,,,,,,,,,,,,,,,,,,,,,,,,,,,,,,,,,,,,,,,,,,,,,,,,,,,,,,,,,,,,,,,,,,,,,,,,,,,,,,,,,,,,,,,,,,,,,,,,,,,,,,,,,,,,,,,,,,,,,,,,,,,,,,,,,,,,,,,,LITHONIA_LIGHTING_WF4REGSWW590CRIMW.jpg,,,,,,,,,LITHONIA_LIGHTING_WF4REGSWW590CRIMW_Specification_Sheet.pdf,,,,,,,,,,,,,,,,,,Yes
https://www.kichler.com/product/43849WH5CCT,,,,,,,Industrial Supplies,Equipment & Hardware,Lighting Fixture,,43849WH5CCT,43849WH5CCT Kichler Ceiling Lt,,,,Kichler Lighting (KICLI),Kichler Lighting LLC,Kichler®,,43849WH5CCT,,Lighting Fixture,"Kichler, Lighting Fixture, 43849WH5CCT, Industrial Grade, Commercial Quality",LIGHTING FIXTURE,Kichler® 43849WH5CCT Lighting Fixture,"Kichler®, Lighting Fixture, Model 43849WH5CCT","Lighting Fixture, 43849WH5CCT","Kichler®, Lighting Fixture, Model 43849WH5CCT",,,,,,,,,,,,,,,,,,,,,,,,,,Lighting Fixture,Item Type,Lighting Fixture,,,,,,,,,,,,,,,,,,,,,,,,,,,,,,,,,,,,,,,,,,,,,,,,,,,,,,,,,,,,,,,,,,,,,,,,,,,,,,,,,,,,,,,,,,,,,,,,,,,,,,,,,,,,,,,,,,,,,,,,,,,,,,,,,,,,,,,,,,,,,,,,,,,,,,,,,,,,,,,,,,,,,,,,KICHLER_43849WH5CCT.jpg,,,,,,,,,KICHLER_43849WH5CCT_Specification_Sheet.pdf,,,,,,,,,,,,,,,,,,Yes
https://www.satco.com/product/62-1777,,,,,,,Industrial Supplies,Equipment & Hardware,Lighting Fixture,,62-1777,"62-1777 15"" Ceiling Lt Wh",,,,Satco Prod Inc (5573),Satco Products Inc,Satco®,,62-1777,,Lighting Fixture,"Satco, Lighting Fixture, 62-1777, White, Industrial Grade, Commercial Quality",LIGHTING FIXTURE,Satco® 62-1777 Lighting Fixture White,"Satco®, Lighting Fixture, Model 62-1777, White","Lighting Fixture, 62-1777","Satco®, Lighting Fixture, Model 62-1777, White",,,,,,,,,,,,,,,,,,,,,,,,,,Lighting Fixture,Item Type,Lighting Fixture,,Finish Color,White,,,,,,,,,,,,,,,,,,,,,,,,,,,,,,,,,,,,,,,,,,,,,,,,,,,,,,,,,,,,,,,,,,,,,,,,,,,,,,,,,,,,,,,,,,,,,,,,,,,,,,,,,,,,,,,,,,,,,,,,,,,,,,,,,,,,,,,,,,,,,,,,,,,,,,,,,,,,,,,,,,,,,SATCO_62-1777.jpg,,,,,,,,,SATCO_62-1777_Specification_Sheet.pdf,,,,,,,,,,,,,,,,,,Yes
https://www.satco.com/product/62-1778,,,,,,,Industrial Supplies,Equipment & Hardware,Lighting Fixture,,62-1778,"62-1778 19"" Ceiling Lt Wh",,,,Satco Prod Inc (5573),Satco Products Inc,Satco®,,62-1778,,Lighting Fixture,"Satco, Lighting Fixture, 62-1778, White, Industrial Grade, Commercial Quality",LIGHTING FIXTURE,Satco® 62-1778 Lighting Fixture White,"Satco®, Lighting Fixture, Model 62-1778, White","Lighting Fixture, 62-1778","Satco®, Lighting Fixture, Model 62-1778, White",,,,,,,,,,,,,,,,,,,,,,,,,,Lighting Fixture,Item Type,Lighting Fixture,,Finish Color,White,,,,,,,,,,,,,,,,,,,,,,,,,,,,,,,,,,,,,,,,,,,,,,,,,,,,,,,,,,,,,,,,,,,,,,,,,,,,,,,,,,,,,,,,,,,,,,,,,,,,,,,,,,,,,,,,,,,,,,,,,,,,,,,,,,,,,,,,,,,,,,,,,,,,,,,,,,,,,,,,,,,,,SATCO_62-1778.jpg,,,,,,,,,SATCO_62-1778_Specification_Sheet.pdf,,,,,,,,,,,,,,,,,,Yes
https://www.satco.com/product/62-1784,,,,,,,Industrial Supplies,Equipment & Hardware,Lighting Fixture,,62-1784,62-1784 24x24 Led Ceiling Lt,,,,Satco Prod Inc (5573),Satco Products Inc,Satco®,,62-1784,,Lighting Fixture,"Satco, Lighting Fixture, 62-1784, 24 in x 24 in, Industrial Grade",LIGHTING FIXTURE 24INX24IN,Satco® 62-1784 Lighting Fixture 24 in x 24 in,"Satco®, Lighting Fixture, Model 62-1784, 24 in x 24 in","Lighting Fixture, 62-1784","Satco®, Lighting Fixture, Model 62-1784, 24 in x 24 in",,,,,,,,,,,,,,,,,,,,,,,,,,Lighting Fixture,Item Type,Lighting Fixture,,Dimensions,24 in x 24,in,,,,,,,,,,,,,,,,,,,,,,,,,,,,,,,,,,,,,,,,,,,,,,,,,,,,,,,,,,,,,,,,,,,,,,,,,,,,,,,,,,,,,,,,,,,,,,,,,,,,,,,,,,,,,,,,,,,,,,,,,,,,,,,,,,,,,,,,,,,,,,,,,,,,,,,,,,,,,,,,,,,,SATCO_62-1784.jpg,,,,,,,,,SATCO_62-1784_Specification_Sheet.pdf,,,,,,,,,,,,,,,,,,Yes
https://www.satco.com/product/62-1787,,,,,,,Industrial Supplies,Equipment & Hardware,Lighting Fixture,,62-1787,"62-1787 15"" Ceiling Lt Bk",,,,Satco Prod Inc (5573),Satco Products Inc,Satco®,,62-1787,,Lighting Fixture,"Satco, Lighting Fixture, 62-1787, Black, Industrial Grade, Commercial Quality",LIGHTING FIXTURE,Satco® 62-1787 Lighting Fixture Black,"Satco®, Lighting Fixture, Model 62-1787, Black","Lighting Fixture, 62-1787","Satco®, Lighting Fixture, Model 62-1787, Black",,,,,,,,,,,,,,,,,,,,,,,,,,Lighting Fixture,Item Type,Lighting Fixture,,Finish Color,Black,,,,,,,,,,,,,,,,,,,,,,,,,,,,,,,,,,,,,,,,,,,,,,,,,,,,,,,,,,,,,,,,,,,,,,,,,,,,,,,,,,,,,,,,,,,,,,,,,,,,,,,,,,,,,,,,,,,,,,,,,,,,,,,,,,,,,,,,,,,,,,,,,,,,,,,,,,,,,,,,,,,,,SATCO_62-1787.jpg,,,,,,,,,SATCO_62-1787_Specification_Sheet.pdf,,,,,,,,,,,,,,,,,,Yes
https://www.satco.com/product/62-1788,,,,,,,Industrial Supplies,Equipment & Hardware,Lighting Fixture,,62-1788,"62-1788 19"" Ceiling Lt Bk",,,,Satco Prod Inc (5573),Satco Products Inc,Satco®,,62-1788,,Lighting Fixture,"Satco, Lighting Fixture, 62-1788, Black, Industrial Grade, Commercial Quality",LIGHTING FIXTURE,Satco® 62-1788 Lighting Fixture Black,"Satco®, Lighting Fixture, Model 62-1788, Black","Lighting Fixture, 62-1788","Satco®, Lighting Fixture, Model 62-1788, Black",,,,,,,,,,,,,,,,,,,,,,,,,,Lighting Fixture,Item Type,Lighting Fixture,,Finish Color,Black,,,,,,,,,,,,,,,,,,,,,,,,,,,,,,,,,,,,,,,,,,,,,,,,,,,,,,,,,,,,,,,,,,,,,,,,,,,,,,,,,,,,,,,,,,,,,,,,,,,,,,,,,,,,,,,,,,,,,,,,,,,,,,,,,,,,,,,,,,,,,,,,,,,,,,,,,,,,,,,,,,,,,SATCO_62-1788.jpg,,,,,,,,,SATCO_62-1788_Specification_Sheet.pdf,,,,,,,,,,,,,,,,,,Yes
https://www.feitelectric.com/product/SHOP/4X2/840/V1,,,,,,,Industrial Supplies,Equipment & Hardware,Tools & Parts,,SHOP/4X2/840/V1,4' Feit Shop Light 4500L 40k,,,Feit Electric,Feit Electric (3468),Feit Electric Company,Feit Electric®,,SHOP/4X2/840/V1,,Industrial Equipment,"Feit Electric, SHOP/4X2/840/V1, Industrial Grade, Commercial Quality",4 FT FEIT,Feit Electric® SHOP/4X2/840/V1 4 ft Shop Light,"Feit Electric®, Model SHOP/4X2/840/V1, 4500 lm",SHOP/4X2/840/V1,"Feit Electric®, Model SHOP/4X2/840/V1, 4500 lm",,,,,,,,,,,,,,,,,,,,,,,,,,Product,Luminous Flux,4500,lm,,,,,,,,,,,,,,,,,,,,,,,,,,,,,,,,,,,,,,,,,,,,,,,,,,,,,,,,,,,,,,,,,,,,,,,,,,,,,,,,,,,,,,,,,,,,,,,,,,,,,,,,,,,,,,,,,,,,,,,,,,,,,,,,,,,,,,,,,,,,,,,,,,,,,,,,,,,,,,,,,,,,,,,FEIT_ELECTRIC_SHOP/4X2/840/V1.jpg,,,,,,,,,FEIT_ELECTRIC_SHOP/4X2/840/V1_Specification_Sheet.pdf,,,,,,,,,,,,,,,,,,Yes
https://www.kichler.com/product/45495BKCLR,,,,,,,Industrial Supplies,Equipment & Hardware,Lighting Fixture,,45495BKCLR,45495BKCLR Kichler Wall Lt,,,,Kichler Lighting (KICLI),Kichler Lighting LLC,Kichler®,,45495BKCLR,,Lighting Fixture,"Kichler, Lighting Fixture, 45495BKCLR, Industrial Grade, Commercial Quality",LIGHTING FIXTURE,Kichler® 45495BKCLR Lighting Fixture,"Kichler®, Lighting Fixture, Model 45495BKCLR","Lighting Fixture, 45495BKCLR","Kichler®, Lighting Fixture, Model 45495BKCLR",,,,,,,,,,,,,,,,,,,,,,,,,,Lighting Fixture,Item Type,Lighting Fixture,,,,,,,,,,,,,,,,,,,,,,,,,,,,,,,,,,,,,,,,,,,,,,,,,,,,,,,,,,,,,,,,,,,,,,,,,,,,,,,,,,,,,,,,,,,,,,,,,,,,,,,,,,,,,,,,,,,,,,,,,,,,,,,,,,,,,,,,,,,,,,,,,,,,,,,,,,,,,,,,,,,,,,,,KICHLER_45495BKCLR.jpg,,,,,,,,,KICHLER_45495BKCLR_Specification_Sheet.pdf,,,,,,,,,,,,,,,,,,Yes
https://www.kichler.com/product/55209NI,,,,,,,Industrial Supplies,Equipment & Hardware,Tools & Parts,,55209NI,55209NI Kichler Wall Sconce,,,,Kichler Lighting (KICLI),Kichler Lighting LLC,Kichler®,,55209NI,,Industrial Equipment,"Kichler, 55209NI, Industrial Grade, Commercial Quality, Professional Performance",KICHLER WALL SCONCE,Kichler® 55209NI Wall Sconce,"Kichler®, Model 55209NI",55209NI,"Kichler®, Model 55209NI",,,,,,,,,,,,,,,,,,,,,,,,,,Product,,,,,,,,,,,,,,,,,,,,,,,,,,,,,,,,,,,,,,,,,,,,,,,,,,,,,,,,,,,,,,,,,,,,,,,,,,,,,,,,,,,,,,,,,,,,,,,,,,,,,,,,,,,,,,,,,,,,,,,,,,,,,,,,,,,,,,,,,,,,,,,,,,,,,,,,,,,,,,,,,,,,,,,,,,KICHLER_55209NI.jpg,,,,,,,,,KICHLER_55209NI_Specification_Sheet.pdf,,,,,,,,,,,,,,,,,,Yes
https://www.satco.com/product/65-1210,,,,,,,Industrial Supplies,Equipment & Hardware,Tools & Parts,,65-1210,65-1210 2' LED Wrap Lt,,,,Satco Prod Inc (5573),Satco Products Inc,Satco®,,65-1210,,Industrial Equipment,"Satco, 65-1210, Industrial Grade, Commercial Quality, Professional Performance",2 FT LED,Satco® 65-1210 2 ft LED Wrap,"Satco®, Model 65-1210",65-1210,"Satco®, Model 65-1210",,,,,,,,,,,,,,,,,,,,,,,,,,Product,,,,,,,,,,,,,,,,,,,,,,,,,,,,,,,,,,,,,,,,,,,,,,,,,,,,,,,,,,,,,,,,,,,,,,,,,,,,,,,,,,,,,,,,,,,,,,,,,,,,,,,,,,,,,,,,,,,,,,,,,,,,,,,,,,,,,,,,,,,,,,,,,,,,,,,,,,,,,,,,,,,,,,,,,,SATCO_65-1210.jpg,,,,,,,,,SATCO_65-1210_Specification_Sheet.pdf,,,,,,,,,,,,,,,,,,Yes
https://www.satco.com/product/65-1211,,,,,,,Industrial Supplies,Equipment & Hardware,Tools & Parts,,65-1211,65-1211 4' Led Wrap Light,,,,Satco Prod Inc (5573),Satco Products Inc,Satco®,,65-1211,,Industrial Equipment,"Satco, 65-1211, Industrial Grade, Commercial Quality, Professional Performance",4 FT LED,Satco® 65-1211 4 ft Led Wrap,"Satco®, Model 65-1211",65-1211,"Satco®, Model 65-1211",,,,,,,,,,,,,,,,,,,,,,,,,,Product,,,,,,,,,,,,,,,,,,,,,,,,,,,,,,,,,,,,,,,,,,,,,,,,,,,,,,,,,,,,,,,,,,,,,,,,,,,,,,,,,,,,,,,,,,,,,,,,,,,,,,,,,,,,,,,,,,,,,,,,,,,,,,,,,,,,,,,,,,,,,,,,,,,,,,,,,,,,,,,,,,,,,,,,,,SATCO_65-1211.jpg,,,,,,,,,SATCO_65-1211_Specification_Sheet.pdf,,,,,,,,,,,,,,,,,,Yes
https://www.philips.com/product/141465,,,,,,,Industrial Supplies,Equipment & Hardware,Tools & Parts,,141465,"141465 15W Flor 18"" T12 27k",,,Philips,Phillips Lighting (5831),Signify North America Corp,Philips®,,141465,,Industrial Equipment,"Philips, 141465, 15 W, Industrial Grade, Commercial Quality, Heavy Duty",15 W FLUORESCENT 15W,Philips® 141465 15 W Fluorescent 18,"Philips®, Model 141465, 15 W",141465,"Philips®, Model 141465, 15 W",,,,,,,,,,,,,,,,,,,,,,,,,,Product,Wattage,15,W,,,,,,,,,,,,,,,,,,,,,,,,,,,,,,,,,,,,,,,,,,,,,,,,,,,,,,,,,,,,,,,,,,,,,,,,,,,,,,,,,,,,,,,,,,,,,,,,,,,,,,,,,,,,,,,,,,,,,,,,,,,,,,,,,,,,,,,,,,,,,,,,,,,,,,,,,,,,,,,,,,,,,,,PHILIPS_141465.jpg,,,,,,,,,PHILIPS_141465_Specification_Sheet.pdf,,,,,,,,,,,,,,,,,,Yes
https://www.philips.com/product/391227,,,,,,,Industrial Supplies,Equipment & Hardware,Tools & Parts,,391227,"391227 32W Led 12"" T9 30K",,,Philips,Phillips Lighting (5831),Signify North America Corp,Philips®,,391227,,Industrial Equipment,"Philips, 391227, 32 W, Industrial Grade, Commercial Quality, Heavy Duty",32 W LED 32W,Philips® 391227 32 W Led 12,"Philips®, Model 391227, 32 W",391227,"Philips®, Model 391227, 32 W",,,,,,,,,,,,,,,,,,,,,,,,,,Product,Wattage,32,W,,,,,,,,,,,,,,,,,,,,,,,,,,,,,,,,,,,,,,,,,,,,,,,,,,,,,,,,,,,,,,,,,,,,,,,,,,,,,,,,,,,,,,,,,,,,,,,,,,,,,,,,,,,,,,,,,,,,,,,,,,,,,,,,,,,,,,,,,,,,,,,,,,,,,,,,,,,,,,,,,,,,,,,PHILIPS_391227.jpg,,,,,,,,,PHILIPS_391227_Specification_Sheet.pdf,,,,,,,,,,,,,,,,,,Yes
https://www.philips.com/product/392225,,,,,,,Industrial Supplies,Equipment & Hardware,Tools & Parts,,392225,"392225 22W Flor 8"" T9 30k",,,Philips,Phillips Lighting (5831),Signify North America Corp,Philips®,,392225,,Industrial Equipment,"Philips, 392225, 22 W, Industrial Grade, Commercial Quality, Heavy Duty",22 W FLUORESCENT 22W,Philips® 392225 22 W Fluorescent 8,"Philips®, Model 392225, 22 W",392225,"Philips®, Model 392225, 22 W",,,,,,,,,,,,,,,,,,,,,,,,,,Product,Wattage,22,W,,,,,,,,,,,,,,,,,,,,,,,,,,,,,,,,,,,,,,,,,,,,,,,,,,,,,,,,,,,,,,,,,,,,,,,,,,,,,,,,,,,,,,,,,,,,,,,,,,,,,,,,,,,,,,,,,,,,,,,,,,,,,,,,,,,,,,,,,,,,,,,,,,,,,,,,,,,,,,,,,,,,,,,PHILIPS_392225.jpg,,,,,,,,,PHILIPS_392225_Specification_Sheet.pdf,,,,,,,,,,,,,,,,,,Yes
https://www.satco.com/product/S3539,,,,,,,Industrial Supplies,Equipment & Hardware,Tools & Parts,,S3539,S3539 20W Halogen Pin T4,,,Satco,Satco Prod Inc (5573),Satco Products Inc,Satco®,,S3539,,Industrial Equipment,"Satco, S3539, 20 W, Industrial Grade, Commercial Quality, Heavy Duty",20 W HALOGEN 20W,Satco® S3539 20 W Halogen Pin,"Satco®, Model S3539, 20 W",S3539,"Satco®, Model S3539, 20 W",,,,,,,,,,,,,,,,,,,,,,,,,,Product,Wattage,20,W,,,,,,,,,,,,,,,,,,,,,,,,,,,,,,,,,,,,,,,,,,,,,,,,,,,,,,,,,,,,,,,,,,,,,,,,,,,,,,,,,,,,,,,,,,,,,,,,,,,,,,,,,,,,,,,,,,,,,,,,,,,,,,,,,,,,,,,,,,,,,,,,,,,,,,,,,,,,,,,,,,,,,,,SATCO_S3539.jpg,,,,,,,,,SATCO_S3539_Specification_Sheet.pdf,,,,,,,,,,,,,,,,,,Yes
https://www.satco.com/product/S3496,,,,,,,Industrial Supplies,Equipment & Hardware,Tools & Parts,,S3496,S3496 300W Halogen T3 Bulb,,,Satco,Satco Prod Inc (5573),Satco Products Inc,Satco®,,S3496,,Industrial Equipment,"Satco, S3496, 300 W, Industrial Grade, Commercial Quality, Heavy Duty",300 W HALOGEN 300W,Satco® S3496 300 W Halogen T3,"Satco®, Model S3496, 300 W",S3496,"Satco®, Model S3496, 300 W",,,,,,,,,,,,,,,,,,,,,,,,,,Product,Wattage,300,W,,,,,,,,,,,,,,,,,,,,,,,,,,,,,,,,,,,,,,,,,,,,,,,,,,,,,,,,,,,,,,,,,,,,,,,,,,,,,,,,,,,,,,,,,,,,,,,,,,,,,,,,,,,,,,,,,,,,,,,,,,,,,,,,,,,,,,,,,,,,,,,,,,,,,,,,,,,,,,,,,,,,,,,SATCO_S3496.jpg,,,,,,,,,SATCO_S3496_Specification_Sheet.pdf,,,,,,,,,,,,,,,,,,Yes
https://www.philips.com/product/467316,,,,,,,Industrial Supplies,Equipment & Hardware,Tools & Parts,,467316,467316 150W Sodium Med 21k,,,Philips,Phillips Lighting (5831),Signify North America Corp,Philips®,,467316,,Industrial Equipment,"Philips, 467316, 150 W, Industrial Grade, Commercial Quality",150 W SODIUM 150W,Philips® 467316 150 W Sodium Medium,"Philips®, Model 467316, 150 W",467316,"Philips®, Model 467316, 150 W",,,,,,,,,,,,,,,,,,,,,,,,,,Product,Wattage,150,W,,,,,,,,,,,,,,,,,,,,,,,,,,,,,,,,,,,,,,,,,,,,,,,,,,,,,,,,,,,,,,,,,,,,,,,,,,,,,,,,,,,,,,,,,,,,,,,,,,,,,,,,,,,,,,,,,,,,,,,,,,,,,,,,,,,,,,,,,,,,,,,,,,,,,,,,,,,,,,,,,,,,,,,PHILIPS_467316.jpg,,,,,,,,,PHILIPS_467316_Specification_Sheet.pdf,,,,,,,,,,,,,,,,,,Yes
https://www.satco.com/product/S3709,,,,,,,Industrial Supplies,Equipment & Hardware,Tools & Parts,,S3709,S3709 25W Incan 27K,,,Satco,Satco Prod Inc (5573),Satco Products Inc,Satco®,,S3709,,Industrial Equipment,"Satco, S3709, 25 W, Industrial Grade, Commercial Quality, Heavy Duty",25 W INCANDESCENT 25W,Satco® S3709 25 W Incandescent 27,"Satco®, Model S3709, 25 W",S3709,"Satco®, Model S3709, 25 W",,,,,,,,,,,,,,,,,,,,,,,,,,Product,Wattage,25,W,,,,,,,,,,,,,,,,,,,,,,,,,,,,,,,,,,,,,,,,,,,,,,,,,,,,,,,,,,,,,,,,,,,,,,,,,,,,,,,,,,,,,,,,,,,,,,,,,,,,,,,,,,,,,,,,,,,,,,,,,,,,,,,,,,,,,,,,,,,,,,,,,,,,,,,,,,,,,,,,,,,,,,,SATCO_S3709.jpg,,,,,,,,,SATCO_S3709_Specification_Sheet.pdf,,,,,,,,,,,,,,,,,,Yes
https://www.satco.com/product/S4720,,,,,,,Industrial Supplies,Equipment & Hardware,Tools & Parts,,S4720,S4720 25W Incan 27K,,,Satco,Satco Prod Inc (5573),Satco Products Inc,Satco®,,S4720,,Industrial Equipment,"Satco, S4720, 25 W, Industrial Grade, Commercial Quality, Heavy Duty",25 W INCANDESCENT 25W,Satco® S4720 25 W Incandescent 27,"Satco®, Model S4720, 25 W",S4720,"Satco®, Model S4720, 25 W",,,,,,,,,,,,,,,,,,,,,,,,,,Product,Wattage,25,W,,,,,,,,,,,,,,,,,,,,,,,,,,,,,,,,,,,,,,,,,,,,,,,,,,,,,,,,,,,,,,,,,,,,,,,,,,,,,,,,,,,,,,,,,,,,,,,,,,,,,,,,,,,,,,,,,,,,,,,,,,,,,,,,,,,,,,,,,,,,,,,,,,,,,,,,,,,,,,,,,,,,,,,SATCO_S4720.jpg,,,,,,,,,SATCO_S4720_Specification_Sheet.pdf,,,,,,,,,,,,,,,,,,Yes
https://www.satco.com/product/S3720,,,,,,,Industrial Supplies,Equipment & Hardware,Tools & Parts,,S3720,S3720 40w Inc A15 Med 26k,,,Satco,Satco Prod Inc (5573),Satco Products Inc,Satco®,,S3720,,Industrial Equipment,"Satco, S3720, 40 W, Industrial Grade, Commercial Quality, Heavy Duty",40 W INC 40W,Satco® S3720 40 W Inc A15,"Satco®, Model S3720, 40 W",S3720,"Satco®, Model S3720, 40 W",,,,,,,,,,,,,,,,,,,,,,,,,,Product,Wattage,40,W,,,,,,,,,,,,,,,,,,,,,,,,,,,,,,,,,,,,,,,,,,,,,,,,,,,,,,,,,,,,,,,,,,,,,,,,,,,,,,,,,,,,,,,,,,,,,,,,,,,,,,,,,,,,,,,,,,,,,,,,,,,,,,,,,,,,,,,,,,,,,,,,,,,,,,,,,,,,,,,,,,,,,,,SATCO_S3720.jpg,,,,,,,,,SATCO_S3720_Specification_Sheet.pdf,,,,,,,,,,,,,,,,,,Yes
https://www.satco.com/product/S3702,,,,,,,Industrial Supplies,Equipment & Hardware,Tools & Parts,,S3702,S3702 40W Incan Med 27K,,,Satco,Satco Prod Inc (5573),Satco Products Inc,Satco®,,S3702,,Industrial Equipment,"Satco, S3702, 40 W, Industrial Grade, Commercial Quality, Heavy Duty",40 W INCANDESCENT 40W,Satco® S3702 40 W Incandescent Medium,"Satco®, Model S3702, 40 W",S3702,"Satco®, Model S3702, 40 W",,,,,,,,,,,,,,,,,,,,,,,,,,Product,Wattage,40,W,,,,,,,,,,,,,,,,,,,,,,,,,,,,,,,,,,,,,,,,,,,,,,,,,,,,,,,,,,,,,,,,,,,,,,,,,,,,,,,,,,,,,,,,,,,,,,,,,,,,,,,,,,,,,,,,,,,,,,,,,,,,,,,,,,,,,,,,,,,,,,,,,,,,,,,,,,,,,,,,,,,,,,,SATCO_S3702.jpg,,,,,,,,,SATCO_S3702_Specification_Sheet.pdf,,,,,,,,,,,,,,,,,,Yes
https://www.satco.com/product/S3703,,,,,,,Industrial Supplies,Equipment & Hardware,Tools & Parts,,S3703,S3703 40W Incan Med 27K,,,Satco,Satco Prod Inc (5573),Satco Products Inc,Satco®,,S3703,,Industrial Equipment,"Satco, S3703, 40 W, Industrial Grade, Commercial Quality, Heavy Duty",40 W INCANDESCENT 40W,Satco® S3703 40 W Incandescent Medium,"Satco®, Model S3703, 40 W",S3703,"Satco®, Model S3703, 40 W",,,,,,,,,,,,,,,,,,,,,,,,,,Product,Wattage,40,W,,,,,,,,,,,,,,,,,,,,,,,,,,,,,,,,,,,,,,,,,,,,,,,,,,,,,,,,,,,,,,,,,,,,,,,,,,,,,,,,,,,,,,,,,,,,,,,,,,,,,,,,,,,,,,,,,,,,,,,,,,,,,,,,,,,,,,,,,,,,,,,,,,,,,,,,,,,,,,,,,,,,,,,SATCO_S3703.jpg,,,,,,,,,SATCO_S3703_Specification_Sheet.pdf,,,,,,,,,,,,,,,,,,Yes
https://www.satco.com/product/S3797,,,,,,,Industrial Supplies,Equipment & Hardware,Tools & Parts,,S3797,S3797 4W Incan Cand 27K 2pk,,,Satco,Satco Prod Inc (5573),Satco Products Inc,Satco®,,S3797,,Industrial Equipment,"Satco, S3797, 4 W, 2 pc, Industrial Grade, Commercial Quality",4 W INCANDESCENT 4W 2PC,Satco® S3797 4 W Incandescent Candelabra 2 pc,"Satco®, Model S3797, 4 W, 2 pc",S3797,"Satco®, Model S3797, 4 W, 2 pc",,,,,,,,,,,,,,,,,,,,,,,,,,Product,Wattage,4,W,Package Quantity,2,pc,,,,,,,,,,,,,,,,,,,,,,,,,,,,,,,,,,,,,,,,,,,,,,,,,,,,,,,,,,,,,,,,,,,,,,,,,,,,,,,,,,,,,,,,,,,,,,,,,,,,,,,,,,,,,,,,,,,,,,,,,,,,,,,,,,,,,,,,,,,,,,,,,,,,,,,,,,,,,,,,,,,,SATCO_S3797.jpg,,,,,,,,,SATCO_S3797_Specification_Sheet.pdf,,,,,,,,,,,,,,,,,,Yes
https://www.satco.com/product/S4724,,,,,,,Industrial Supplies,Equipment & Hardware,Tools & Parts,,S4724,S4724 4W Incan Cand 27K 4pk,,,Satco,Satco Prod Inc (5573),Satco Products Inc,Satco®,,S4724,,Industrial Equipment,"Satco, S4724, 4 W, 4 pc, Industrial Grade, Commercial Quality",4 W INCANDESCENT 4W 4PC,Satco® S4724 4 W Incandescent Candelabra 4 pc,"Satco®, Model S4724, 4 W, 4 pc",S4724,"Satco®, Model S4724, 4 W, 4 pc",,,,,,,,,,,,,,,,,,,,,,,,,,Product,Wattage,4,W,Package Quantity,4,pc,,,,,,,,,,,,,,,,,,,,,,,,,,,,,,,,,,,,,,,,,,,,,,,,,,,,,,,,,,,,,,,,,,,,,,,,,,,,,,,,,,,,,,,,,,,,,,,,,,,,,,,,,,,,,,,,,,,,,,,,,,,,,,,,,,,,,,,,,,,,,,,,,,,,,,,,,,,,,,,,,,,,SATCO_S4724.jpg,,,,,,,,,SATCO_S4724_Specification_Sheet.pdf,,,,,,,,,,,,,,,,,,Yes
https://www.satco.com/product/S4717,,,,,,,Industrial Supplies,Equipment & Hardware,Tools & Parts,,S4717,S4717 6W Incan Cand 27k 2pk,,,Satco,Satco Prod Inc (5573),Satco Products Inc,Satco®,,S4717,,Industrial Equipment,"Satco, S4717, 6 W, 2 pc, Industrial Grade, Commercial Quality",6 W INCANDESCENT 6W 2PC,Satco® S4717 6 W Incandescent Candelabra 2 pc,"Satco®, Model S4717, 6 W, 2 pc",S4717,"Satco®, Model S4717, 6 W, 2 pc",,,,,,,,,,,,,,,,,,,,,,,,,,Product,Wattage,6,W,Package Quantity,2,pc,,,,,,,,,,,,,,,,,,,,,,,,,,,,,,,,,,,,,,,,,,,,,,,,,,,,,,,,,,,,,,,,,,,,,,,,,,,,,,,,,,,,,,,,,,,,,,,,,,,,,,,,,,,,,,,,,,,,,,,,,,,,,,,,,,,,,,,,,,,,,,,,,,,,,,,,,,,,,,,,,,,,SATCO_S4717.jpg,,,,,,,,,SATCO_S4717_Specification_Sheet.pdf,,,,,,,,,,,,,,,,,,Yes
https://www.satco.com/product/S3794,,,,,,,Industrial Supplies,Equipment & Hardware,Tools & Parts,,S3794,S3794 7W Incan Med 27K,,,Satco,Satco Prod Inc (5573),Satco Products Inc,Satco®,,S3794,,Industrial Equipment,"Satco, S3794, 7 W, Industrial Grade, Commercial Quality, Heavy Duty",7 W INCANDESCENT 7W,Satco® S3794 7 W Incandescent Medium,"Satco®, Model S3794, 7 W",S3794,"Satco®, Model S3794, 7 W",,,,,,,,,,,,,,,,,,,,,,,,,,Product,Wattage,7,W,,,,,,,,,,,,,,,,,,,,,,,,,,,,,,,,,,,,,,,,,,,,,,,,,,,,,,,,,,,,,,,,,,,,,,,,,,,,,,,,,,,,,,,,,,,,,,,,,,,,,,,,,,,,,,,,,,,,,,,,,,,,,,,,,,,,,,,,,,,,,,,,,,,,,,,,,,,,,,,,,,,,,,,SATCO_S3794.jpg,,,,,,,,,SATCO_S3794_Specification_Sheet.pdf,,,,,,,,,,,,,,,,,,Yes
https://www.satco.com/product/S3795,,,,,,,Industrial Supplies,Equipment & Hardware,Tools & Parts,,S3795,S3795 7W Incan Med 27K,,,Satco,Satco Prod Inc (5573),Satco Products Inc,Satco®,,S3795,,Industrial Equipment,"Satco, S3795, 7 W, Industrial Grade, Commercial Quality, Heavy Duty",7 W INCANDESCENT 7W,Satco® S3795 7 W Incandescent Medium,"Satco®, Model S3795, 7 W",S3795,"Satco®, Model S3795, 7 W",,,,,,,,,,,,,,,,,,,,,,,,,,Product,Wattage,7,W,,,,,,,,,,,,,,,,,,,,,,,,,,,,,,,,,,,,,,,,,,,,,,,,,,,,,,,,,,,,,,,,,,,,,,,,,,,,,,,,,,,,,,,,,,,,,,,,,,,,,,,,,,,,,,,,,,,,,,,,,,,,,,,,,,,,,,,,,,,,,,,,,,,,,,,,,,,,,,,,,,,,,,,SATCO_S3795.jpg,,,,,,,,,SATCO_S3795_Specification_Sheet.pdf,,,,,,,,,,,,,,,,,,Yes
https://www.satco.com/product/S4726,,,,,,,Industrial Supplies,Equipment & Hardware,Tools & Parts,,S4726,S4726 7W Incan Cand 27K 4pk,,,Satco,Satco Prod Inc (5573),Satco Products Inc,Satco®,,S4726,,Industrial Equipment,"Satco, S4726, 7 W, 4 pc, Industrial Grade, Commercial Quality",7 W INCANDESCENT 7W 4PC,Satco® S4726 7 W Incandescent Candelabra 4 pc,"Satco®, Model S4726, 7 W, 4 pc",S4726,"Satco®, Model S4726, 7 W, 4 pc",,,,,,,,,,,,,,,,,,,,,,,,,,Product,Wattage,7,W,Package Quantity,4,pc,,,,,,,,,,,,,,,,,,,,,,,,,,,,,,,,,,,,,,,,,,,,,,,,,,,,,,,,,,,,,,,,,,,,,,,,,,,,,,,,,,,,,,,,,,,,,,,,,,,,,,,,,,,,,,,,,,,,,,,,,,,,,,,,,,,,,,,,,,,,,,,,,,,,,,,,,,,,,,,,,,,,SATCO_S4726.jpg,,,,,,,,,SATCO_S4726_Specification_Sheet.pdf,,,,,,,,,,,,,,,,,,Yes
https://www.satco.com/product/S11429,,,,,,,Industrial Supplies,Equipment & Hardware,Lighting Fixture,,S11429,S11429 60W Led Bulb 27K,,,Satco,Satco Prod Inc (5573),Satco Products Inc,Satco®,,S11429,,Lighting Fixture,"Satco, Lighting Fixture, S11429, 60 W, Industrial Grade, Commercial Quality",LIGHTING FIXTURE 60W,Satco® S11429 Lighting Fixture 60 W,"Satco®, Lighting Fixture, Model S11429, 60 W","Lighting Fixture, S11429","Satco®, Lighting Fixture, Model S11429, 60 W",,,,,,,,,,,,,,,,,,,,,,,,,,Lighting Fixture,Item Type,Lighting Fixture,,Wattage,60,W,,,,,,,,,,,,,,,,,,,,,,,,,,,,,,,,,,,,,,,,,,,,,,,,,,,,,,,,,,,,,,,,,,,,,,,,,,,,,,,,,,,,,,,,,,,,,,,,,,,,,,,,,,,,,,,,,,,,,,,,,,,,,,,,,,,,,,,,,,,,,,,,,,,,,,,,,,,,,,,,,,,,SATCO_S11429.jpg,,,,,,,,,SATCO_S11429_Specification_Sheet.pdf,,,,,,,,,,,,,,,,,,Yes
https://www.satco.com/product/S21354,,,,,,,Industrial Supplies,Equipment & Hardware,Tools & Parts,,S21354,S21354 8W Led T9 Med 27k,,,,Satco Prod Inc (5573),Satco Products Inc,Satco®,,S21354,,Industrial Equipment,"Satco, S21354, 8 W, Industrial Grade, Commercial Quality, Heavy Duty",8 W LED 8W,Satco® S21354 8 W Led T9,"Satco®, Model S21354, 8 W",S21354,"Satco®, Model S21354, 8 W",,,,,,,,,,,,,,,,,,,,,,,,,,Product,Wattage,8,W,,,,,,,,,,,,,,,,,,,,,,,,,,,,,,,,,,,,,,,,,,,,,,,,,,,,,,,,,,,,,,,,,,,,,,,,,,,,,,,,,,,,,,,,,,,,,,,,,,,,,,,,,,,,,,,,,,,,,,,,,,,,,,,,,,,,,,,,,,,,,,,,,,,,,,,,,,,,,,,,,,,,,,,SATCO_S21354.jpg,,,,,,,,,SATCO_S21354_Specification_Sheet.pdf,,,,,,,,,,,,,,,,,,Yes
https://www.satco.com/product/S21363,,,,,,,Industrial Supplies,Equipment & Hardware,Tools & Parts,,S21363,S21363 8W Led Edison ST19 27K,,,,Satco Prod Inc (5573),Satco Products Inc,Satco®,,S21363,,Industrial Equipment,"Satco, S21363, 8 W, Industrial Grade, Commercial Quality, Heavy Duty",8 W LED 8W,Satco® S21363 8 W Led Edison,"Satco®, Model S21363, 8 W",S21363,"Satco®, Model S21363, 8 W",,,,,,,,,,,,,,,,,,,,,,,,,,Product,Wattage,8,W,,,,,,,,,,,,,,,,,,,,,,,,,,,,,,,,,,,,,,,,,,,,,,,,,,,,,,,,,,,,,,,,,,,,,,,,,,,,,,,,,,,,,,,,,,,,,,,,,,,,,,,,,,,,,,,,,,,,,,,,,,,,,,,,,,,,,,,,,,,,,,,,,,,,,,,,,,,,,,,,,,,,,,,SATCO_S21363.jpg,,,,,,,,,SATCO_S21363_Specification_Sheet.pdf,,,,,,,,,,,,,,,,,,Yes
https://www.satco.com/product/S11445,,,,,,,Industrial Supplies,Equipment & Hardware,Tools & Parts,,S11445,S11445 12W Led Med 30k Motion,,,,Satco Prod Inc (5573),Satco Products Inc,Satco®,,S11445,,Industrial Equipment,"Satco, S11445, 12 W, Industrial Grade, Commercial Quality, Heavy Duty",12 W LED 12W,Satco® S11445 12 W Led Medium,"Satco®, Model S11445, 12 W",S11445,"Satco®, Model S11445, 12 W",,,,,,,,,,,,,,,,,,,,,,,,,,Product,Wattage,12,W,,,,,,,,,,,,,,,,,,,,,,,,,,,,,,,,,,,,,,,,,,,,,,,,,,,,,,,,,,,,,,,,,,,,,,,,,,,,,,,,,,,,,,,,,,,,,,,,,,,,,,,,,,,,,,,,,,,,,,,,,,,,,,,,,,,,,,,,,,,,,,,,,,,,,,,,,,,,,,,,,,,,,,,SATCO_S11445.jpg,,,,,,,,,SATCO_S11445_Specification_Sheet.pdf,,,,,,,,,,,,,,,,,,Yes
https://www.philips.com/product/567313,,,,,,,Industrial Supplies,Equipment & Hardware,Tools & Parts,,567313,567313 50W Led MR16 30K 3pk,,,Philips,Phillips Lighting (5831),Signify North America Corp,Philips®,,567313,,Industrial Equipment,"Philips, 567313, 50 W, 3 pc, Industrial Grade, Commercial Quality",50 W LED 50W 3PC,Philips® 567313 50 W Led MR16 3 pc,"Philips®, Model 567313, 50 W, 3 pc",567313,"Philips®, Model 567313, 50 W, 3 pc",,,,,,,,,,,,,,,,,,,,,,,,,,Product,Wattage,50,W,Package Quantity,3,pc,,,,,,,,,,,,,,,,,,,,,,,,,,,,,,,,,,,,,,,,,,,,,,,,,,,,,,,,,,,,,,,,,,,,,,,,,,,,,,,,,,,,,,,,,,,,,,,,,,,,,,,,,,,,,,,,,,,,,,,,,,,,,,,,,,,,,,,,,,,,,,,,,,,,,,,,,,,,,,,,,,,,PHILIPS_567313.jpg,,,,,,,,,PHILIPS_567313_Specification_Sheet.pdf,,,,,,,,,,,,,,,,,,Yes
https://www.philips.com/product/586875,,,,,,,Industrial Supplies,Equipment & Hardware,Tools & Parts,,586875,586875 60W Led Multi CCT 4pk,,,Philips,Phillips Lighting (5831),Signify North America Corp,Philips®,,586875,,Industrial Equipment,"Philips, 586875, 60 W, 4 pc, Industrial Grade, Commercial Quality",60 W LED 60W 4PC,Philips® 586875 60 W Led Multi 4 pc,"Philips®, Model 586875, 60 W, 4 pc",586875,"Philips®, Model 586875, 60 W, 4 pc",,,,,,,,,,,,,,,,,,,,,,,,,,Product,Wattage,60,W,Package Quantity,4,pc,,,,,,,,,,,,,,,,,,,,,,,,,,,,,,,,,,,,,,,,,,,,,,,,,,,,,,,,,,,,,,,,,,,,,,,,,,,,,,,,,,,,,,,,,,,,,,,,,,,,,,,,,,,,,,,,,,,,,,,,,,,,,,,,,,,,,,,,,,,,,,,,,,,,,,,,,,,,,,,,,,,,PHILIPS_586875.jpg,,,,,,,,,PHILIPS_586875_Specification_Sheet.pdf,,,,,,,,,,,,,,,,,,Yes
https://www.philips.com/product/576355,,,,,,,Industrial Supplies,Equipment & Hardware,Tools & Parts,,576355,576355 60/100/150 Led Med 50k,,,Philips,Phillips Lighting (5831),Signify North America Corp,Philips®,,576355,,Industrial Equipment,"Philips, 576355, 60/100/150 W, Industrial Grade, Commercial Quality",60/100/150 LED MEDIUM 60/100/150W,Philips® 576355 60/100/150 Led Medium 50 60/100/150 W,"Philips®, Model 576355, 60/100/150 W",576355,"Philips®, Model 576355, 60/100/150 W",,,,,,,,,,,,,,,,,,,,,,,,,,Product,Wattage,60/100/150,W,,,,,,,,,,,,,,,,,,,,,,,,,,,,,,,,,,,,,,,,,,,,,,,,,,,,,,,,,,,,,,,,,,,,,,,,,,,,,,,,,,,,,,,,,,,,,,,,,,,,,,,,,,,,,,,,,,,,,,,,,,,,,,,,,,,,,,,,,,,,,,,,,,,,,,,,,,,,,,,,,,,,,,,PHILIPS_576355.jpg,,,,,,,,,PHILIPS_576355_Specification_Sheet.pdf,,,,,,,,,,,,,,,,,,Yes
https://www.philips.com/product/576363,,,,,,,Industrial Supplies,Equipment & Hardware,Tools & Parts,,576363,576363 100/150/200 Led Med 27k,,,Philips,Phillips Lighting (5831),Signify North America Corp,Philips®,,576363,,Industrial Equipment,"Philips, 576363, 100/150/200 W, Industrial Grade, Commercial Quality",100/150/200 LED MEDIUM 100/150/200W,Philips® 576363 100/150/200 Led Medium 27 100/150/200 W,"Philips®, Model 576363, 100/150/200 W",576363,"Philips®, Model 576363, 100/150/200 W",,,,,,,,,,,,,,,,,,,,,,,,,,Product,Wattage,100/150/200,W,,,,,,,,,,,,,,,,,,,,,,,,,,,,,,,,,,,,,,,,,,,,,,,,,,,,,,,,,,,,,,,,,,,,,,,,,,,,,,,,,,,,,,,,,,,,,,,,,,,,,,,,,,,,,,,,,,,,,,,,,,,,,,,,,,,,,,,,,,,,,,,,,,,,,,,,,,,,,,,,,,,,,,,PHILIPS_576363.jpg,,,,,,,,,PHILIPS_576363_Specification_Sheet.pdf,,,,,,,,,,,,,,,,,,Yes
https://www.philips.com/product/565374,,,,,,,Industrial Supplies,Equipment & Hardware,Tools & Parts,,565374,565374 75W Led A19 Med 27k 4pk,,,Philips,Phillips Lighting (5831),Signify North America Corp,Philips®,,565374,,Industrial Equipment,"Philips, 565374, 75 W, 4 pc, Industrial Grade, Commercial Quality",75 W LED 75W 4PC,Philips® 565374 75 W Led A19 4 pc,"Philips®, Model 565374, 75 W, 4 pc",565374,"Philips®, Model 565374, 75 W, 4 pc",,,,,,,,,,,,,,,,,,,,,,,,,,Product,Wattage,75,W,Package Quantity,4,pc,,,,,,,,,,,,,,,,,,,,,,,,,,,,,,,,,,,,,,,,,,,,,,,,,,,,,,,,,,,,,,,,,,,,,,,,,,,,,,,,,,,,,,,,,,,,,,,,,,,,,,,,,,,,,,,,,,,,,,,,,,,,,,,,,,,,,,,,,,,,,,,,,,,,,,,,,,,,,,,,,,,,PHILIPS_565374.jpg,,,,,,,,,PHILIPS_565374_Specification_Sheet.pdf,,,,,,,,,,,,,,,,,,Yes
https://www.philips.com/product/565390,,,,,,,Industrial Supplies,Equipment & Hardware,Tools & Parts,,565390,565390 75W Led A19 Med 50k 4pk,,,Philips,Phillips Lighting (5831),Signify North America Corp,Philips®,,565390,,Industrial Equipment,"Philips, 565390, 75 W, 4 pc, Industrial Grade, Commercial Quality",75 W LED 75W 4PC,Philips® 565390 75 W Led A19 4 pc,"Philips®, Model 565390, 75 W, 4 pc",565390,"Philips®, Model 565390, 75 W, 4 pc",,,,,,,,,,,,,,,,,,,,,,,,,,Product,Wattage,75,W,Package Quantity,4,pc,,,,,,,,,,,,,,,,,,,,,,,,,,,,,,,,,,,,,,,,,,,,,,,,,,,,,,,,,,,,,,,,,,,,,,,,,,,,,,,,,,,,,,,,,,,,,,,,,,,,,,,,,,,,,,,,,,,,,,,,,,,,,,,,,,,,,,,,,,,,,,,,,,,,,,,,,,,,,,,,,,,,PHILIPS_565390.jpg,,,,,,,,,PHILIPS_565390_Specification_Sheet.pdf,,,,,,,,,,,,,,,,,,Yes
https://www.philips.com/product/576371,,,,,,,Industrial Supplies,Equipment & Hardware,Tools & Parts,,576371,576371 100/150/200 Led Med 50k,,,Philips,Phillips Lighting (5831),Signify North America Corp,Philips®,,576371,,Industrial Equipment,"Philips, 576371, 100/150/200 W, Industrial Grade, Commercial Quality",100/150/200 LED MEDIUM 100/150/200W,Philips® 576371 100/150/200 Led Medium 50 100/150/200 W,"Philips®, Model 576371, 100/150/200 W",576371,"Philips®, Model 576371, 100/150/200 W",,,,,,,,,,,,,,,,,,,,,,,,,,Product,Wattage,100/150/200,W,,,,,,,,,,,,,,,,,,,,,,,,,,,,,,,,,,,,,,,,,,,,,,,,,,,,,,,,,,,,,,,,,,,,,,,,,,,,,,,,,,,,,,,,,,,,,,,,,,,,,,,,,,,,,,,,,,,,,,,,,,,,,,,,,,,,,,,,,,,,,,,,,,,,,,,,,,,,,,,,,,,,,,,PHILIPS_576371.jpg,,,,,,,,,PHILIPS_576371_Specification_Sheet.pdf,,,,,,,,,,,,,,,,,,Yes
https://www.philips.com/product/576496,,,,,,,Industrial Supplies,Equipment & Hardware,Tools & Parts,,576496,576496 45W Led R20 Med 27k,,,Philips,Phillips Lighting (5831),Signify North America Corp,Philips®,,576496,,Industrial Equipment,"Philips, 576496, 45 W, Industrial Grade, Commercial Quality, Heavy Duty",45 W LED 45W,Philips® 576496 45 W Led R20,"Philips®, Model 576496, 45 W",576496,"Philips®, Model 576496, 45 W",,,,,,,,,,,,,,,,,,,,,,,,,,Product,Wattage,45,W,,,,,,,,,,,,,,,,,,,,,,,,,,,,,,,,,,,,,,,,,,,,,,,,,,,,,,,,,,,,,,,,,,,,,,,,,,,,,,,,,,,,,,,,,,,,,,,,,,,,,,,,,,,,,,,,,,,,,,,,,,,,,,,,,,,,,,,,,,,,,,,,,,,,,,,,,,,,,,,,,,,,,,,PHILIPS_576496.jpg,,,,,,,,,PHILIPS_576496_Specification_Sheet.pdf,,,,,,,,,,,,,,,,,,Yes
https://www.philips.com/product/564856,,,,,,,Industrial Supplies,Equipment & Hardware,Tools & Parts,,564856,564856 40W Led ST19 27k 2pk,,,Philips,Phillips Lighting (5831),Signify North America Corp,Philips®,,564856,,Industrial Equipment,"Philips, 564856, 40 W, 2 pc, Industrial Grade, Commercial Quality",40 W LED 40W 2PC,Philips® 564856 40 W Led ST19 2 pc,"Philips®, Model 564856, 40 W, 2 pc",564856,"Philips®, Model 564856, 40 W, 2 pc",,,,,,,,,,,,,,,,,,,,,,,,,,Product,Wattage,40,W,Package Quantity,2,pc,,,,,,,,,,,,,,,,,,,,,,,,,,,,,,,,,,,,,,,,,,,,,,,,,,,,,,,,,,,,,,,,,,,,,,,,,,,,,,,,,,,,,,,,,,,,,,,,,,,,,,,,,,,,,,,,,,,,,,,,,,,,,,,,,,,,,,,,,,,,,,,,,,,,,,,,,,,,,,,,,,,,PHILIPS_564856.jpg,,,,,,,,,PHILIPS_564856_Specification_Sheet.pdf,,,,,,,,,,,,,,,,,,Yes
https://www.philips.com/product/565796,,,,,,,Industrial Supplies,Equipment & Hardware,Tools & Parts,,565796,565796 60W Led A19 Med 20k,,,Philips,Phillips Lighting (5831),Signify North America Corp,Philips®,,565796,,Industrial Equipment,"Philips, 565796, 60 W, Industrial Grade, Commercial Quality, Heavy Duty",60 W LED 60W,Philips® 565796 60 W Led A19,"Philips®, Model 565796, 60 W",565796,"Philips®, Model 565796, 60 W",,,,,,,,,,,,,,,,,,,,,,,,,,Product,Wattage,60,W,,,,,,,,,,,,,,,,,,,,,,,,,,,,,,,,,,,,,,,,,,,,,,,,,,,,,,,,,,,,,,,,,,,,,,,,,,,,,,,,,,,,,,,,,,,,,,,,,,,,,,,,,,,,,,,,,,,,,,,,,,,,,,,,,,,,,,,,,,,,,,,,,,,,,,,,,,,,,,,,,,,,,,,PHILIPS_565796.jpg,,,,,,,,,PHILIPS_565796_Specification_Sheet.pdf,,,,,,,,,,,,,,,,,,Yes
https://www.philips.com/product/576389,,,,,,,Industrial Supplies,Equipment & Hardware,Tools & Parts,,576389,576389 100/200/300 Led Med 27k,,,Philips,Phillips Lighting (5831),Signify North America Corp,Philips®,,576389,,Industrial Equipment,"Philips, 576389, 100/200/300 W, Industrial Grade, Commercial Quality",100/200/300 LED MEDIUM 100/200/300W,Philips® 576389 100/200/300 Led Medium 27 100/200/300 W,"Philips®, Model 576389, 100/200/300 W",576389,"Philips®, Model 576389, 100/200/300 W",,,,,,,,,,,,,,,,,,,,,,,,,,Product,Wattage,100/200/300,W,,,,,,,,,,,,,,,,,,,,,,,,,,,,,,,,,,,,,,,,,,,,,,,,,,,,,,,,,,,,,,,,,,,,,,,,,,,,,,,,,,,,,,,,,,,,,,,,,,,,,,,,,,,,,,,,,,,,,,,,,,,,,,,,,,,,,,,,,,,,,,,,,,,,,,,,,,,,,,,,,,,,,,,PHILIPS_576389.jpg,,,,,,,,,PHILIPS_576389_Specification_Sheet.pdf,,,,,,,,,,,,,,,,,,Yes
https://www.philips.com/product/564492,,,,,,,Industrial Supplies,Equipment & Hardware,Tools & Parts,,564492,564492 75W Adj Base 27k 3pk,,,Philips,Phillips Lighting (5831),Signify North America Corp,Philips®,,564492,,Industrial Equipment,"Philips, 564492, 75 W, 3 pc, Industrial Grade, Commercial Quality",75 W ADJ 75W 3PC,Philips® 564492 75 W Adj Base 3 pc,"Philips®, Model 564492, 75 W, 3 pc",564492,"Philips®, Model 564492, 75 W, 3 pc",,,,,,,,,,,,,,,,,,,,,,,,,,Product,Wattage,75,W,Package Quantity,3,pc,,,,,,,,,,,,,,,,,,,,,,,,,,,,,,,,,,,,,,,,,,,,,,,,,,,,,,,,,,,,,,,,,,,,,,,,,,,,,,,,,,,,,,,,,,,,,,,,,,,,,,,,,,,,,,,,,,,,,,,,,,,,,,,,,,,,,,,,,,,,,,,,,,,,,,,,,,,,,,,,,,,,PHILIPS_564492.jpg,,,,,,,,,PHILIPS_564492_Specification_Sheet.pdf,,,,,,,,,,,,,,,,,,Yes
https://www.philips.com/product/603449,,,,,,,Industrial Supplies,Equipment & Hardware,Tools & Parts,,603449,603449 Wiz 60W Led Med Clr Ch,,,Wiz,Phillips Lighting (5831),Signify North America Corp,Philips®,,603449,,Industrial Equipment,"Philips, 603449, 60 W, Industrial Grade, Commercial Quality, Heavy Duty",WIZ 60 W 60W,Philips® 603449 Wiz 60 W Led,"Philips®, Model 603449, 60 W",603449,"Philips®, Model 603449, 60 W",,,,,,,,,,,,,,,,,,,,,,,,,,Product,Wattage,60,W,,,,,,,,,,,,,,,,,,,,,,,,,,,,,,,,,,,,,,,,,,,,,,,,,,,,,,,,,,,,,,,,,,,,,,,,,,,,,,,,,,,,,,,,,,,,,,,,,,,,,,,,,,,,,,,,,,,,,,,,,,,,,,,,,,,,,,,,,,,,,,,,,,,,,,,,,,,,,,,,,,,,,,,PHILIPS_603449.jpg,,,,,,,,,PHILIPS_603449_Specification_Sheet.pdf,,,,,,,,,,,,,,,,,,Yes
https://www.philips.com/product/586909,,,,,,,Industrial Supplies,Equipment & Hardware,Tools & Parts,,586909,586909 Led 60W Med A19 27K,,,Philips,Phillips Lighting (5831),Signify North America Corp,Philips®,,586909,,Industrial Equipment,"Philips, 586909, 60 W, Industrial Grade, Commercial Quality, Heavy Duty",LED 60 W 60W,Philips® 586909 Led 60 W Medium,"Philips®, Model 586909, 60 W",586909,"Philips®, Model 586909, 60 W",,,,,,,,,,,,,,,,,,,,,,,,,,Product,Wattage,60,W,,,,,,,,,,,,,,,,,,,,,,,,,,,,,,,,,,,,,,,,,,,,,,,,,,,,,,,,,,,,,,,,,,,,,,,,,,,,,,,,,,,,,,,,,,,,,,,,,,,,,,,,,,,,,,,,,,,,,,,,,,,,,,,,,,,,,,,,,,,,,,,,,,,,,,,,,,,,,,,,,,,,,,,PHILIPS_586909.jpg,,,,,,,,,PHILIPS_586909_Specification_Sheet.pdf,,,,,,,,,,,,,,,,,,Yes
https://www.philips.com/product/566364,,,,,,,Industrial Supplies,Equipment & Hardware,Tools & Parts,,566364,566364 75W Led ST19 27k 4pk,,,Philips,Phillips Lighting (5831),Signify North America Corp,Philips®,,566364,,Industrial Equipment,"Philips, 566364, 75 W, 4 pc, Industrial Grade, Commercial Quality",75 W LED 75W 4PC,Philips® 566364 75 W Led ST19 4 pc,"Philips®, Model 566364, 75 W, 4 pc",566364,"Philips®, Model 566364, 75 W, 4 pc",,,,,,,,,,,,,,,,,,,,,,,,,,Product,Wattage,75,W,Package Quantity,4,pc,,,,,,,,,,,,,,,,,,,,,,,,,,,,,,,,,,,,,,,,,,,,,,,,,,,,,,,,,,,,,,,,,,,,,,,,,,,,,,,,,,,,,,,,,,,,,,,,,,,,,,,,,,,,,,,,,,,,,,,,,,,,,,,,,,,,,,,,,,,,,,,,,,,,,,,,,,,,,,,,,,,,PHILIPS_566364.jpg,,,,,,,,,PHILIPS_566364_Specification_Sheet.pdf,,,,,,,,,,,,,,,,,,Yes
https://www.philips.com/product/576397,,,,,,,Industrial Supplies,Equipment & Hardware,Tools & Parts,,576397,576394 100/200/300 Led A23 50k,,,Philips,Phillips Lighting (5831),Signify North America Corp,Philips®,,576397,,Industrial Equipment,"Philips, 576397, 100/200/300 W, Industrial Grade, Commercial Quality",576394 100/200/300 LED 100/200/300W,Philips® 576397 576394 100/200/300 Led A23 100/200/300 W,"Philips®, Model 576397, 100/200/300 W",576397,"Philips®, Model 576397, 100/200/300 W",,,,,,,,,,,,,,,,,,,,,,,,,,Product,Wattage,100/200/300,W,,,,,,,,,,,,,,,,,,,,,,,,,,,,,,,,,,,,,,,,,,,,,,,,,,,,,,,,,,,,,,,,,,,,,,,,,,,,,,,,,,,,,,,,,,,,,,,,,,,,,,,,,,,,,,,,,,,,,,,,,,,,,,,,,,,,,,,,,,,,,,,,,,,,,,,,,,,,,,,,,,,,,,,PHILIPS_576397.jpg,,,,,,,,,PHILIPS_576397_Specification_Sheet.pdf,,,,,,,,,,,,,,,,,,Yes
https://www.philips.com/product/571497,,,,,,,Industrial Supplies,Equipment & Hardware,Tools & Parts,,571497,571497 150W Led Med 27k,,,Philips,Phillips Lighting (5831),Signify North America Corp,Philips®,,571497,,Industrial Equipment,"Philips, 571497, 150 W, Industrial Grade, Commercial Quality",150 W LED 150W,Philips® 571497 150 W Led Medium,"Philips®, Model 571497, 150 W",571497,"Philips®, Model 571497, 150 W",,,,,,,,,,,,,,,,,,,,,,,,,,Product,Wattage,150,W,,,,,,,,,,,,,,,,,,,,,,,,,,,,,,,,,,,,,,,,,,,,,,,,,,,,,,,,,,,,,,,,,,,,,,,,,,,,,,,,,,,,,,,,,,,,,,,,,,,,,,,,,,,,,,,,,,,,,,,,,,,,,,,,,,,,,,,,,,,,,,,,,,,,,,,,,,,,,,,,,,,,,,,PHILIPS_571497.jpg,,,,,,,,,PHILIPS_571497_Specification_Sheet.pdf,,,,,,,,,,,,,,,,,,Yes
https://www.philips.com/product/576306,,,,,,,Industrial Supplies,Equipment & Hardware,Tools & Parts,,576306,576306 40W Led A19 5CCT 4pk,,,Philips,Phillips Lighting (5831),Signify North America Corp,Philips®,,576306,,Industrial Equipment,"Philips, 576306, 40 W, 4 pc, Industrial Grade, Commercial Quality",40 W LED 40W 4PC,Philips® 576306 40 W Led A19 4 pc,"Philips®, Model 576306, 40 W, Selectable Multi-CCT, 4 pc",576306,"Philips®, Model 576306, 40 W, Selectable Multi-CCT, 4 pc",,,,,,,,,,,,,,,,,,,,,,,,,,Product,Wattage,40,W,Color Temperature,Selectable Multi-CCT,,Package Quantity,4,pc,,,,,,,,,,,,,,,,,,,,,,,,,,,,,,,,,,,,,,,,,,,,,,,,,,,,,,,,,,,,,,,,,,,,,,,,,,,,,,,,,,,,,,,,,,,,,,,,,,,,,,,,,,,,,,,,,,,,,,,,,,,,,,,,,,,,,,,,,,,,,,,,,,,,,,,,,,,,,,,,,PHILIPS_576306.jpg,,,,,,,,,PHILIPS_576306_Specification_Sheet.pdf,,,,,,,,,,,,,,,,,,Yes
https://www.philips.com/product/588533,,,,,,,Industrial Supplies,Equipment & Hardware,Tools & Parts,,588533,588533 40W Led Cand 3pk,,,Philips,Phillips Lighting (5831),Signify North America Corp,Philips®,,588533,,Industrial Equipment,"Philips, 588533, 40 W, 3 pc, Industrial Grade, Commercial Quality",40 W LED 40W 3PC,Philips® 588533 40 W Led Candelabra 3 pc,"Philips®, Model 588533, 40 W, 3 pc",588533,"Philips®, Model 588533, 40 W, 3 pc",,,,,,,,,,,,,,,,,,,,,,,,,,Product,Wattage,40,W,Package Quantity,3,pc,,,,,,,,,,,,,,,,,,,,,,,,,,,,,,,,,,,,,,,,,,,,,,,,,,,,,,,,,,,,,,,,,,,,,,,,,,,,,,,,,,,,,,,,,,,,,,,,,,,,,,,,,,,,,,,,,,,,,,,,,,,,,,,,,,,,,,,,,,,,,,,,,,,,,,,,,,,,,,,,,,,,PHILIPS_588533.jpg,,,,,,,,,PHILIPS_588533_Specification_Sheet.pdf,,,,,,,,,,,,,,,,,,Yes
https://www.philips.com/product/576520,,,,,,,Industrial Supplies,Equipment & Hardware,Tools & Parts,,576520,576520 65W Led Med 27k,,,Philips,Phillips Lighting (5831),Signify North America Corp,Philips®,,576520,,Industrial Equipment,"Philips, 576520, 65 W, Industrial Grade, Commercial Quality, Heavy Duty",65 W LED 65W,Philips® 576520 65 W Led Medium,"Philips®, Model 576520, 65 W",576520,"Philips®, Model 576520, 65 W",,,,,,,,,,,,,,,,,,,,,,,,,,Product,Wattage,65,W,,,,,,,,,,,,,,,,,,,,,,,,,,,,,,,,,,,,,,,,,,,,,,,,,,,,,,,,,,,,,,,,,,,,,,,,,,,,,,,,,,,,,,,,,,,,,,,,,,,,,,,,,,,,,,,,,,,,,,,,,,,,,,,,,,,,,,,,,,,,,,,,,,,,,,,,,,,,,,,,,,,,,,,PHILIPS_576520.jpg,,,,,,,,,PHILIPS_576520_Specification_Sheet.pdf,,,,,,,,,,,,,,,,,,Yes
https://www.philips.com/product/574004,,,,,,,Industrial Supplies,Equipment & Hardware,Tools & Parts,,574004,574004 75W Led ST19 27k 2pk,,,Philips,Phillips Lighting (5831),Signify North America Corp,Philips®,,574004,,Industrial Equipment,"Philips, 574004, 75 W, 2 pc, Industrial Grade, Commercial Quality",75 W LED 75W 2PC,Philips® 574004 75 W Led ST19 2 pc,"Philips®, Model 574004, 75 W, 2 pc",574004,"Philips®, Model 574004, 75 W, 2 pc",,,,,,,,,,,,,,,,,,,,,,,,,,Product,Wattage,75,W,Package Quantity,2,pc,,,,,,,,,,,,,,,,,,,,,,,,,,,,,,,,,,,,,,,,,,,,,,,,,,,,,,,,,,,,,,,,,,,,,,,,,,,,,,,,,,,,,,,,,,,,,,,,,,,,,,,,,,,,,,,,,,,,,,,,,,,,,,,,,,,,,,,,,,,,,,,,,,,,,,,,,,,,,,,,,,,,PHILIPS_574004.jpg,,,,,,,,,PHILIPS_574004_Specification_Sheet.pdf,,,,,,,,,,,,,,,,,,Yes
https://www.philips.com/product/574012,,,,,,,Industrial Supplies,Equipment & Hardware,Tools & Parts,,574012,574012 75W Led ST19 50k 2pk,,,Philips,Phillips Lighting (5831),Signify North America Corp,Philips®,,574012,,Industrial Equipment,"Philips, 574012, 75 W, 2 pc, Industrial Grade, Commercial Quality",75 W LED 75W 2PC,Philips® 574012 75 W Led ST19 2 pc,"Philips®, Model 574012, 75 W, 2 pc",574012,"Philips®, Model 574012, 75 W, 2 pc",,,,,,,,,,,,,,,,,,,,,,,,,,Product,Wattage,75,W,Package Quantity,2,pc,,,,,,,,,,,,,,,,,,,,,,,,,,,,,,,,,,,,,,,,,,,,,,,,,,,,,,,,,,,,,,,,,,,,,,,,,,,,,,,,,,,,,,,,,,,,,,,,,,,,,,,,,,,,,,,,,,,,,,,,,,,,,,,,,,,,,,,,,,,,,,,,,,,,,,,,,,,,,,,,,,,,PHILIPS_574012.jpg,,,,,,,,,PHILIPS_574012_Specification_Sheet.pdf,,,,,,,,,,,,,,,,,,Yes
https://www.philips.com/product/573971,,,,,,,Industrial Supplies,Equipment & Hardware,Tools & Parts,,573971,573971 75W Led ST19 20k 4pk,,,Philips,Phillips Lighting (5831),Signify North America Corp,Philips®,,573971,,Industrial Equipment,"Philips, 573971, 75 W, 4 pc, Industrial Grade, Commercial Quality",75 W LED 75W 4PC,Philips® 573971 75 W Led ST19 4 pc,"Philips®, Model 573971, 75 W, 4 pc",573971,"Philips®, Model 573971, 75 W, 4 pc",,,,,,,,,,,,,,,,,,,,,,,,,,Product,Wattage,75,W,Package Quantity,4,pc,,,,,,,,,,,,,,,,,,,,,,,,,,,,,,,,,,,,,,,,,,,,,,,,,,,,,,,,,,,,,,,,,,,,,,,,,,,,,,,,,,,,,,,,,,,,,,,,,,,,,,,,,,,,,,,,,,,,,,,,,,,,,,,,,,,,,,,,,,,,,,,,,,,,,,,,,,,,,,,,,,,,PHILIPS_573971.jpg,,,,,,,,,PHILIPS_573971_Specification_Sheet.pdf,,,,,,,,,,,,,,,,,,Yes
https://www.philips.com/product/573989,,,,,,,Industrial Supplies,Equipment & Hardware,Tools & Parts,,573989,573989 40W Led Med 27K 4pk,,,Philips,Phillips Lighting (5831),Signify North America Corp,Philips®,,573989,,Industrial Equipment,"Philips, 573989, 40 W, 4 pc, Industrial Grade, Commercial Quality",40 W LED 40W 4PC,Philips® 573989 40 W Led Medium 4 pc,"Philips®, Model 573989, 40 W, 4 pc",573989,"Philips®, Model 573989, 40 W, 4 pc",,,,,,,,,,,,,,,,,,,,,,,,,,Product,Wattage,40,W,Package Quantity,4,pc,,,,,,,,,,,,,,,,,,,,,,,,,,,,,,,,,,,,,,,,,,,,,,,,,,,,,,,,,,,,,,,,,,,,,,,,,,,,,,,,,,,,,,,,,,,,,,,,,,,,,,,,,,,,,,,,,,,,,,,,,,,,,,,,,,,,,,,,,,,,,,,,,,,,,,,,,,,,,,,,,,,,PHILIPS_573989.jpg,,,,,,,,,PHILIPS_573989_Specification_Sheet.pdf,,,,,,,,,,,,,,,,,,Yes
https://www.philips.com/product/576769,,,,,,,Industrial Supplies,Equipment & Hardware,Tools & Parts,,576769,576769 65W Led BR30 Med 27k,,,Philips,Phillips Lighting (5831),Signify North America Corp,Philips®,,576769,,Industrial Equipment,"Philips, 576769, 65 W, Industrial Grade, Commercial Quality, Heavy Duty",65 W LED 65W,Philips® 576769 65 W Led BR30,"Philips®, Model 576769, 65 W",576769,"Philips®, Model 576769, 65 W",,,,,,,,,,,,,,,,,,,,,,,,,,Product,Wattage,65,W,,,,,,,,,,,,,,,,,,,,,,,,,,,,,,,,,,,,,,,,,,,,,,,,,,,,,,,,,,,,,,,,,,,,,,,,,,,,,,,,,,,,,,,,,,,,,,,,,,,,,,,,,,,,,,,,,,,,,,,,,,,,,,,,,,,,,,,,,,,,,,,,,,,,,,,,,,,,,,,,,,,,,,,PHILIPS_576769.jpg,,,,,,,,,PHILIPS_576769_Specification_Sheet.pdf,,,,,,,,,,,,,,,,,,Yes
https://www.philips.com/product/567446,,,,,,,Industrial Supplies,Equipment & Hardware,Tools & Parts,,567446,567446 60W Led Med 50K 3pk,,,Philips,Phillips Lighting (5831),Signify North America Corp,Philips®,,567446,,Industrial Equipment,"Philips, 567446, 60 W, 3 pc, Industrial Grade, Commercial Quality",60 W LED 60W 3PC,Philips® 567446 60 W Led Medium 3 pc,"Philips®, Model 567446, 60 W, 3 pc",567446,"Philips®, Model 567446, 60 W, 3 pc",,,,,,,,,,,,,,,,,,,,,,,,,,Product,Wattage,60,W,Package Quantity,3,pc,,,,,,,,,,,,,,,,,,,,,,,,,,,,,,,,,,,,,,,,,,,,,,,,,,,,,,,,,,,,,,,,,,,,,,,,,,,,,,,,,,,,,,,,,,,,,,,,,,,,,,,,,,,,,,,,,,,,,,,,,,,,,,,,,,,,,,,,,,,,,,,,,,,,,,,,,,,,,,,,,,,,PHILIPS_567446.jpg,,,,,,,,,PHILIPS_567446_Specification_Sheet.pdf,,,,,,,,,,,,,,,,,,Yes
https://www.philips.com/product/573997,,,,,,,Industrial Supplies,Equipment & Hardware,Tools & Parts,,573997,573997 40W Led Med 50k 4pk,,,Philips,Phillips Lighting (5831),Signify North America Corp,Philips®,,573997,,Industrial Equipment,"Philips, 573997, 40 W, 4 pc, Industrial Grade, Commercial Quality",40 W LED 40W 4PC,Philips® 573997 40 W Led Medium 4 pc,"Philips®, Model 573997, 40 W, 4 pc",573997,"Philips®, Model 573997, 40 W, 4 pc",,,,,,,,,,,,,,,,,,,,,,,,,,Product,Wattage,40,W,Package Quantity,4,pc,,,,,,,,,,,,,,,,,,,,,,,,,,,,,,,,,,,,,,,,,,,,,,,,,,,,,,,,,,,,,,,,,,,,,,,,,,,,,,,,,,,,,,,,,,,,,,,,,,,,,,,,,,,,,,,,,,,,,,,,,,,,,,,,,,,,,,,,,,,,,,,,,,,,,,,,,,,,,,,,,,,,PHILIPS_573997.jpg,,,,,,,,,PHILIPS_573997_Specification_Sheet.pdf,,,,,,,,,,,,,,,,,,Yes
https://www.philips.com/product/571463,,,,,,,Industrial Supplies,Equipment & Hardware,Tools & Parts,,571463,571463 100W Led BR30 Med 50k,,,Philips,Phillips Lighting (5831),Signify North America Corp,Philips®,,571463,,Industrial Equipment,"Philips, 571463, 100 W, Industrial Grade, Commercial Quality",100 W LED 100W,Philips® 571463 100 W Led BR30,"Philips®, Model 571463, 100 W",571463,"Philips®, Model 571463, 100 W",,,,,,,,,,,,,,,,,,,,,,,,,,Product,Wattage,100,W,,,,,,,,,,,,,,,,,,,,,,,,,,,,,,,,,,,,,,,,,,,,,,,,,,,,,,,,,,,,,,,,,,,,,,,,,,,,,,,,,,,,,,,,,,,,,,,,,,,,,,,,,,,,,,,,,,,,,,,,,,,,,,,,,,,,,,,,,,,,,,,,,,,,,,,,,,,,,,,,,,,,,,,PHILIPS_571463.jpg,,,,,,,,,PHILIPS_571463_Specification_Sheet.pdf,,,,,,,,,,,,,,,,,,Yes
https://www.philips.com/product/576512,,,,,,,Industrial Supplies,Equipment & Hardware,Tools & Parts,,576512,576512 65W Led BR40 Med 27k,,,Philips,Phillips Lighting (5831),Signify North America Corp,Philips®,,576512,,Industrial Equipment,"Philips, 576512, 65 W, Industrial Grade, Commercial Quality, Heavy Duty",65 W LED 65W,Philips® 576512 65 W Led BR40,"Philips®, Model 576512, 65 W",576512,"Philips®, Model 576512, 65 W",,,,,,,,,,,,,,,,,,,,,,,,,,Product,Wattage,65,W,,,,,,,,,,,,,,,,,,,,,,,,,,,,,,,,,,,,,,,,,,,,,,,,,,,,,,,,,,,,,,,,,,,,,,,,,,,,,,,,,,,,,,,,,,,,,,,,,,,,,,,,,,,,,,,,,,,,,,,,,,,,,,,,,,,,,,,,,,,,,,,,,,,,,,,,,,,,,,,,,,,,,,,PHILIPS_576512.jpg,,,,,,,,,PHILIPS_576512_Specification_Sheet.pdf,,,,,,,,,,,,,,,,,,Yes
https://www.philips.com/product/581181,,,,,,,Industrial Supplies,Equipment & Hardware,Tools & Parts,,581181,581181 40W Led Med 2pk,,,Philips,Phillips Lighting (5831),Signify North America Corp,Philips®,,581181,,Industrial Equipment,"Philips, 581181, 40 W, 2 pc, Industrial Grade, Commercial Quality",40 W LED 40W 2PC,Philips® 581181 40 W Led Medium 2 pc,"Philips®, Model 581181, 40 W, 2 pc",581181,"Philips®, Model 581181, 40 W, 2 pc",,,,,,,,,,,,,,,,,,,,,,,,,,Product,Wattage,40,W,Package Quantity,2,pc,,,,,,,,,,,,,,,,,,,,,,,,,,,,,,,,,,,,,,,,,,,,,,,,,,,,,,,,,,,,,,,,,,,,,,,,,,,,,,,,,,,,,,,,,,,,,,,,,,,,,,,,,,,,,,,,,,,,,,,,,,,,,,,,,,,,,,,,,,,,,,,,,,,,,,,,,,,,,,,,,,,,PHILIPS_581181.jpg,,,,,,,,,PHILIPS_581181_Specification_Sheet.pdf,,,,,,,,,,,,,,,,,,Yes
https://www.gt-lite.com/product/GT-CB-100C,,,,,,,Industrial Supplies,Equipment & Hardware,Tools & Parts,,GT-CB-100C,GTCB100C Led 100W Cob Bulb,,,GT-Lite,Keystone (5702),Keystone (5702),GT-Lite,,GT-CB-100C,,Industrial Equipment,"GT-Lite, GT-CB-100C, 100 W, Industrial Grade, Commercial Quality",GTCB100C LED 100 100W,GT-Lite GT-CB-100C GTCB100C Led 100 W,"GT-Lite, Model GT-CB-100C, 100 W",GT-CB-100C,"GT-Lite, Model GT-CB-100C, 100 W",,,,,,,,,,,,,,,,,,,,,,,,,,Product,Wattage,100,W,,,,,,,,,,,,,,,,,,,,,,,,,,,,,,,,,,,,,,,,,,,,,,,,,,,,,,,,,,,,,,,,,,,,,,,,,,,,,,,,,,,,,,,,,,,,,,,,,,,,,,,,,,,,,,,,,,,,,,,,,,,,,,,,,,,,,,,,,,,,,,,,,,,,,,,,,,,,,,,,,,,,,,,GT-LITE_GT-CB-100C.jpg,,,,,,,,,GT-LITE_GT-CB-100C_Specification_Sheet.pdf,,,,,,,,,,,,,,,,,,Yes
https://www.philips.com/product/566430,,,,,,,Industrial Supplies,Equipment & Hardware,Tools & Parts,,566430,566430 75W Led Med 50k 4pk,,,Philips,Phillips Lighting (5831),Signify North America Corp,Philips®,,566430,,Industrial Equipment,"Philips, 566430, 75 W, 4 pc, Industrial Grade, Commercial Quality",75 W LED 75W 4PC,Philips® 566430 75 W Led Medium 4 pc,"Philips®, Model 566430, 75 W, 4 pc",566430,"Philips®, Model 566430, 75 W, 4 pc",,,,,,,,,,,,,,,,,,,,,,,,,,Product,Wattage,75,W,Package Quantity,4,pc,,,,,,,,,,,,,,,,,,,,,,,,,,,,,,,,,,,,,,,,,,,,,,,,,,,,,,,,,,,,,,,,,,,,,,,,,,,,,,,,,,,,,,,,,,,,,,,,,,,,,,,,,,,,,,,,,,,,,,,,,,,,,,,,,,,,,,,,,,,,,,,,,,,,,,,,,,,,,,,,,,,,PHILIPS_566430.jpg,,,,,,,,,PHILIPS_566430_Specification_Sheet.pdf,,,,,,,,,,,,,,,,,,Yes
https://www.philips.com/product/568337,,,,,,,Industrial Supplies,Equipment & Hardware,Tools & Parts,,568337,568337 120W Led Par38 Med 50k,,,Philips,Phillips Lighting (5831),Signify North America Corp,Philips®,,568337,,Industrial Equipment,"Philips, 568337, 120 W, Industrial Grade, Commercial Quality",120 W LED 120W,Philips® 568337 120 W Led Par38,"Philips®, Model 568337, 120 W",568337,"Philips®, Model 568337, 120 W",,,,,,,,,,,,,,,,,,,,,,,,,,Product,Wattage,120,W,,,,,,,,,,,,,,,,,,,,,,,,,,,,,,,,,,,,,,,,,,,,,,,,,,,,,,,,,,,,,,,,,,,,,,,,,,,,,,,,,,,,,,,,,,,,,,,,,,,,,,,,,,,,,,,,,,,,,,,,,,,,,,,,,,,,,,,,,,,,,,,,,,,,,,,,,,,,,,,,,,,,,,,PHILIPS_568337.jpg,,,,,,,,,PHILIPS_568337_Specification_Sheet.pdf,,,,,,,,,,,,,,,,,,Yes
https://www.philips.com/product/565788,,,,,,,Industrial Supplies,Equipment & Hardware,Tools & Parts,,565788,565788 40W Led A19 Med 27k,,,Philips,Phillips Lighting (5831),Signify North America Corp,Philips®,,565788,,Industrial Equipment,"Philips, 565788, 40 W, Industrial Grade, Commercial Quality, Heavy Duty",40 W LED 40W,Philips® 565788 40 W Led A19,"Philips®, Model 565788, 40 W",565788,"Philips®, Model 565788, 40 W",,,,,,,,,,,,,,,,,,,,,,,,,,Product,Wattage,40,W,,,,,,,,,,,,,,,,,,,,,,,,,,,,,,,,,,,,,,,,,,,,,,,,,,,,,,,,,,,,,,,,,,,,,,,,,,,,,,,,,,,,,,,,,,,,,,,,,,,,,,,,,,,,,,,,,,,,,,,,,,,,,,,,,,,,,,,,,,,,,,,,,,,,,,,,,,,,,,,,,,,,,,,PHILIPS_565788.jpg,,,,,,,,,PHILIPS_565788_Specification_Sheet.pdf,,,,,,,,,,,,,,,,,,Yes
https://www.philips.com/product/565770,,,,,,,Industrial Supplies,Equipment & Hardware,Tools & Parts,,565770,565770 40W Led A19 Med 50k,,,Philips,Phillips Lighting (5831),Signify North America Corp,Philips®,,565770,,Industrial Equipment,"Philips, 565770, 40 W, Industrial Grade, Commercial Quality, Heavy Duty",40 W LED 40W,Philips® 565770 40 W Led A19,"Philips®, Model 565770, 40 W",565770,"Philips®, Model 565770, 40 W",,,,,,,,,,,,,,,,,,,,,,,,,,Product,Wattage,40,W,,,,,,,,,,,,,,,,,,,,,,,,,,,,,,,,,,,,,,,,,,,,,,,,,,,,,,,,,,,,,,,,,,,,,,,,,,,,,,,,,,,,,,,,,,,,,,,,,,,,,,,,,,,,,,,,,,,,,,,,,,,,,,,,,,,,,,,,,,,,,,,,,,,,,,,,,,,,,,,,,,,,,,,PHILIPS_565770.jpg,,,,,,,,,PHILIPS_565770_Specification_Sheet.pdf,,,,,,,,,,,,,,,,,,Yes
https://www.philips.com/product/573436,,,,,,,Industrial Supplies,Equipment & Hardware,Tools & Parts,,573436,573436 60W Led A19 Med 27k 2pk,,,Philips,Phillips Lighting (5831),Signify North America Corp,Philips®,,573436,,Industrial Equipment,"Philips, 573436, 60 W, 2 pc, Industrial Grade, Commercial Quality",60 W LED 60W 2PC,Philips® 573436 60 W Led A19 2 pc,"Philips®, Model 573436, 60 W, 2 pc",573436,"Philips®, Model 573436, 60 W, 2 pc",,,,,,,,,,,,,,,,,,,,,,,,,,Product,Wattage,60,W,Package Quantity,2,pc,,,,,,,,,,,,,,,,,,,,,,,,,,,,,,,,,,,,,,,,,,,,,,,,,,,,,,,,,,,,,,,,,,,,,,,,,,,,,,,,,,,,,,,,,,,,,,,,,,,,,,,,,,,,,,,,,,,,,,,,,,,,,,,,,,,,,,,,,,,,,,,,,,,,,,,,,,,,,,,,,,,,PHILIPS_573436.jpg,,,,,,,,,PHILIPS_573436_Specification_Sheet.pdf,,,,,,,,,,,,,,,,,,Yes
https://www.philips.com/product/576538,,,,,,,Industrial Supplies,Equipment & Hardware,Tools & Parts,,576538,576538 65W Led BR30 Med 50k,,,Philips,Phillips Lighting (5831),Signify North America Corp,Philips®,,576538,,Industrial Equipment,"Philips, 576538, 65 W, Industrial Grade, Commercial Quality, Heavy Duty",65 W LED 65W,Philips® 576538 65 W Led BR30,"Philips®, Model 576538, 65 W",576538,"Philips®, Model 576538, 65 W",,,,,,,,,,,,,,,,,,,,,,,,,,Product,Wattage,65,W,,,,,,,,,,,,,,,,,,,,,,,,,,,,,,,,,,,,,,,,,,,,,,,,,,,,,,,,,,,,,,,,,,,,,,,,,,,,,,,,,,,,,,,,,,,,,,,,,,,,,,,,,,,,,,,,,,,,,,,,,,,,,,,,,,,,,,,,,,,,,,,,,,,,,,,,,,,,,,,,,,,,,,,PHILIPS_576538.jpg,,,,,,,,,PHILIPS_576538_Specification_Sheet.pdf,,,,,,,,,,,,,,,,,,Yes
https://www.philips.com/product/573451,,,,,,,Industrial Supplies,Equipment & Hardware,Tools & Parts,,573451,573451 40W Led Med 27k 2pk,,,Philips,Phillips Lighting (5831),Signify North America Corp,Philips®,,573451,,Industrial Equipment,"Philips, 573451, 40 W, 2 pc, Industrial Grade, Commercial Quality",40 W LED 40W 2PC,Philips® 573451 40 W Led Medium 2 pc,"Philips®, Model 573451, 40 W, 2 pc",573451,"Philips®, Model 573451, 40 W, 2 pc",,,,,,,,,,,,,,,,,,,,,,,,,,Product,Wattage,40,W,Package Quantity,2,pc,,,,,,,,,,,,,,,,,,,,,,,,,,,,,,,,,,,,,,,,,,,,,,,,,,,,,,,,,,,,,,,,,,,,,,,,,,,,,,,,,,,,,,,,,,,,,,,,,,,,,,,,,,,,,,,,,,,,,,,,,,,,,,,,,,,,,,,,,,,,,,,,,,,,,,,,,,,,,,,,,,,,PHILIPS_573451.jpg,,,,,,,,,PHILIPS_573451_Specification_Sheet.pdf,,,,,,,,,,,,,,,,,,Yes
https://www.philips.com/product/586883,,,,,,,Industrial Supplies,Equipment & Hardware,Tools & Parts,,586883,586883 100W Led Multi CCT 2pk,,,Philips,Phillips Lighting (5831),Signify North America Corp,Philips®,,586883,,Industrial Equipment,"Philips, 586883, 100 W, 2 pc, Industrial Grade, Commercial Quality",100 W LED 100W 2PC,Philips® 586883 100 W Led Multi 2 pc,"Philips®, Model 586883, 100 W, 2 pc",586883,"Philips®, Model 586883, 100 W, 2 pc",,,,,,,,,,,,,,,,,,,,,,,,,,Product,Wattage,100,W,Package Quantity,2,pc,,,,,,,,,,,,,,,,,,,,,,,,,,,,,,,,,,,,,,,,,,,,,,,,,,,,,,,,,,,,,,,,,,,,,,,,,,,,,,,,,,,,,,,,,,,,,,,,,,,,,,,,,,,,,,,,,,,,,,,,,,,,,,,,,,,,,,,,,,,,,,,,,,,,,,,,,,,,,,,,,,,,PHILIPS_586883.jpg,,,,,,,,,PHILIPS_586883_Specification_Sheet.pdf,,,,,,,,,,,,,,,,,,Yes
https://www.philips.com/product/586859,,,,,,,Industrial Supplies,Equipment & Hardware,Tools & Parts,,586859,586859 40W Led Med 27K Back Up,,,Philips,Phillips Lighting (5831),Signify North America Corp,Philips®,,586859,,Industrial Equipment,"Philips, 586859, 40 W, Industrial Grade, Commercial Quality, Heavy Duty",40 W LED 40W,Philips® 586859 40 W Led Medium,"Philips®, Model 586859, 40 W",586859,"Philips®, Model 586859, 40 W",,,,,,,,,,,,,,,,,,,,,,,,,,Product,Wattage,40,W,,,,,,,,,,,,,,,,,,,,,,,,,,,,,,,,,,,,,,,,,,,,,,,,,,,,,,,,,,,,,,,,,,,,,,,,,,,,,,,,,,,,,,,,,,,,,,,,,,,,,,,,,,,,,,,,,,,,,,,,,,,,,,,,,,,,,,,,,,,,,,,,,,,,,,,,,,,,,,,,,,,,,,,PHILIPS_586859.jpg,,,,,,,,,PHILIPS_586859_Specification_Sheet.pdf,,,,,,,,,,,,,,,,,,Yes
https://www.philips.com/product/576488,,,,,,,Industrial Supplies,Equipment & Hardware,Tools & Parts,,576488,576488 45W Led R20 Med 50k,,,Philips,Phillips Lighting (5831),Signify North America Corp,Philips®,,576488,,Industrial Equipment,"Philips, 576488, 45 W, Industrial Grade, Commercial Quality, Heavy Duty",45 W LED 45W,Philips® 576488 45 W Led R20,"Philips®, Model 576488, 45 W",576488,"Philips®, Model 576488, 45 W",,,,,,,,,,,,,,,,,,,,,,,,,,Product,Wattage,45,W,,,,,,,,,,,,,,,,,,,,,,,,,,,,,,,,,,,,,,,,,,,,,,,,,,,,,,,,,,,,,,,,,,,,,,,,,,,,,,,,,,,,,,,,,,,,,,,,,,,,,,,,,,,,,,,,,,,,,,,,,,,,,,,,,,,,,,,,,,,,,,,,,,,,,,,,,,,,,,,,,,,,,,,PHILIPS_576488.jpg,,,,,,,,,PHILIPS_576488_Specification_Sheet.pdf,,,,,,,,,,,,,,,,,,Yes
https://www.philips.com/product/575217,,,,,,,Industrial Supplies,Equipment & Hardware,Tools & Parts,,575217,575217 60W Led Med 50k 2pk,,,Philips,Phillips Lighting (5831),Signify North America Corp,Philips®,,575217,,Industrial Equipment,"Philips, 575217, 60 W, 2 pc, Industrial Grade, Commercial Quality",60 W LED 60W 2PC,Philips® 575217 60 W Led Medium 2 pc,"Philips®, Model 575217, 60 W, 2 pc",575217,"Philips®, Model 575217, 60 W, 2 pc",,,,,,,,,,,,,,,,,,,,,,,,,,Product,Wattage,60,W,Package Quantity,2,pc,,,,,,,,,,,,,,,,,,,,,,,,,,,,,,,,,,,,,,,,,,,,,,,,,,,,,,,,,,,,,,,,,,,,,,,,,,,,,,,,,,,,,,,,,,,,,,,,,,,,,,,,,,,,,,,,,,,,,,,,,,,,,,,,,,,,,,,,,,,,,,,,,,,,,,,,,,,,,,,,,,,,PHILIPS_575217.jpg,,,,,,,,,PHILIPS_575217_Specification_Sheet.pdf,,,,,,,,,,,,,,,,,,Yes
https://www.philips.com/product/586479,,,,,,,Industrial Supplies,Equipment & Hardware,Tools & Parts,,586479,586479 90W Led Med Multi CCT,,,Philips,Phillips Lighting (5831),Signify North America Corp,Philips®,,586479,,Industrial Equipment,"Philips, 586479, 90 W, Industrial Grade, Commercial Quality, Heavy Duty",90 W LED 90W,Philips® 586479 90 W Led Medium,"Philips®, Model 586479, 90 W",586479,"Philips®, Model 586479, 90 W",,,,,,,,,,,,,,,,,,,,,,,,,,Product,Wattage,90,W,,,,,,,,,,,,,,,,,,,,,,,,,,,,,,,,,,,,,,,,,,,,,,,,,,,,,,,,,,,,,,,,,,,,,,,,,,,,,,,,,,,,,,,,,,,,,,,,,,,,,,,,,,,,,,,,,,,,,,,,,,,,,,,,,,,,,,,,,,,,,,,,,,,,,,,,,,,,,,,,,,,,,,,PHILIPS_586479.jpg,,,,,,,,,PHILIPS_586479_Specification_Sheet.pdf,,,,,,,,,,,,,,,,,,Yes
https://www.philips.com/product/571471,,,,,,,Industrial Supplies,Equipment & Hardware,Tools & Parts,,571471,571471 100W Led BR30 Med 27k,,,Philips,Phillips Lighting (5831),Signify North America Corp,Philips®,,571471,,Industrial Equipment,"Philips, 571471, 100 W, Industrial Grade, Commercial Quality",100 W LED 100W,Philips® 571471 100 W Led BR30,"Philips®, Model 571471, 100 W",571471,"Philips®, Model 571471, 100 W",,,,,,,,,,,,,,,,,,,,,,,,,,Product,Wattage,100,W,,,,,,,,,,,,,,,,,,,,,,,,,,,,,,,,,,,,,,,,,,,,,,,,,,,,,,,,,,,,,,,,,,,,,,,,,,,,,,,,,,,,,,,,,,,,,,,,,,,,,,,,,,,,,,,,,,,,,,,,,,,,,,,,,,,,,,,,,,,,,,,,,,,,,,,,,,,,,,,,,,,,,,,PHILIPS_571471.jpg,,,,,,,,,PHILIPS_571471_Specification_Sheet.pdf,,,,,,,,,,,,,,,,,,Yes
https://www.philips.com/product/570762,,,,,,,Industrial Supplies,Equipment & Hardware,Tools & Parts,,570762,570762 50W Led Par16 30k 3pk,,,Philips,Phillips Lighting (5831),Signify North America Corp,Philips®,,570762,,Industrial Equipment,"Philips, 570762, 50 W, 3 pc, Industrial Grade, Commercial Quality",50 W LED 50W 3PC,Philips® 570762 50 W Led Par16 3 pc,"Philips®, Model 570762, 50 W, 3 pc",570762,"Philips®, Model 570762, 50 W, 3 pc",,,,,,,,,,,,,,,,,,,,,,,,,,Product,Wattage,50,W,Package Quantity,3,pc,,,,,,,,,,,,,,,,,,,,,,,,,,,,,,,,,,,,,,,,,,,,,,,,,,,,,,,,,,,,,,,,,,,,,,,,,,,,,,,,,,,,,,,,,,,,,,,,,,,,,,,,,,,,,,,,,,,,,,,,,,,,,,,,,,,,,,,,,,,,,,,,,,,,,,,,,,,,,,,,,,,,PHILIPS_570762.jpg,,,,,,,,,PHILIPS_570762_Specification_Sheet.pdf,,,,,,,,,,,,,,,,,,Yes
https://www.philips.com/product/533352,,,,,,,Industrial Supplies,Equipment & Hardware,Tools & Parts,,533352,571505 150W Led Med 50k,,,Philips,Phillips Lighting (5831),Signify North America Corp,Philips®,,533352,,Industrial Equipment,"Philips, 533352, 150 W, Industrial Grade, Commercial Quality",571505 150 W 150W,Philips® 533352 571505 150 W Led,"Philips®, Model 533352, 150 W",533352,"Philips®, Model 533352, 150 W",,,,,,,,,,,,,,,,,,,,,,,,,,Product,Wattage,150,W,,,,,,,,,,,,,,,,,,,,,,,,,,,,,,,,,,,,,,,,,,,,,,,,,,,,,,,,,,,,,,,,,,,,,,,,,,,,,,,,,,,,,,,,,,,,,,,,,,,,,,,,,,,,,,,,,,,,,,,,,,,,,,,,,,,,,,,,,,,,,,,,,,,,,,,,,,,,,,,,,,,,,,,PHILIPS_533352.jpg,,,,,,,,,PHILIPS_533352_Specification_Sheet.pdf,,,,,,,,,,,,,,,,,,Yes
https://www.philips.com/product/573519,,,,,,,Industrial Supplies,Equipment & Hardware,Tools & Parts,,573519,573519 100W Led A21 27k 2pk,,,Philips,Phillips Lighting (5831),Signify North America Corp,Philips®,,573519,,Industrial Equipment,"Philips, 573519, 100 W, 2 pc, Industrial Grade, Commercial Quality",100 W LED 100W 2PC,Philips® 573519 100 W Led A21 2 pc,"Philips®, Model 573519, 100 W, 2 pc",573519,"Philips®, Model 573519, 100 W, 2 pc",,,,,,,,,,,,,,,,,,,,,,,,,,Product,Wattage,100,W,Package Quantity,2,pc,,,,,,,,,,,,,,,,,,,,,,,,,,,,,,,,,,,,,,,,,,,,,,,,,,,,,,,,,,,,,,,,,,,,,,,,,,,,,,,,,,,,,,,,,,,,,,,,,,,,,,,,,,,,,,,,,,,,,,,,,,,,,,,,,,,,,,,,,,,,,,,,,,,,,,,,,,,,,,,,,,,,PHILIPS_573519.jpg,,,,,,,,,PHILIPS_573519_Specification_Sheet.pdf,,,,,,,,,,,,,,,,,,Yes
https://www.philips.com/product/573378,,,,,,,Industrial Supplies,Equipment & Hardware,Tools & Parts,,573378,573378 60W Led Med 27k 3pk,,,Philips,Phillips Lighting (5831),Signify North America Corp,Philips®,,573378,,Industrial Equipment,"Philips, 573378, 60 W, 3 pc, Industrial Grade, Commercial Quality",60 W LED 60W 3PC,Philips® 573378 60 W Led Medium 3 pc,"Philips®, Model 573378, 60 W, 3 pc",573378,"Philips®, Model 573378, 60 W, 3 pc",,,,,,,,,,,,,,,,,,,,,,,,,,Product,Wattage,60,W,Package Quantity,3,pc,,,,,,,,,,,,,,,,,,,,,,,,,,,,,,,,,,,,,,,,,,,,,,,,,,,,,,,,,,,,,,,,,,,,,,,,,,,,,,,,,,,,,,,,,,,,,,,,,,,,,,,,,,,,,,,,,,,,,,,,,,,,,,,,,,,,,,,,,,,,,,,,,,,,,,,,,,,,,,,,,,,,PHILIPS_573378.jpg,,,,,,,,,PHILIPS_573378_Specification_Sheet.pdf,,,,,,,,,,,,,,,,,,Yes
https://www.philips.com/product/565622,,,,,,,Industrial Supplies,Equipment & Hardware,Tools & Parts,,565622,565622 60W Led Med 20k,,,Philips,Phillips Lighting (5831),Signify North America Corp,Philips®,,565622,,Industrial Equipment,"Philips, 565622, 60 W, Industrial Grade, Commercial Quality, Heavy Duty",60 W LED 60W,Philips® 565622 60 W Led Medium,"Philips®, Model 565622, 60 W",565622,"Philips®, Model 565622, 60 W",,,,,,,,,,,,,,,,,,,,,,,,,,Product,Wattage,60,W,,,,,,,,,,,,,,,,,,,,,,,,,,,,,,,,,,,,,,,,,,,,,,,,,,,,,,,,,,,,,,,,,,,,,,,,,,,,,,,,,,,,,,,,,,,,,,,,,,,,,,,,,,,,,,,,,,,,,,,,,,,,,,,,,,,,,,,,,,,,,,,,,,,,,,,,,,,,,,,,,,,,,,,PHILIPS_565622.jpg,,,,,,,,,PHILIPS_565622_Specification_Sheet.pdf,,,,,,,,,,,,,,,,,,Yes
https://www.philips.com/product/586891,,,,,,,Industrial Supplies,Equipment & Hardware,Tools & Parts,,586891,586891 Led 60W Med A19 27k,,,Philips,Phillips Lighting (5831),Signify North America Corp,Philips®,,586891,,Industrial Equipment,"Philips, 586891, 60 W, Industrial Grade, Commercial Quality, Heavy Duty",LED 60 W 60W,Philips® 586891 Led 60 W Medium,"Philips®, Model 586891, 60 W",586891,"Philips®, Model 586891, 60 W",,,,,,,,,,,,,,,,,,,,,,,,,,Product,Wattage,60,W,,,,,,,,,,,,,,,,,,,,,,,,,,,,,,,,,,,,,,,,,,,,,,,,,,,,,,,,,,,,,,,,,,,,,,,,,,,,,,,,,,,,,,,,,,,,,,,,,,,,,,,,,,,,,,,,,,,,,,,,,,,,,,,,,,,,,,,,,,,,,,,,,,,,,,,,,,,,,,,,,,,,,,,PHILIPS_586891.jpg,,,,,,,,,PHILIPS_586891_Specification_Sheet.pdf,,,,,,,,,,,,,,,,,,Yes
https://www.philips.com/product/585448,,,,,,,Industrial Supplies,Equipment & Hardware,Tools & Parts,,585448,585448 120W Led Motion Bulb,,,Philips,Phillips Lighting (5831),Signify North America Corp,Philips®,,585448,,Industrial Equipment,"Philips, 585448, 120 W, Industrial Grade, Commercial Quality",120 W LED 120W,Philips® 585448 120 W Led Motion,"Philips®, Model 585448, 120 W",585448,"Philips®, Model 585448, 120 W",,,,,,,,,,,,,,,,,,,,,,,,,,Product,Wattage,120,W,,,,,,,,,,,,,,,,,,,,,,,,,,,,,,,,,,,,,,,,,,,,,,,,,,,,,,,,,,,,,,,,,,,,,,,,,,,,,,,,,,,,,,,,,,,,,,,,,,,,,,,,,,,,,,,,,,,,,,,,,,,,,,,,,,,,,,,,,,,,,,,,,,,,,,,,,,,,,,,,,,,,,,,PHILIPS_585448.jpg,,,,,,,,,PHILIPS_585448_Specification_Sheet.pdf,,,,,,,,,,,,,,,,,,Yes
https://www.philips.com/product/573444,,,,,,,Industrial Supplies,Equipment & Hardware,Tools & Parts,,573444,573444 60W Led A19 Med 50k 2pk,,,Philips,Phillips Lighting (5831),Signify North America Corp,Philips®,,573444,,Industrial Equipment,"Philips, 573444, 60 W, 2 pc, Industrial Grade, Commercial Quality",60 W LED 60W 2PC,Philips® 573444 60 W Led A19 2 pc,"Philips®, Model 573444, 60 W, 2 pc",573444,"Philips®, Model 573444, 60 W, 2 pc",,,,,,,,,,,,,,,,,,,,,,,,,,Product,Wattage,60,W,Package Quantity,2,pc,,,,,,,,,,,,,,,,,,,,,,,,,,,,,,,,,,,,,,,,,,,,,,,,,,,,,,,,,,,,,,,,,,,,,,,,,,,,,,,,,,,,,,,,,,,,,,,,,,,,,,,,,,,,,,,,,,,,,,,,,,,,,,,,,,,,,,,,,,,,,,,,,,,,,,,,,,,,,,,,,,,,PHILIPS_573444.jpg,,,,,,,,,PHILIPS_573444_Specification_Sheet.pdf,,,,,,,,,,,,,,,,,,Yes
https://www.philips.com/product/566687,,,,,,,Industrial Supplies,Equipment & Hardware,Tools & Parts,,566687,566687 60W Cand Led 27k 3pk,,,Philips,Phillips Lighting (5831),Signify North America Corp,Philips®,,566687,,Industrial Equipment,"Philips, 566687, 60 W, 3 pc, Industrial Grade, Commercial Quality",60 W CANDELABRA 60W 3PC,Philips® 566687 60 W Candelabra Led 3 pc,"Philips®, Model 566687, 60 W, 3 pc",566687,"Philips®, Model 566687, 60 W, 3 pc",,,,,,,,,,,,,,,,,,,,,,,,,,Product,Wattage,60,W,Package Quantity,3,pc,,,,,,,,,,,,,,,,,,,,,,,,,,,,,,,,,,,,,,,,,,,,,,,,,,,,,,,,,,,,,,,,,,,,,,,,,,,,,,,,,,,,,,,,,,,,,,,,,,,,,,,,,,,,,,,,,,,,,,,,,,,,,,,,,,,,,,,,,,,,,,,,,,,,,,,,,,,,,,,,,,,,PHILIPS_566687.jpg,,,,,,,,,PHILIPS_566687_Specification_Sheet.pdf,,,,,,,,,,,,,,,,,,Yes
https://www.philips.com/product/564385,,,,,,,Industrial Supplies,Equipment & Hardware,Tools & Parts,,564385,564385 40w Led Med 27k 2pk,,,Philips,Phillips Lighting (5831),Signify North America Corp,Philips®,,564385,,Industrial Equipment,"Philips, 564385, 40 W, 2 pc, Industrial Grade, Commercial Quality",40 W LED 40W 2PC,Philips® 564385 40 W Led Medium 2 pc,"Philips®, Model 564385, 40 W, 2 pc",564385,"Philips®, Model 564385, 40 W, 2 pc",,,,,,,,,,,,,,,,,,,,,,,,,,Product,Wattage,40,W,Package Quantity,2,pc,,,,,,,,,,,,,,,,,,,,,,,,,,,,,,,,,,,,,,,,,,,,,,,,,,,,,,,,,,,,,,,,,,,,,,,,,,,,,,,,,,,,,,,,,,,,,,,,,,,,,,,,,,,,,,,,,,,,,,,,,,,,,,,,,,,,,,,,,,,,,,,,,,,,,,,,,,,,,,,,,,,,PHILIPS_564385.jpg,,,,,,,,,PHILIPS_564385_Specification_Sheet.pdf,,,,,,,,,,,,,,,,,,Yes
https://www.philips.com/product/566661,,,,,,,Industrial Supplies,Equipment & Hardware,Tools & Parts,,566661,566661 40W LED Cand 27k 3pk,,,Philips,Phillips Lighting (5831),Signify North America Corp,Philips®,,566661,,Industrial Equipment,"Philips, 566661, 40 W, 3 pc, Industrial Grade, Commercial Quality",40 W LED 40W 3PC,Philips® 566661 40 W LED Candelabra 3 pc,"Philips®, Model 566661, 40 W, 3 pc",566661,"Philips®, Model 566661, 40 W, 3 pc",,,,,,,,,,,,,,,,,,,,,,,,,,Product,Wattage,40,W,Package Quantity,3,pc,,,,,,,,,,,,,,,,,,,,,,,,,,,,,,,,,,,,,,,,,,,,,,,,,,,,,,,,,,,,,,,,,,,,,,,,,,,,,,,,,,,,,,,,,,,,,,,,,,,,,,,,,,,,,,,,,,,,,,,,,,,,,,,,,,,,,,,,,,,,,,,,,,,,,,,,,,,,,,,,,,,,PHILIPS_566661.jpg,,,,,,,,,PHILIPS_566661_Specification_Sheet.pdf,,,,,,,,,,,,,,,,,,Yes
https://www.philips.com/product/564898,,,,,,,Industrial Supplies,Equipment & Hardware,Tools & Parts,,564898,564898 60W Cand Led 50k 3pk,,,Philips,Phillips Lighting (5831),Signify North America Corp,Philips®,,564898,,Industrial Equipment,"Philips, 564898, 60 W, 3 pc, Industrial Grade, Commercial Quality",60 W CANDELABRA 60W 3PC,Philips® 564898 60 W Candelabra Led 3 pc,"Philips®, Model 564898, 60 W, 3 pc",564898,"Philips®, Model 564898, 60 W, 3 pc",,,,,,,,,,,,,,,,,,,,,,,,,,Product,Wattage,60,W,Package Quantity,3,pc,,,,,,,,,,,,,,,,,,,,,,,,,,,,,,,,,,,,,,,,,,,,,,,,,,,,,,,,,,,,,,,,,,,,,,,,,,,,,,,,,,,,,,,,,,,,,,,,,,,,,,,,,,,,,,,,,,,,,,,,,,,,,,,,,,,,,,,,,,,,,,,,,,,,,,,,,,,,,,,,,,,,PHILIPS_564898.jpg,,,,,,,,,PHILIPS_564898_Specification_Sheet.pdf,,,,,,,,,,,,,,,,,,Yes
https://www.philips.com/product/538319,,,,,,,Industrial Supplies,Equipment & Hardware,Tools & Parts,,538319,588525 40W Led Cand 3pk,,,Philips,Phillips Lighting (5831),Signify North America Corp,Philips®,,538319,,Industrial Equipment,"Philips, 538319, 40 W, 3 pc, Industrial Grade, Commercial Quality",588525 40 W 40W 3PC,Philips® 538319 588525 40 W Led 3 pc,"Philips®, Model 538319, 40 W, 3 pc",538319,"Philips®, Model 538319, 40 W, 3 pc",,,,,,,,,,,,,,,,,,,,,,,,,,Product,Wattage,40,W,Package Quantity,3,pc,,,,,,,,,,,,,,,,,,,,,,,,,,,,,,,,,,,,,,,,,,,,,,,,,,,,,,,,,,,,,,,,,,,,,,,,,,,,,,,,,,,,,,,,,,,,,,,,,,,,,,,,,,,,,,,,,,,,,,,,,,,,,,,,,,,,,,,,,,,,,,,,,,,,,,,,,,,,,,,,,,,,PHILIPS_538319.jpg,,,,,,,,,PHILIPS_538319_Specification_Sheet.pdf,,,,,,,,,,,,,,,,,,Yes
https://www.philips.com/product/576009,,,,,,,Industrial Supplies,Equipment & Hardware,Tools & Parts,,576009,576009 100W Led Par30L Med 50k,,,Philips,Phillips Lighting (5831),Signify North America Corp,Philips®,,576009,,Industrial Equipment,"Philips, 576009, 100 W, Industrial Grade, Commercial Quality",100 W LED 100W,Philips® 576009 100 W Led Par30L,"Philips®, Model 576009, 100 W",576009,"Philips®, Model 576009, 100 W",,,,,,,,,,,,,,,,,,,,,,,,,,Product,Wattage,100,W,,,,,,,,,,,,,,,,,,,,,,,,,,,,,,,,,,,,,,,,,,,,,,,,,,,,,,,,,,,,,,,,,,,,,,,,,,,,,,,,,,,,,,,,,,,,,,,,,,,,,,,,,,,,,,,,,,,,,,,,,,,,,,,,,,,,,,,,,,,,,,,,,,,,,,,,,,,,,,,,,,,,,,,PHILIPS_576009.jpg,,,,,,,,,PHILIPS_576009_Specification_Sheet.pdf,,,,,,,,,,,,,,,,,,Yes
https://www.philips.com/product/564450,,,,,,,Industrial Supplies,Equipment & Hardware,Tools & Parts,,564450,564450 40W Led Cand 27k 2pk,,,Philips,Phillips Lighting (5831),Signify North America Corp,Philips®,,564450,,Industrial Equipment,"Philips, 564450, 40 W, 2 pc, Industrial Grade, Commercial Quality",40 W LED 40W 2PC,Philips® 564450 40 W Led Candelabra 2 pc,"Philips®, Model 564450, 40 W, 2 pc",564450,"Philips®, Model 564450, 40 W, 2 pc",,,,,,,,,,,,,,,,,,,,,,,,,,Product,Wattage,40,W,Package Quantity,2,pc,,,,,,,,,,,,,,,,,,,,,,,,,,,,,,,,,,,,,,,,,,,,,,,,,,,,,,,,,,,,,,,,,,,,,,,,,,,,,,,,,,,,,,,,,,,,,,,,,,,,,,,,,,,,,,,,,,,,,,,,,,,,,,,,,,,,,,,,,,,,,,,,,,,,,,,,,,,,,,,,,,,,PHILIPS_564450.jpg,,,,,,,,,PHILIPS_564450_Specification_Sheet.pdf,,,,,,,,,,,,,,,,,,Yes
https://www.philips.com/product/572669,,,,,,,Industrial Supplies,Equipment & Hardware,Tools & Parts,,572669,572669 60W Led F15 Med 27k,,,Philips,Phillips Lighting (5831),Signify North America Corp,Philips®,,572669,,Industrial Equipment,"Philips, 572669, 60 W, Industrial Grade, Commercial Quality, Heavy Duty",60 W LED 60W,Philips® 572669 60 W Led F15,"Philips®, Model 572669, 60 W",572669,"Philips®, Model 572669, 60 W",,,,,,,,,,,,,,,,,,,,,,,,,,Product,Wattage,60,W,,,,,,,,,,,,,,,,,,,,,,,,,,,,,,,,,,,,,,,,,,,,,,,,,,,,,,,,,,,,,,,,,,,,,,,,,,,,,,,,,,,,,,,,,,,,,,,,,,,,,,,,,,,,,,,,,,,,,,,,,,,,,,,,,,,,,,,,,,,,,,,,,,,,,,,,,,,,,,,,,,,,,,,PHILIPS_572669.jpg,,,,,,,,,PHILIPS_572669_Specification_Sheet.pdf,,,,,,,,,,,,,,,,,,Yes
https://www.philips.com/product/564906,,,,,,,Industrial Supplies,Equipment & Hardware,Tools & Parts,,564906,564906 60W Led Med 27k 2pk,,,Philips,Phillips Lighting (5831),Signify North America Corp,Philips®,,564906,,Industrial Equipment,"Philips, 564906, 60 W, 2 pc, Industrial Grade, Commercial Quality",60 W LED 60W 2PC,Philips® 564906 60 W Led Medium 2 pc,"Philips®, Model 564906, 60 W, 2 pc",564906,"Philips®, Model 564906, 60 W, 2 pc",,,,,,,,,,,,,,,,,,,,,,,,,,Product,Wattage,60,W,Package Quantity,2,pc,,,,,,,,,,,,,,,,,,,,,,,,,,,,,,,,,,,,,,,,,,,,,,,,,,,,,,,,,,,,,,,,,,,,,,,,,,,,,,,,,,,,,,,,,,,,,,,,,,,,,,,,,,,,,,,,,,,,,,,,,,,,,,,,,,,,,,,,,,,,,,,,,,,,,,,,,,,,,,,,,,,,PHILIPS_564906.jpg,,,,,,,,,PHILIPS_564906_Specification_Sheet.pdf,,,,,,,,,,,,,,,,,,Yes
https://www.philips.com/product/573410,,,,,,,Industrial Supplies,Equipment & Hardware,Tools & Parts,,573410,573410 40W Led A19 Med 27k 2pk,,,Philips,Phillips Lighting (5831),Signify North America Corp,Philips®,,573410,,Industrial Equipment,"Philips, 573410, 40 W, 2 pc, Industrial Grade, Commercial Quality",40 W LED 40W 2PC,Philips® 573410 40 W Led A19 2 pc,"Philips®, Model 573410, 40 W, 2 pc",573410,"Philips®, Model 573410, 40 W, 2 pc",,,,,,,,,,,,,,,,,,,,,,,,,,Product,Wattage,40,W,Package Quantity,2,pc,,,,,,,,,,,,,,,,,,,,,,,,,,,,,,,,,,,,,,,,,,,,,,,,,,,,,,,,,,,,,,,,,,,,,,,,,,,,,,,,,,,,,,,,,,,,,,,,,,,,,,,,,,,,,,,,,,,,,,,,,,,,,,,,,,,,,,,,,,,,,,,,,,,,,,,,,,,,,,,,,,,,PHILIPS_573410.jpg,,,,,,,,,PHILIPS_573410_Specification_Sheet.pdf,,,,,,,,,,,,,,,,,,Yes
https://www.philips.com/product/576504,,,,,,,Industrial Supplies,Equipment & Hardware,Tools & Parts,,576504,576504 65W Led BR40 Med 50k,,,Philips,Phillips Lighting (5831),Signify North America Corp,Philips®,,576504,,Industrial Equipment,"Philips, 576504, 65 W, Industrial Grade, Commercial Quality, Heavy Duty",65 W LED 65W,Philips® 576504 65 W Led BR40,"Philips®, Model 576504, 65 W",576504,"Philips®, Model 576504, 65 W",,,,,,,,,,,,,,,,,,,,,,,,,,Product,Wattage,65,W,,,,,,,,,,,,,,,,,,,,,,,,,,,,,,,,,,,,,,,,,,,,,,,,,,,,,,,,,,,,,,,,,,,,,,,,,,,,,,,,,,,,,,,,,,,,,,,,,,,,,,,,,,,,,,,,,,,,,,,,,,,,,,,,,,,,,,,,,,,,,,,,,,,,,,,,,,,,,,,,,,,,,,,PHILIPS_576504.jpg,,,,,,,,,PHILIPS_576504_Specification_Sheet.pdf,,,,,,,,,,,,,,,,,,Yes
https://www.philips.com/product/576017,,,,,,,Industrial Supplies,Equipment & Hardware,Tools & Parts,,576017,576017 100W Led Par30L Med 30k,,,Philips,Phillips Lighting (5831),Signify North America Corp,Philips®,,576017,,Industrial Equipment,"Philips, 576017, 100 W, Industrial Grade, Commercial Quality",100 W LED 100W,Philips® 576017 100 W Led Par30L,"Philips®, Model 576017, 100 W",576017,"Philips®, Model 576017, 100 W",,,,,,,,,,,,,,,,,,,,,,,,,,Product,Wattage,100,W,,,,,,,,,,,,,,,,,,,,,,,,,,,,,,,,,,,,,,,,,,,,,,,,,,,,,,,,,,,,,,,,,,,,,,,,,,,,,,,,,,,,,,,,,,,,,,,,,,,,,,,,,,,,,,,,,,,,,,,,,,,,,,,,,,,,,,,,,,,,,,,,,,,,,,,,,,,,,,,,,,,,,,,PHILIPS_576017.jpg,,,,,,,,,PHILIPS_576017_Specification_Sheet.pdf,,,,,,,,,,,,,,,,,,Yes
https://www.philips.com/product/574392,,,,,,,Industrial Supplies,Equipment & Hardware,Tools & Parts,,574392,574392 40W Led B11 Med 27k 3pk,,,Philips,Phillips Lighting (5831),Signify North America Corp,Philips®,,574392,,Industrial Equipment,"Philips, 574392, 40 W, 3 pc, Industrial Grade, Commercial Quality",40 W LED 40W 3PC,Philips® 574392 40 W Led B11 3 pc,"Philips®, Model 574392, 40 W, 3 pc",574392,"Philips®, Model 574392, 40 W, 3 pc",,,,,,,,,,,,,,,,,,,,,,,,,,Product,Wattage,40,W,Package Quantity,3,pc,,,,,,,,,,,,,,,,,,,,,,,,,,,,,,,,,,,,,,,,,,,,,,,,,,,,,,,,,,,,,,,,,,,,,,,,,,,,,,,,,,,,,,,,,,,,,,,,,,,,,,,,,,,,,,,,,,,,,,,,,,,,,,,,,,,,,,,,,,,,,,,,,,,,,,,,,,,,,,,,,,,,PHILIPS_574392.jpg,,,,,,,,,PHILIPS_574392_Specification_Sheet.pdf,,,,,,,,,,,,,,,,,,Yes
https://www.philips.com/product/576751,,,,,,,Industrial Supplies,Equipment & Hardware,Tools & Parts,,576751,576751 65W Led BR30 Med 3pk,,,Philips,Phillips Lighting (5831),Signify North America Corp,Philips®,,576751,,Industrial Equipment,"Philips, 576751, 65 W, 3 pc, Industrial Grade, Commercial Quality",65 W LED 65W 3PC,Philips® 576751 65 W Led BR30 3 pc,"Philips®, Model 576751, 65 W, 3 pc",576751,"Philips®, Model 576751, 65 W, 3 pc",,,,,,,,,,,,,,,,,,,,,,,,,,Product,Wattage,65,W,Package Quantity,3,pc,,,,,,,,,,,,,,,,,,,,,,,,,,,,,,,,,,,,,,,,,,,,,,,,,,,,,,,,,,,,,,,,,,,,,,,,,,,,,,,,,,,,,,,,,,,,,,,,,,,,,,,,,,,,,,,,,,,,,,,,,,,,,,,,,,,,,,,,,,,,,,,,,,,,,,,,,,,,,,,,,,,,PHILIPS_576751.jpg,,,,,,,,,PHILIPS_576751_Specification_Sheet.pdf,,,,,,,,,,,,,,,,,,Yes
https://www.philips.com/product/583161,,,,,,,Industrial Supplies,Equipment & Hardware,Tools & Parts,,583161,583161 Led 65W Med BR30 3pk,,,Philips,Phillips Lighting (5831),Signify North America Corp,Philips®,,583161,,Industrial Equipment,"Philips, 583161, 65 W, 3 pc, Industrial Grade, Commercial Quality",LED 65 W 65W 3PC,Philips® 583161 Led 65 W Medium 3 pc,"Philips®, Model 583161, 65 W, 3 pc",583161,"Philips®, Model 583161, 65 W, 3 pc",,,,,,,,,,,,,,,,,,,,,,,,,,Product,Wattage,65,W,Package Quantity,3,pc,,,,,,,,,,,,,,,,,,,,,,,,,,,,,,,,,,,,,,,,,,,,,,,,,,,,,,,,,,,,,,,,,,,,,,,,,,,,,,,,,,,,,,,,,,,,,,,,,,,,,,,,,,,,,,,,,,,,,,,,,,,,,,,,,,,,,,,,,,,,,,,,,,,,,,,,,,,,,,,,,,,,PHILIPS_583161.jpg,,,,,,,,,PHILIPS_583161_Specification_Sheet.pdf,,,,,,,,,,,,,,,,,,Yes
https://www.philips.com/product/566695,,,,,,,Industrial Supplies,Equipment & Hardware,Tools & Parts,,566695,566695 60W Led Med 27k 3pk,,,Philips,Phillips Lighting (5831),Signify North America Corp,Philips®,,566695,,Industrial Equipment,"Philips, 566695, 60 W, 3 pc, Industrial Grade, Commercial Quality",60 W LED 60W 3PC,Philips® 566695 60 W Led Medium 3 pc,"Philips®, Model 566695, 60 W, 3 pc",566695,"Philips®, Model 566695, 60 W, 3 pc",,,,,,,,,,,,,,,,,,,,,,,,,,Product,Wattage,60,W,Package Quantity,3,pc,,,,,,,,,,,,,,,,,,,,,,,,,,,,,,,,,,,,,,,,,,,,,,,,,,,,,,,,,,,,,,,,,,,,,,,,,,,,,,,,,,,,,,,,,,,,,,,,,,,,,,,,,,,,,,,,,,,,,,,,,,,,,,,,,,,,,,,,,,,,,,,,,,,,,,,,,,,,,,,,,,,,PHILIPS_566695.jpg,,,,,,,,,PHILIPS_566695_Specification_Sheet.pdf,,,,,,,,,,,,,,,,,,Yes
https://www.philips.com/product/577007,,,,,,,Industrial Supplies,Equipment & Hardware,Tools & Parts,,577007,577007 125W Led Med 30k Flood,,,Philips,Phillips Lighting (5831),Signify North America Corp,Philips®,,577007,,Industrial Equipment,"Philips, 577007, 125 W, Industrial Grade, Commercial Quality",125 W LED 125W,Philips® 577007 125 W Led Medium,"Philips®, Model 577007, 125 W",577007,"Philips®, Model 577007, 125 W",,,,,,,,,,,,,,,,,,,,,,,,,,Product,Wattage,125,W,,,,,,,,,,,,,,,,,,,,,,,,,,,,,,,,,,,,,,,,,,,,,,,,,,,,,,,,,,,,,,,,,,,,,,,,,,,,,,,,,,,,,,,,,,,,,,,,,,,,,,,,,,,,,,,,,,,,,,,,,,,,,,,,,,,,,,,,,,,,,,,,,,,,,,,,,,,,,,,,,,,,,,,PHILIPS_577007.jpg,,,,,,,,,PHILIPS_577007_Specification_Sheet.pdf,,,,,,,,,,,,,,,,,,Yes
https://www.philips.com/product/566653,,,,,,,Industrial Supplies,Equipment & Hardware,Tools & Parts,,566653,566653 25W Led Cand 27k 3pk,,,Philips,Phillips Lighting (5831),Signify North America Corp,Philips®,,566653,,Industrial Equipment,"Philips, 566653, 25 W, 3 pc, Industrial Grade, Commercial Quality",25 W LED 25W 3PC,Philips® 566653 25 W Led Candelabra 3 pc,"Philips®, Model 566653, 25 W, 3 pc",566653,"Philips®, Model 566653, 25 W, 3 pc",,,,,,,,,,,,,,,,,,,,,,,,,,Product,Wattage,25,W,Package Quantity,3,pc,,,,,,,,,,,,,,,,,,,,,,,,,,,,,,,,,,,,,,,,,,,,,,,,,,,,,,,,,,,,,,,,,,,,,,,,,,,,,,,,,,,,,,,,,,,,,,,,,,,,,,,,,,,,,,,,,,,,,,,,,,,,,,,,,,,,,,,,,,,,,,,,,,,,,,,,,,,,,,,,,,,,PHILIPS_566653.jpg,,,,,,,,,PHILIPS_566653_Specification_Sheet.pdf,,,,,,,,,,,,,,,,,,Yes
https://www.philips.com/product/566679,,,,,,,Industrial Supplies,Equipment & Hardware,Tools & Parts,,566679,566679 40W Led Med 27k 3pk,,,Philips,Phillips Lighting (5831),Signify North America Corp,Philips®,,566679,,Industrial Equipment,"Philips, 566679, 40 W, 3 pc, Industrial Grade, Commercial Quality",40 W LED 40W 3PC,Philips® 566679 40 W Led Medium 3 pc,"Philips®, Model 566679, 40 W, 3 pc",566679,"Philips®, Model 566679, 40 W, 3 pc",,,,,,,,,,,,,,,,,,,,,,,,,,Product,Wattage,40,W,Package Quantity,3,pc,,,,,,,,,,,,,,,,,,,,,,,,,,,,,,,,,,,,,,,,,,,,,,,,,,,,,,,,,,,,,,,,,,,,,,,,,,,,,,,,,,,,,,,,,,,,,,,,,,,,,,,,,,,,,,,,,,,,,,,,,,,,,,,,,,,,,,,,,,,,,,,,,,,,,,,,,,,,,,,,,,,,PHILIPS_566679.jpg,,,,,,,,,PHILIPS_566679_Specification_Sheet.pdf,,,,,,,,,,,,,,,,,,Yes
https://www.philips.com/product/573311,,,,,,,Industrial Supplies,Equipment & Hardware,Tools & Parts,,573311,573311 60W Led Med 27k 2pk,,,Philips,Phillips Lighting (5831),Signify North America Corp,Philips®,,573311,,Industrial Equipment,"Philips, 573311, 60 W, 2 pc, Industrial Grade, Commercial Quality",60 W LED 60W 2PC,Philips® 573311 60 W Led Medium 2 pc,"Philips®, Model 573311, 60 W, 2 pc",573311,"Philips®, Model 573311, 60 W, 2 pc",,,,,,,,,,,,,,,,,,,,,,,,,,Product,Wattage,60,W,Package Quantity,2,pc,,,,,,,,,,,,,,,,,,,,,,,,,,,,,,,,,,,,,,,,,,,,,,,,,,,,,,,,,,,,,,,,,,,,,,,,,,,,,,,,,,,,,,,,,,,,,,,,,,,,,,,,,,,,,,,,,,,,,,,,,,,,,,,,,,,,,,,,,,,,,,,,,,,,,,,,,,,,,,,,,,,,PHILIPS_573311.jpg,,,,,,,,,PHILIPS_573311_Specification_Sheet.pdf,,,,,,,,,,,,,,,,,,Yes
https://www.philips.com/product/573394,,,,,,,Industrial Supplies,Equipment & Hardware,Tools & Parts,,573394,573394 60W Led Cand 27k 2pk,,,Philips,Phillips Lighting (5831),Signify North America Corp,Philips®,,573394,,Industrial Equipment,"Philips, 573394, 60 W, 2 pc, Industrial Grade, Commercial Quality",60 W LED 60W 2PC,Philips® 573394 60 W Led Candelabra 2 pc,"Philips®, Model 573394, 60 W, 2 pc",573394,"Philips®, Model 573394, 60 W, 2 pc",,,,,,,,,,,,,,,,,,,,,,,,,,Product,Wattage,60,W,Package Quantity,2,pc,,,,,,,,,,,,,,,,,,,,,,,,,,,,,,,,,,,,,,,,,,,,,,,,,,,,,,,,,,,,,,,,,,,,,,,,,,,,,,,,,,,,,,,,,,,,,,,,,,,,,,,,,,,,,,,,,,,,,,,,,,,,,,,,,,,,,,,,,,,,,,,,,,,,,,,,,,,,,,,,,,,,PHILIPS_573394.jpg,,,,,,,,,PHILIPS_573394_Specification_Sheet.pdf,,,,,,,,,,,,,,,,,,Yes
https://www.philips.com/product/573329,,,,,,,Industrial Supplies,Equipment & Hardware,Tools & Parts,,573329,573329 60W Cand Led 27k 2pk,,,Philips,Phillips Lighting (5831),Signify North America Corp,Philips®,,573329,,Industrial Equipment,"Philips, 573329, 60 W, 2 pc, Industrial Grade, Commercial Quality",60 W CANDELABRA 60W 2PC,Philips® 573329 60 W Candelabra Led 2 pc,"Philips®, Model 573329, 60 W, 2 pc",573329,"Philips®, Model 573329, 60 W, 2 pc",,,,,,,,,,,,,,,,,,,,,,,,,,Product,Wattage,60,W,Package Quantity,2,pc,,,,,,,,,,,,,,,,,,,,,,,,,,,,,,,,,,,,,,,,,,,,,,,,,,,,,,,,,,,,,,,,,,,,,,,,,,,,,,,,,,,,,,,,,,,,,,,,,,,,,,,,,,,,,,,,,,,,,,,,,,,,,,,,,,,,,,,,,,,,,,,,,,,,,,,,,,,,,,,,,,,,PHILIPS_573329.jpg,,,,,,,,,PHILIPS_573329_Specification_Sheet.pdf,,,,,,,,,,,,,,,,,,Yes
https://www.philips.com/product/564930,,,,,,,Industrial Supplies,Equipment & Hardware,Tools & Parts,,564930,564930 40W Cand Led 50k 3pk,,,Philips,Phillips Lighting (5831),Signify North America Corp,Philips®,,564930,,Industrial Equipment,"Philips, 564930, 40 W, 3 pc, Industrial Grade, Commercial Quality",40 W CANDELABRA 40W 3PC,Philips® 564930 40 W Candelabra Led 3 pc,"Philips®, Model 564930, 40 W, 3 pc",564930,"Philips®, Model 564930, 40 W, 3 pc",,,,,,,,,,,,,,,,,,,,,,,,,,Product,Wattage,40,W,Package Quantity,3,pc,,,,,,,,,,,,,,,,,,,,,,,,,,,,,,,,,,,,,,,,,,,,,,,,,,,,,,,,,,,,,,,,,,,,,,,,,,,,,,,,,,,,,,,,,,,,,,,,,,,,,,,,,,,,,,,,,,,,,,,,,,,,,,,,,,,,,,,,,,,,,,,,,,,,,,,,,,,,,,,,,,,,PHILIPS_564930.jpg,,,,,,,,,PHILIPS_564930_Specification_Sheet.pdf,,,,,,,,,,,,,,,,,,Yes
https://www.philips.com/product/565000,,,,,,,Industrial Supplies,Equipment & Hardware,Tools & Parts,,565000,565000 60W Led Med 27k 2pk,,,Philips,Phillips Lighting (5831),Signify North America Corp,Philips®,,565000,,Industrial Equipment,"Philips, 565000, 60 W, 2 pc, Industrial Grade, Commercial Quality",60 W LED 60W 2PC,Philips® 565000 60 W Led Medium 2 pc,"Philips®, Model 565000, 60 W, 2 pc",565000,"Philips®, Model 565000, 60 W, 2 pc",,,,,,,,,,,,,,,,,,,,,,,,,,Product,Wattage,60,W,Package Quantity,2,pc,,,,,,,,,,,,,,,,,,,,,,,,,,,,,,,,,,,,,,,,,,,,,,,,,,,,,,,,,,,,,,,,,,,,,,,,,,,,,,,,,,,,,,,,,,,,,,,,,,,,,,,,,,,,,,,,,,,,,,,,,,,,,,,,,,,,,,,,,,,,,,,,,,,,,,,,,,,,,,,,,,,,PHILIPS_565000.jpg,,,,,,,,,PHILIPS_565000_Specification_Sheet.pdf,,,,,,,,,,,,,,,,,,Yes
https://www.philips.com/product/564922,,,,,,,Industrial Supplies,Equipment & Hardware,Tools & Parts,,564922,564922 60W Led BA11 50k 3pk,,,Philips,Phillips Lighting (5831),Signify North America Corp,Philips®,,564922,,Industrial Equipment,"Philips, 564922, 60 W, 3 pc, Industrial Grade, Commercial Quality",60 W LED 60W 3PC,Philips® 564922 60 W Led BA11 3 pc,"Philips®, Model 564922, 60 W, 3 pc",564922,"Philips®, Model 564922, 60 W, 3 pc",,,,,,,,,,,,,,,,,,,,,,,,,,Product,Wattage,60,W,Package Quantity,3,pc,,,,,,,,,,,,,,,,,,,,,,,,,,,,,,,,,,,,,,,,,,,,,,,,,,,,,,,,,,,,,,,,,,,,,,,,,,,,,,,,,,,,,,,,,,,,,,,,,,,,,,,,,,,,,,,,,,,,,,,,,,,,,,,,,,,,,,,,,,,,,,,,,,,,,,,,,,,,,,,,,,,,PHILIPS_564922.jpg,,,,,,,,,PHILIPS_564922_Specification_Sheet.pdf,,,,,,,,,,,,,,,,,,Yes
https://www.philips.com/product/573295,,,,,,,Industrial Supplies,Equipment & Hardware,Tools & Parts,,573295,573295 40W Led Med 27k 2pk,,,Philips,Phillips Lighting (5831),Signify North America Corp,Philips®,,573295,,Industrial Equipment,"Philips, 573295, 40 W, 2 pc, Industrial Grade, Commercial Quality",40 W LED 40W 2PC,Philips® 573295 40 W Led Medium 2 pc,"Philips®, Model 573295, 40 W, 2 pc",573295,"Philips®, Model 573295, 40 W, 2 pc",,,,,,,,,,,,,,,,,,,,,,,,,,Product,Wattage,40,W,Package Quantity,2,pc,,,,,,,,,,,,,,,,,,,,,,,,,,,,,,,,,,,,,,,,,,,,,,,,,,,,,,,,,,,,,,,,,,,,,,,,,,,,,,,,,,,,,,,,,,,,,,,,,,,,,,,,,,,,,,,,,,,,,,,,,,,,,,,,,,,,,,,,,,,,,,,,,,,,,,,,,,,,,,,,,,,,PHILIPS_573295.jpg,,,,,,,,,PHILIPS_573295_Specification_Sheet.pdf,,,,,,,,,,,,,,,,,,Yes
https://www.philips.com/product/564914,,,,,,,Industrial Supplies,Equipment & Hardware,Tools & Parts,,564914,564914 60W Med Led 50k 2pk,,,Philips,Phillips Lighting (5831),Signify North America Corp,Philips®,,564914,,Industrial Equipment,"Philips, 564914, 60 W, 2 pc, Industrial Grade, Commercial Quality",60 W MEDIUM 60W 2PC,Philips® 564914 60 W Medium Led 2 pc,"Philips®, Model 564914, 60 W, 2 pc",564914,"Philips®, Model 564914, 60 W, 2 pc",,,,,,,,,,,,,,,,,,,,,,,,,,Product,Wattage,60,W,Package Quantity,2,pc,,,,,,,,,,,,,,,,,,,,,,,,,,,,,,,,,,,,,,,,,,,,,,,,,,,,,,,,,,,,,,,,,,,,,,,,,,,,,,,,,,,,,,,,,,,,,,,,,,,,,,,,,,,,,,,,,,,,,,,,,,,,,,,,,,,,,,,,,,,,,,,,,,,,,,,,,,,,,,,,,,,,PHILIPS_564914.jpg,,,,,,,,,PHILIPS_564914_Specification_Sheet.pdf,,,,,,,,,,,,,,,,,,Yes
https://www.philips.com/product/573485,,,,,,,Industrial Supplies,Equipment & Hardware,Tools & Parts,,573485,573485 60W Led A19 Med 50k 2pk,,,Philips,Phillips Lighting (5831),Signify North America Corp,Philips®,,573485,,Industrial Equipment,"Philips, 573485, 60 W, 2 pc, Industrial Grade, Commercial Quality",60 W LED 60W 2PC,Philips® 573485 60 W Led A19 2 pc,"Philips®, Model 573485, 60 W, 2 pc",573485,"Philips®, Model 573485, 60 W, 2 pc",,,,,,,,,,,,,,,,,,,,,,,,,,Product,Wattage,60,W,Package Quantity,2,pc,,,,,,,,,,,,,,,,,,,,,,,,,,,,,,,,,,,,,,,,,,,,,,,,,,,,,,,,,,,,,,,,,,,,,,,,,,,,,,,,,,,,,,,,,,,,,,,,,,,,,,,,,,,,,,,,,,,,,,,,,,,,,,,,,,,,,,,,,,,,,,,,,,,,,,,,,,,,,,,,,,,,PHILIPS_573485.jpg,,,,,,,,,PHILIPS_573485_Specification_Sheet.pdf,,,,,,,,,,,,,,,,,,Yes
https://www.philips.com/product/573337,,,,,,,Industrial Supplies,Equipment & Hardware,Tools & Parts,,573337,573337 40W Led G25 Med 50k 2pk,,,Philips,Phillips Lighting (5831),Signify North America Corp,Philips®,,573337,,Industrial Equipment,"Philips, 573337, 40 W, 2 pc, Industrial Grade, Commercial Quality",40 W LED 40W 2PC,Philips® 573337 40 W Led G25 2 pc,"Philips®, Model 573337, 40 W, 2 pc",573337,"Philips®, Model 573337, 40 W, 2 pc",,,,,,,,,,,,,,,,,,,,,,,,,,Product,Wattage,40,W,Package Quantity,2,pc,,,,,,,,,,,,,,,,,,,,,,,,,,,,,,,,,,,,,,,,,,,,,,,,,,,,,,,,,,,,,,,,,,,,,,,,,,,,,,,,,,,,,,,,,,,,,,,,,,,,,,,,,,,,,,,,,,,,,,,,,,,,,,,,,,,,,,,,,,,,,,,,,,,,,,,,,,,,,,,,,,,,PHILIPS_573337.jpg,,,,,,,,,PHILIPS_573337_Specification_Sheet.pdf,,,,,,,,,,,,,,,,,,Yes
https://www.philips.com/product/544874,,,,,,,Industrial Supplies,Equipment & Hardware,Tools & Parts,,544874,544874 32W Led T8 UBulb 40k,,,Philips,Phillips Lighting (5831),Signify North America Corp,Philips®,,544874,,Industrial Equipment,"Philips, 544874, 32 W, Industrial Grade, Commercial Quality, Heavy Duty",32 W LED 32W,Philips® 544874 32 W Led T8,"Philips®, Model 544874, 32 W",544874,"Philips®, Model 544874, 32 W",,,,,,,,,,,,,,,,,,,,,,,,,,Product,Wattage,32,W,,,,,,,,,,,,,,,,,,,,,,,,,,,,,,,,,,,,,,,,,,,,,,,,,,,,,,,,,,,,,,,,,,,,,,,,,,,,,,,,,,,,,,,,,,,,,,,,,,,,,,,,,,,,,,,,,,,,,,,,,,,,,,,,,,,,,,,,,,,,,,,,,,,,,,,,,,,,,,,,,,,,,,,PHILIPS_544874.jpg,,,,,,,,,PHILIPS_544874_Specification_Sheet.pdf,,,,,,,,,,,,,,,,,,Yes
https://www.philips.com/product/570846,,,,,,,Industrial Supplies,Equipment & Hardware,Tools & Parts,,570846,570846 50W Led Med 22K 2pk,,,Philips,Phillips Lighting (5831),Signify North America Corp,Philips®,,570846,,Industrial Equipment,"Philips, 570846, 50 W, 2 pc, Industrial Grade, Commercial Quality",50 W LED 50W 2PC,Philips® 570846 50 W Led Medium 2 pc,"Philips®, Model 570846, 50 W, 2 pc",570846,"Philips®, Model 570846, 50 W, 2 pc",,,,,,,,,,,,,,,,,,,,,,,,,,Product,Wattage,50,W,Package Quantity,2,pc,,,,,,,,,,,,,,,,,,,,,,,,,,,,,,,,,,,,,,,,,,,,,,,,,,,,,,,,,,,,,,,,,,,,,,,,,,,,,,,,,,,,,,,,,,,,,,,,,,,,,,,,,,,,,,,,,,,,,,,,,,,,,,,,,,,,,,,,,,,,,,,,,,,,,,,,,,,,,,,,,,,,PHILIPS_570846.jpg,,,,,,,,,PHILIPS_570846_Specification_Sheet.pdf,,,,,,,,,,,,,,,,,,Yes
https://www.philips.com/product/565473,,,,,,,Industrial Supplies,Equipment & Hardware,Tools & Parts,,565473,565473 60W Led A19 Bulb 2pk,,,Philips,Phillips Lighting (5831),Signify North America Corp,Philips®,,565473,,Industrial Equipment,"Philips, 565473, 60 W, 2 pc, Industrial Grade, Commercial Quality",60 W LED 60W 2PC,Philips® 565473 60 W Led A19 2 pc,"Philips®, Model 565473, 60 W, 2 pc",565473,"Philips®, Model 565473, 60 W, 2 pc",,,,,,,,,,,,,,,,,,,,,,,,,,Product,Wattage,60,W,Package Quantity,2,pc,,,,,,,,,,,,,,,,,,,,,,,,,,,,,,,,,,,,,,,,,,,,,,,,,,,,,,,,,,,,,,,,,,,,,,,,,,,,,,,,,,,,,,,,,,,,,,,,,,,,,,,,,,,,,,,,,,,,,,,,,,,,,,,,,,,,,,,,,,,,,,,,,,,,,,,,,,,,,,,,,,,,PHILIPS_565473.jpg,,,,,,,,,PHILIPS_565473_Specification_Sheet.pdf,,,,,,,,,,,,,,,,,,Yes
https://www.philips.com/product/573402,,,,,,,Industrial Supplies,Equipment & Hardware,Tools & Parts,,573402,573402 60W Led Med 50k 2pk,,,Philips,Phillips Lighting (5831),Signify North America Corp,Philips®,,573402,,Industrial Equipment,"Philips, 573402, 60 W, 2 pc, Industrial Grade, Commercial Quality",60 W LED 60W 2PC,Philips® 573402 60 W Led Medium 2 pc,"Philips®, Model 573402, 60 W, 2 pc",573402,"Philips®, Model 573402, 60 W, 2 pc",,,,,,,,,,,,,,,,,,,,,,,,,,Product,Wattage,60,W,Package Quantity,2,pc,,,,,,,,,,,,,,,,,,,,,,,,,,,,,,,,,,,,,,,,,,,,,,,,,,,,,,,,,,,,,,,,,,,,,,,,,,,,,,,,,,,,,,,,,,,,,,,,,,,,,,,,,,,,,,,,,,,,,,,,,,,,,,,,,,,,,,,,,,,,,,,,,,,,,,,,,,,,,,,,,,,,PHILIPS_573402.jpg,,,,,,,,,PHILIPS_573402_Specification_Sheet.pdf,,,,,,,,,,,,,,,,,,Yes
https://www.philips.com/product/573352,,,,,,,Industrial Supplies,Equipment & Hardware,Tools & Parts,,573352,573352 40W Led Med 27k 2pk,,,Philips,Phillips Lighting (5831),Signify North America Corp,Philips®,,573352,,Industrial Equipment,"Philips, 573352, 40 W, 2 pc, Industrial Grade, Commercial Quality",40 W LED 40W 2PC,Philips® 573352 40 W Led Medium 2 pc,"Philips®, Model 573352, 40 W, 2 pc",573352,"Philips®, Model 573352, 40 W, 2 pc",,,,,,,,,,,,,,,,,,,,,,,,,,Product,Wattage,40,W,Package Quantity,2,pc,,,,,,,,,,,,,,,,,,,,,,,,,,,,,,,,,,,,,,,,,,,,,,,,,,,,,,,,,,,,,,,,,,,,,,,,,,,,,,,,,,,,,,,,,,,,,,,,,,,,,,,,,,,,,,,,,,,,,,,,,,,,,,,,,,,,,,,,,,,,,,,,,,,,,,,,,,,,,,,,,,,,PHILIPS_573352.jpg,,,,,,,,,PHILIPS_573352_Specification_Sheet.pdf,,,,,,,,,,,,,,,,,,Yes
https://www.philips.com/product/573428,,,,,,,Industrial Supplies,Equipment & Hardware,Tools & Parts,,573428,573428 40W Med Led 50k 2pk,,,Philips,Phillips Lighting (5831),Signify North America Corp,Philips®,,573428,,Industrial Equipment,"Philips, 573428, 40 W, 2 pc, Industrial Grade, Commercial Quality",40 W MEDIUM 40W 2PC,Philips® 573428 40 W Medium Led 2 pc,"Philips®, Model 573428, 40 W, 2 pc",573428,"Philips®, Model 573428, 40 W, 2 pc",,,,,,,,,,,,,,,,,,,,,,,,,,Product,Wattage,40,W,Package Quantity,2,pc,,,,,,,,,,,,,,,,,,,,,,,,,,,,,,,,,,,,,,,,,,,,,,,,,,,,,,,,,,,,,,,,,,,,,,,,,,,,,,,,,,,,,,,,,,,,,,,,,,,,,,,,,,,,,,,,,,,,,,,,,,,,,,,,,,,,,,,,,,,,,,,,,,,,,,,,,,,,,,,,,,,,PHILIPS_573428.jpg,,,,,,,,,PHILIPS_573428_Specification_Sheet.pdf,,,,,,,,,,,,,,,,,,Yes
https://www.philips.com/product/573386,,,,,,,Industrial Supplies,Equipment & Hardware,Tools & Parts,,573386,573386 60W Led Med 27k 2pk,,,Philips,Phillips Lighting (5831),Signify North America Corp,Philips®,,573386,,Industrial Equipment,"Philips, 573386, 60 W, 2 pc, Industrial Grade, Commercial Quality",60 W LED 60W 2PC,Philips® 573386 60 W Led Medium 2 pc,"Philips®, Model 573386, 60 W, 2 pc",573386,"Philips®, Model 573386, 60 W, 2 pc",,,,,,,,,,,,,,,,,,,,,,,,,,Product,Wattage,60,W,Package Quantity,2,pc,,,,,,,,,,,,,,,,,,,,,,,,,,,,,,,,,,,,,,,,,,,,,,,,,,,,,,,,,,,,,,,,,,,,,,,,,,,,,,,,,,,,,,,,,,,,,,,,,,,,,,,,,,,,,,,,,,,,,,,,,,,,,,,,,,,,,,,,,,,,,,,,,,,,,,,,,,,,,,,,,,,,PHILIPS_573386.jpg,,,,,,,,,PHILIPS_573386_Specification_Sheet.pdf,,,,,,,,,,,,,,,,,,Yes
https://www.philips.com/product/564948,,,,,,,Industrial Supplies,Equipment & Hardware,Tools & Parts,,564948,564948 40W Led Med 50k 3pk,,,Philips,Phillips Lighting (5831),Signify North America Corp,Philips®,,564948,,Industrial Equipment,"Philips, 564948, 40 W, 3 pc, Industrial Grade, Commercial Quality",40 W LED 40W 3PC,Philips® 564948 40 W Led Medium 3 pc,"Philips®, Model 564948, 40 W, 3 pc",564948,"Philips®, Model 564948, 40 W, 3 pc",,,,,,,,,,,,,,,,,,,,,,,,,,Product,Wattage,40,W,Package Quantity,3,pc,,,,,,,,,,,,,,,,,,,,,,,,,,,,,,,,,,,,,,,,,,,,,,,,,,,,,,,,,,,,,,,,,,,,,,,,,,,,,,,,,,,,,,,,,,,,,,,,,,,,,,,,,,,,,,,,,,,,,,,,,,,,,,,,,,,,,,,,,,,,,,,,,,,,,,,,,,,,,,,,,,,,PHILIPS_564948.jpg,,,,,,,,,PHILIPS_564948_Specification_Sheet.pdf,,,,,,,,,,,,,,,,,,Yes
https://www.philips.com/product/573303,,,,,,,Industrial Supplies,Equipment & Hardware,Tools & Parts,,573303,573303 40W Led Cand 27k 2pk,,,Philips,Phillips Lighting (5831),Signify North America Corp,Philips®,,573303,,Industrial Equipment,"Philips, 573303, 40 W, 2 pc, Industrial Grade, Commercial Quality",40 W LED 40W 2PC,Philips® 573303 40 W Led Candelabra 2 pc,"Philips®, Model 573303, 40 W, 2 pc",573303,"Philips®, Model 573303, 40 W, 2 pc",,,,,,,,,,,,,,,,,,,,,,,,,,Product,Wattage,40,W,Package Quantity,2,pc,,,,,,,,,,,,,,,,,,,,,,,,,,,,,,,,,,,,,,,,,,,,,,,,,,,,,,,,,,,,,,,,,,,,,,,,,,,,,,,,,,,,,,,,,,,,,,,,,,,,,,,,,,,,,,,,,,,,,,,,,,,,,,,,,,,,,,,,,,,,,,,,,,,,,,,,,,,,,,,,,,,,PHILIPS_573303.jpg,,,,,,,,,PHILIPS_573303_Specification_Sheet.pdf,,,,,,,,,,,,,,,,,,Yes
https://www.philips.com/product/573188,,,,,,,Industrial Supplies,Equipment & Hardware,Tools & Parts,,573188,573188 250W Led Par38 Med 50k,,,Philips,Phillips Lighting (5831),Signify North America Corp,Philips®,,573188,,Industrial Equipment,"Philips, 573188, 250 W, Industrial Grade, Commercial Quality",250 W LED 250W,Philips® 573188 250 W Led Par38,"Philips®, Model 573188, 250 W",573188,"Philips®, Model 573188, 250 W",,,,,,,,,,,,,,,,,,,,,,,,,,Product,Wattage,250,W,,,,,,,,,,,,,,,,,,,,,,,,,,,,,,,,,,,,,,,,,,,,,,,,,,,,,,,,,,,,,,,,,,,,,,,,,,,,,,,,,,,,,,,,,,,,,,,,,,,,,,,,,,,,,,,,,,,,,,,,,,,,,,,,,,,,,,,,,,,,,,,,,,,,,,,,,,,,,,,,,,,,,,,PHILIPS_573188.jpg,,,,,,,,,PHILIPS_573188_Specification_Sheet.pdf,,,,,,,,,,,,,,,,,,Yes
https://www.philips.com/product/573469,,,,,,,Industrial Supplies,Equipment & Hardware,Tools & Parts,,573469,573469 40W Led A19 Med 50k 2pk,,,Philips,Phillips Lighting (5831),Signify North America Corp,Philips®,,573469,,Industrial Equipment,"Philips, 573469, 40 W, 2 pc, Industrial Grade, Commercial Quality",40 W LED 40W 2PC,Philips® 573469 40 W Led A19 2 pc,"Philips®, Model 573469, 40 W, 2 pc",573469,"Philips®, Model 573469, 40 W, 2 pc",,,,,,,,,,,,,,,,,,,,,,,,,,Product,Wattage,40,W,Package Quantity,2,pc,,,,,,,,,,,,,,,,,,,,,,,,,,,,,,,,,,,,,,,,,,,,,,,,,,,,,,,,,,,,,,,,,,,,,,,,,,,,,,,,,,,,,,,,,,,,,,,,,,,,,,,,,,,,,,,,,,,,,,,,,,,,,,,,,,,,,,,,,,,,,,,,,,,,,,,,,,,,,,,,,,,,PHILIPS_573469.jpg,,,,,,,,,PHILIPS_573469_Specification_Sheet.pdf,,,,,,,,,,,,,,,,,,Yes
https://www.philips.com/product/565671,,,,,,,Industrial Supplies,Equipment & Hardware,Tools & Parts,,565671,565671 25W Led Med 20K,,,Philips,Phillips Lighting (5831),Signify North America Corp,Philips®,,565671,,Industrial Equipment,"Philips, 565671, 25 W, Industrial Grade, Commercial Quality, Heavy Duty",25 W LED 25W,Philips® 565671 25 W Led Medium,"Philips®, Model 565671, 25 W",565671,"Philips®, Model 565671, 25 W",,,,,,,,,,,,,,,,,,,,,,,,,,Product,Wattage,25,W,,,,,,,,,,,,,,,,,,,,,,,,,,,,,,,,,,,,,,,,,,,,,,,,,,,,,,,,,,,,,,,,,,,,,,,,,,,,,,,,,,,,,,,,,,,,,,,,,,,,,,,,,,,,,,,,,,,,,,,,,,,,,,,,,,,,,,,,,,,,,,,,,,,,,,,,,,,,,,,,,,,,,,,PHILIPS_565671.jpg,,,,,,,,,PHILIPS_565671_Specification_Sheet.pdf,,,,,,,,,,,,,,,,,,Yes
https://www.philips.com/product/573204,,,,,,,Industrial Supplies,Equipment & Hardware,Tools & Parts,,573204,573204 75W Led Par20 Med 50k,,,Philips,Phillips Lighting (5831),Signify North America Corp,Philips®,,573204,,Industrial Equipment,"Philips, 573204, 75 W, Industrial Grade, Commercial Quality, Heavy Duty",75 W LED 75W,Philips® 573204 75 W Led Par20,"Philips®, Model 573204, 75 W",573204,"Philips®, Model 573204, 75 W",,,,,,,,,,,,,,,,,,,,,,,,,,Product,Wattage,75,W,,,,,,,,,,,,,,,,,,,,,,,,,,,,,,,,,,,,,,,,,,,,,,,,,,,,,,,,,,,,,,,,,,,,,,,,,,,,,,,,,,,,,,,,,,,,,,,,,,,,,,,,,,,,,,,,,,,,,,,,,,,,,,,,,,,,,,,,,,,,,,,,,,,,,,,,,,,,,,,,,,,,,,,PHILIPS_573204.jpg,,,,,,,,,PHILIPS_573204_Specification_Sheet.pdf,,,,,,,,,,,,,,,,,,Yes
https://www.philips.com/product/581199,,,,,,,Industrial Supplies,Equipment & Hardware,Tools & Parts,,581199,581199 60W Led Med 2pk,,,Philips,Phillips Lighting (5831),Signify North America Corp,Philips®,,581199,,Industrial Equipment,"Philips, 581199, 60 W, 2 pc, Industrial Grade, Commercial Quality",60 W LED 60W 2PC,Philips® 581199 60 W Led Medium 2 pc,"Philips®, Model 581199, 60 W, 2 pc",581199,"Philips®, Model 581199, 60 W, 2 pc",,,,,,,,,,,,,,,,,,,,,,,,,,Product,Wattage,60,W,Package Quantity,2,pc,,,,,,,,,,,,,,,,,,,,,,,,,,,,,,,,,,,,,,,,,,,,,,,,,,,,,,,,,,,,,,,,,,,,,,,,,,,,,,,,,,,,,,,,,,,,,,,,,,,,,,,,,,,,,,,,,,,,,,,,,,,,,,,,,,,,,,,,,,,,,,,,,,,,,,,,,,,,,,,,,,,,PHILIPS_581199.jpg,,,,,,,,,PHILIPS_581199_Specification_Sheet.pdf,,,,,,,,,,,,,,,,,,Yes
https://www.philips.com/product/565887,,,,,,,Industrial Supplies,Equipment & Hardware,Tools & Parts,,565887,565887 60W Led Med 20k,,,Philips,Phillips Lighting (5831),Signify North America Corp,Philips®,,565887,,Industrial Equipment,"Philips, 565887, 60 W, Industrial Grade, Commercial Quality, Heavy Duty",60 W LED 60W,Philips® 565887 60 W Led Medium,"Philips®, Model 565887, 60 W",565887,"Philips®, Model 565887, 60 W",,,,,,,,,,,,,,,,,,,,,,,,,,Product,Wattage,60,W,,,,,,,,,,,,,,,,,,,,,,,,,,,,,,,,,,,,,,,,,,,,,,,,,,,,,,,,,,,,,,,,,,,,,,,,,,,,,,,,,,,,,,,,,,,,,,,,,,,,,,,,,,,,,,,,,,,,,,,,,,,,,,,,,,,,,,,,,,,,,,,,,,,,,,,,,,,,,,,,,,,,,,,PHILIPS_565887.jpg,,,,,,,,,PHILIPS_565887_Specification_Sheet.pdf,,,,,,,,,,,,,,,,,,Yes
https://www.philips.com/product/586867,,,,,,,Industrial Supplies,Equipment & Hardware,Tools & Parts,,586867,586867 60W Led Med 27K,,,Philips,Phillips Lighting (5831),Signify North America Corp,Philips®,,586867,,Industrial Equipment,"Philips, 586867, 60 W, Industrial Grade, Commercial Quality, Heavy Duty",60 W LED 60W,Philips® 586867 60 W Led Medium,"Philips®, Model 586867, 60 W",586867,"Philips®, Model 586867, 60 W",,,,,,,,,,,,,,,,,,,,,,,,,,Product,Wattage,60,W,,,,,,,,,,,,,,,,,,,,,,,,,,,,,,,,,,,,,,,,,,,,,,,,,,,,,,,,,,,,,,,,,,,,,,,,,,,,,,,,,,,,,,,,,,,,,,,,,,,,,,,,,,,,,,,,,,,,,,,,,,,,,,,,,,,,,,,,,,,,,,,,,,,,,,,,,,,,,,,,,,,,,,,PHILIPS_586867.jpg,,,,,,,,,PHILIPS_586867_Specification_Sheet.pdf,,,,,,,,,,,,,,,,,,Yes
https://www.philips.com/product/568451,,,,,,,Industrial Supplies,Equipment & Hardware,Tools & Parts,,568451,5686451 50W Led Med 50k 2pk,,,Philips,Phillips Lighting (5831),Signify North America Corp,Philips®,,568451,,Industrial Equipment,"Philips, 568451, 50 W, 2 pc, Industrial Grade, Commercial Quality",5686451 50 W 50W 2PC,Philips® 568451 5686451 50 W Led 2 pc,"Philips®, Model 568451, 50 W, 2 pc",568451,"Philips®, Model 568451, 50 W, 2 pc",,,,,,,,,,,,,,,,,,,,,,,,,,Product,Wattage,50,W,Package Quantity,2,pc,,,,,,,,,,,,,,,,,,,,,,,,,,,,,,,,,,,,,,,,,,,,,,,,,,,,,,,,,,,,,,,,,,,,,,,,,,,,,,,,,,,,,,,,,,,,,,,,,,,,,,,,,,,,,,,,,,,,,,,,,,,,,,,,,,,,,,,,,,,,,,,,,,,,,,,,,,,,,,,,,,,,PHILIPS_568451.jpg,,,,,,,,,PHILIPS_568451_Specification_Sheet.pdf,,,,,,,,,,,,,,,,,,Yes
https://www.philips.com/product/568444,,,,,,,Industrial Supplies,Equipment & Hardware,Tools & Parts,,568444,568444 90W Led Par38 50k 2pk,,,Philips,Phillips Lighting (5831),Signify North America Corp,Philips®,,568444,,Industrial Equipment,"Philips, 568444, 90 W, 2 pc, Industrial Grade, Commercial Quality",90 W LED 90W 2PC,Philips® 568444 90 W Led Par38 2 pc,"Philips®, Model 568444, 90 W, 2 pc",568444,"Philips®, Model 568444, 90 W, 2 pc",,,,,,,,,,,,,,,,,,,,,,,,,,Product,Wattage,90,W,Package Quantity,2,pc,,,,,,,,,,,,,,,,,,,,,,,,,,,,,,,,,,,,,,,,,,,,,,,,,,,,,,,,,,,,,,,,,,,,,,,,,,,,,,,,,,,,,,,,,,,,,,,,,,,,,,,,,,,,,,,,,,,,,,,,,,,,,,,,,,,,,,,,,,,,,,,,,,,,,,,,,,,,,,,,,,,,PHILIPS_568444.jpg,,,,,,,,,PHILIPS_568444_Specification_Sheet.pdf,,,,,,,,,,,,,,,,,,Yes
https://www.philips.com/product/573196,,,,,,,Industrial Supplies,Equipment & Hardware,Tools & Parts,,573196,573196 75W Led Med 30K,,,Philips,Phillips Lighting (5831),Signify North America Corp,Philips®,,573196,,Industrial Equipment,"Philips, 573196, 75 W, Industrial Grade, Commercial Quality, Heavy Duty",75 W LED 75W,Philips® 573196 75 W Led Medium,"Philips®, Model 573196, 75 W",573196,"Philips®, Model 573196, 75 W",,,,,,,,,,,,,,,,,,,,,,,,,,Product,Wattage,75,W,,,,,,,,,,,,,,,,,,,,,,,,,,,,,,,,,,,,,,,,,,,,,,,,,,,,,,,,,,,,,,,,,,,,,,,,,,,,,,,,,,,,,,,,,,,,,,,,,,,,,,,,,,,,,,,,,,,,,,,,,,,,,,,,,,,,,,,,,,,,,,,,,,,,,,,,,,,,,,,,,,,,,,,PHILIPS_573196.jpg,,,,,,,,,PHILIPS_573196_Specification_Sheet.pdf,,,,,,,,,,,,,,,,,,Yes
https://www.philips.com/product/564500,,,,,,,Industrial Supplies,Equipment & Hardware,Tools & Parts,,564500,564500 75W Adj Base 50k 3pk,,,Philips,Phillips Lighting (5831),Signify North America Corp,Philips®,,564500,,Industrial Equipment,"Philips, 564500, 75 W, 3 pc, Industrial Grade, Commercial Quality",75 W ADJ 75W 3PC,Philips® 564500 75 W Adj Base 3 pc,"Philips®, Model 564500, 75 W, 3 pc",564500,"Philips®, Model 564500, 75 W, 3 pc",,,,,,,,,,,,,,,,,,,,,,,,,,Product,Wattage,75,W,Package Quantity,3,pc,,,,,,,,,,,,,,,,,,,,,,,,,,,,,,,,,,,,,,,,,,,,,,,,,,,,,,,,,,,,,,,,,,,,,,,,,,,,,,,,,,,,,,,,,,,,,,,,,,,,,,,,,,,,,,,,,,,,,,,,,,,,,,,,,,,,,,,,,,,,,,,,,,,,,,,,,,,,,,,,,,,,PHILIPS_564500.jpg,,,,,,,,,PHILIPS_564500_Specification_Sheet.pdf,,,,,,,,,,,,,,,,,,Yes
https://www.philips.com/product/571513,,,,,,,Industrial Supplies,Equipment & Hardware,Tools & Parts,,571513,571513 40/60/100 Led Med 27k,,,Philips,Phillips Lighting (5831),Signify North America Corp,Philips®,,571513,,Industrial Equipment,"Philips, 571513, 40/60/100 W, Industrial Grade, Commercial Quality",40/60/100 LED MEDIUM 40/60/100W,Philips® 571513 40/60/100 Led Medium 27 40/60/100 W,"Philips®, Model 571513, 40/60/100 W",571513,"Philips®, Model 571513, 40/60/100 W",,,,,,,,,,,,,,,,,,,,,,,,,,Product,Wattage,40/60/100,W,,,,,,,,,,,,,,,,,,,,,,,,,,,,,,,,,,,,,,,,,,,,,,,,,,,,,,,,,,,,,,,,,,,,,,,,,,,,,,,,,,,,,,,,,,,,,,,,,,,,,,,,,,,,,,,,,,,,,,,,,,,,,,,,,,,,,,,,,,,,,,,,,,,,,,,,,,,,,,,,,,,,,,,PHILIPS_571513.jpg,,,,,,,,,PHILIPS_571513_Specification_Sheet.pdf,,,,,,,,,,,,,,,,,,Yes
https://www.philips.com/product/588566,,,,,,,Industrial Supplies,Equipment & Hardware,Tools & Parts,,588566,588566 40W Led Med 55k 3pk,,,Philips,Phillips Lighting (5831),Signify North America Corp,Philips®,,588566,,Industrial Equipment,"Philips, 588566, 40 W, 3 pc, Industrial Grade, Commercial Quality",40 W LED 40W 3PC,Philips® 588566 40 W Led Medium 3 pc,"Philips®, Model 588566, 40 W, 3 pc",588566,"Philips®, Model 588566, 40 W, 3 pc",,,,,,,,,,,,,,,,,,,,,,,,,,Product,Wattage,40,W,Package Quantity,3,pc,,,,,,,,,,,,,,,,,,,,,,,,,,,,,,,,,,,,,,,,,,,,,,,,,,,,,,,,,,,,,,,,,,,,,,,,,,,,,,,,,,,,,,,,,,,,,,,,,,,,,,,,,,,,,,,,,,,,,,,,,,,,,,,,,,,,,,,,,,,,,,,,,,,,,,,,,,,,,,,,,,,,PHILIPS_588566.jpg,,,,,,,,,PHILIPS_588566_Specification_Sheet.pdf,,,,,,,,,,,,,,,,,,Yes
https://www.philips.com/product/565655,,,,,,,Industrial Supplies,Equipment & Hardware,Tools & Parts,,565655,565655 25W Led A15 Med 20k,,,Philips,Phillips Lighting (5831),Signify North America Corp,Philips®,,565655,,Industrial Equipment,"Philips, 565655, 25 W, Industrial Grade, Commercial Quality, Heavy Duty",25 W LED 25W,Philips® 565655 25 W Led A15,"Philips®, Model 565655, 25 W",565655,"Philips®, Model 565655, 25 W",,,,,,,,,,,,,,,,,,,,,,,,,,Product,Wattage,25,W,,,,,,,,,,,,,,,,,,,,,,,,,,,,,,,,,,,,,,,,,,,,,,,,,,,,,,,,,,,,,,,,,,,,,,,,,,,,,,,,,,,,,,,,,,,,,,,,,,,,,,,,,,,,,,,,,,,,,,,,,,,,,,,,,,,,,,,,,,,,,,,,,,,,,,,,,,,,,,,,,,,,,,,PHILIPS_565655.jpg,,,,,,,,,PHILIPS_565655_Specification_Sheet.pdf,,,,,,,,,,,,,,,,,,Yes
https://www.philips.com/product/565812,,,,,,,Industrial Supplies,Equipment & Hardware,Tools & Parts,,565812,565812 60W Med Led 50k,,,Philips,Phillips Lighting (5831),Signify North America Corp,Philips®,,565812,,Industrial Equipment,"Philips, 565812, 60 W, Industrial Grade, Commercial Quality, Heavy Duty",60 W MEDIUM 60W,Philips® 565812 60 W Medium Led,"Philips®, Model 565812, 60 W",565812,"Philips®, Model 565812, 60 W",,,,,,,,,,,,,,,,,,,,,,,,,,Product,Wattage,60,W,,,,,,,,,,,,,,,,,,,,,,,,,,,,,,,,,,,,,,,,,,,,,,,,,,,,,,,,,,,,,,,,,,,,,,,,,,,,,,,,,,,,,,,,,,,,,,,,,,,,,,,,,,,,,,,,,,,,,,,,,,,,,,,,,,,,,,,,,,,,,,,,,,,,,,,,,,,,,,,,,,,,,,,PHILIPS_565812.jpg,,,,,,,,,PHILIPS_565812_Specification_Sheet.pdf,,,,,,,,,,,,,,,,,,Yes
https://www.philips.com/product/586917,,,,,,,Industrial Supplies,Equipment & Hardware,Tools & Parts,,586917,586917 40W Led Cand 27K 2pk,,,Philips,Phillips Lighting (5831),Signify North America Corp,Philips®,,586917,,Industrial Equipment,"Philips, 586917, 40 W, 2 pc, Industrial Grade, Commercial Quality",40 W LED 40W 2PC,Philips® 586917 40 W Led Candelabra 2 pc,"Philips®, Model 586917, 40 W, 2 pc",586917,"Philips®, Model 586917, 40 W, 2 pc",,,,,,,,,,,,,,,,,,,,,,,,,,Product,Wattage,40,W,Package Quantity,2,pc,,,,,,,,,,,,,,,,,,,,,,,,,,,,,,,,,,,,,,,,,,,,,,,,,,,,,,,,,,,,,,,,,,,,,,,,,,,,,,,,,,,,,,,,,,,,,,,,,,,,,,,,,,,,,,,,,,,,,,,,,,,,,,,,,,,,,,,,,,,,,,,,,,,,,,,,,,,,,,,,,,,,PHILIPS_586917.jpg,,,,,,,,,PHILIPS_586917_Specification_Sheet.pdf,,,,,,,,,,,,,,,,,,Yes
https://www.maxsainnovations.com/product/46719,,,,,,,Industrial Supplies,Equipment & Hardware,Lighting Fixture,,46719,49719 Wall Light Motion Wh,,,,Maxsa Innovations (MAXIN),Maxsa Innovations (MAXIN),Maxsa Innovations,,46719,,Lighting Fixture,"Maxsa Innovations, Lighting Fixture, 46719, White, Industrial Grade",LIGHTING FIXTURE,Maxsa Innovations 46719 Lighting Fixture White,"Maxsa Innovations, Lighting Fixture, Model 46719, White","Lighting Fixture, 46719","Maxsa Innovations, Lighting Fixture, Model 46719, White",,,,,,,,,,,,,,,,,,,,,,,,,,Lighting Fixture,Item Type,Lighting Fixture,,Finish Color,White,,,,,,,,,,,,,,,,,,,,,,,,,,,,,,,,,,,,,,,,,,,,,,,,,,,,,,,,,,,,,,,,,,,,,,,,,,,,,,,,,,,,,,,,,,,,,,,,,,,,,,,,,,,,,,,,,,,,,,,,,,,,,,,,,,,,,,,,,,,,,,,,,,,,,,,,,,,,,,,,,,,,,MAXSA_INNOVATIONS_46719.jpg,,,,,,,,,MAXSA_INNOVATIONS_46719_Specification_Sheet.pdf,,,,,,,,,,,,,,,,,,Yes
https://www.kichler.com/product/59061BSL,,,,,,,Industrial Supplies,Equipment & Hardware,Lighting Fixture,,59061BSL,59061BSL Kichler Ext Wall Lt,,,,Kichler Lighting (KICLI),Kichler Lighting LLC,Kichler®,,59061BSL,,Lighting Fixture,"Kichler, Lighting Fixture, 59061BSL, Industrial Grade, Commercial Quality",LIGHTING FIXTURE,Kichler® 59061BSL Lighting Fixture,"Kichler®, Lighting Fixture, Model 59061BSL","Lighting Fixture, 59061BSL","Kichler®, Lighting Fixture, Model 59061BSL",,,,,,,,,,,,,,,,,,,,,,,,,,Lighting Fixture,Item Type,Lighting Fixture,,,,,,,,,,,,,,,,,,,,,,,,,,,,,,,,,,,,,,,,,,,,,,,,,,,,,,,,,,,,,,,,,,,,,,,,,,,,,,,,,,,,,,,,,,,,,,,,,,,,,,,,,,,,,,,,,,,,,,,,,,,,,,,,,,,,,,,,,,,,,,,,,,,,,,,,,,,,,,,,,,,,,,,,KICHLER_59061BSL.jpg,,,,,,,,,KICHLER_59061BSL_Specification_Sheet.pdf,,,,,,,,,,,,,,,,,,Yes
https://www.kichler.com/product/59062BSL,,,,,,,Industrial Supplies,Equipment & Hardware,Lighting Fixture,,59062BSL,59062BSL Kichler Ext Wall Lt,,,,Kichler Lighting (KICLI),Kichler Lighting LLC,Kichler®,,59062BSL,,Lighting Fixture,"Kichler, Lighting Fixture, 59062BSL, Industrial Grade, Commercial Quality",LIGHTING FIXTURE,Kichler® 59062BSL Lighting Fixture,"Kichler®, Lighting Fixture, Model 59062BSL","Lighting Fixture, 59062BSL","Kichler®, Lighting Fixture, Model 59062BSL",,,,,,,,,,,,,,,,,,,,,,,,,,Lighting Fixture,Item Type,Lighting Fixture,,,,,,,,,,,,,,,,,,,,,,,,,,,,,,,,,,,,,,,,,,,,,,,,,,,,,,,,,,,,,,,,,,,,,,,,,,,,,,,,,,,,,,,,,,,,,,,,,,,,,,,,,,,,,,,,,,,,,,,,,,,,,,,,,,,,,,,,,,,,,,,,,,,,,,,,,,,,,,,,,,,,,,,,KICHLER_59062BSL.jpg,,,,,,,,,KICHLER_59062BSL_Specification_Sheet.pdf,,,,,,,,,,,,,,,,,,Yes
https://www.kichler.com/product/59124BKT,,,,,,,Industrial Supplies,Equipment & Hardware,Lighting Fixture,,59124BKT,59124BKT Kichler Ext Wall Lt,,,,Kichler Lighting (KICLI),Kichler Lighting LLC,Kichler®,,59124BKT,,Lighting Fixture,"Kichler, Lighting Fixture, 59124BKT, Industrial Grade, Commercial Quality",LIGHTING FIXTURE,Kichler® 59124BKT Lighting Fixture,"Kichler®, Lighting Fixture, Model 59124BKT","Lighting Fixture, 59124BKT","Kichler®, Lighting Fixture, Model 59124BKT",,,,,,,,,,,,,,,,,,,,,,,,,,Lighting Fixture,Item Type,Lighting Fixture,,,,,,,,,,,,,,,,,,,,,,,,,,,,,,,,,,,,,,,,,,,,,,,,,,,,,,,,,,,,,,,,,,,,,,,,,,,,,,,,,,,,,,,,,,,,,,,,,,,,,,,,,,,,,,,,,,,,,,,,,,,,,,,,,,,,,,,,,,,,,,,,,,,,,,,,,,,,,,,,,,,,,,,,KICHLER_59124BKT.jpg,,,,,,,,,KICHLER_59124BKT_Specification_Sheet.pdf,,,,,,,,,,,,,,,,,,Yes
https://www.kichler.com/product/59025BK,,,,,,,Industrial Supplies,Equipment & Hardware,Tools & Parts,,59025BK,59025BK Kichler Post Lt,,,,Kichler Lighting (KICLI),Kichler Lighting LLC,Kichler®,,59025BK,,Industrial Equipment,"Kichler, 59025BK, Industrial Grade, Commercial Quality, Professional Performance",KICHLER POST LIGHT,Kichler® 59025BK Post Light,"Kichler®, Model 59025BK",59025BK,"Kichler®, Model 59025BK",,,,,,,,,,,,,,,,,,,,,,,,,,Product,,,,,,,,,,,,,,,,,,,,,,,,,,,,,,,,,,,,,,,,,,,,,,,,,,,,,,,,,,,,,,,,,,,,,,,,,,,,,,,,,,,,,,,,,,,,,,,,,,,,,,,,,,,,,,,,,,,,,,,,,,,,,,,,,,,,,,,,,,,,,,,,,,,,,,,,,,,,,,,,,,,,,,,,,,KICHLER_59025BK.jpg,,,,,,,,,KICHLER_59025BK_Specification_Sheet.pdf,,,,,,,,,,,,,,,,,,Yes
https://www.dewalt.com/product/DCL183,,,,,,,Industrial Supplies,Equipment & Hardware,Tools & Parts,,DCL183,Dewalt DCL183 Light - Rechargeable,,,DEWALT,Black & Decker/dewlt (2585),Black & Decker/dewlt,DEWALT®,,DCL183,,Industrial Equipment,"DEWALT, DCL183, Industrial Grade, Commercial Quality, Professional Performance",DEWALT DCL183 LIGHT,DEWALT® DCL183 Light - Rechargeable,"DEWALT®, Model DCL183",DCL183,"DEWALT®, Model DCL183",,,,,,,,,,,,,,,,,,,,,,,,,,Product,,,,,,,,,,,,,,,,,,,,,,,,,,,,,,,,,,,,,,,,,,,,,,,,,,,,,,,,,,,,,,,,,,,,,,,,,,,,,,,,,,,,,,,,,,,,,,,,,,,,,,,,,,,,,,,,,,,,,,,,,,,,,,,,,,,,,,,,,,,,,,,,,,,,,,,,,,,,,,,,,,,,,,,,,,DEWALT_DCL183.jpg,,,,,,,,,DEWALT_DCL183_Specification_Sheet.pdf,,,,,,,,,,,,,,,,,,Yes
https://www.streamlight.com/product/73020,,,,,,,Industrial Supplies,Equipment & Hardware,Tools & Parts,,73020,73020 Nano Clip Light Bk,,,,Streamlight (7277),Streamlight Inc,Streamlight®,,73020,,Industrial Equipment,"Streamlight, 73020, Black, Industrial Grade, Commercial Quality",NANO CLIP LIGHT,Streamlight® 73020 Nano Clip Black,"Streamlight®, Model 73020, Black",73020,"Streamlight®, Model 73020, Black",,,,,,,,,,,,,,,,,,,,,,,,,,Product,Finish Color,Black,,,,,,,,,,,,,,,,,,,,,,,,,,,,,,,,,,,,,,,,,,,,,,,,,,,,,,,,,,,,,,,,,,,,,,,,,,,,,,,,,,,,,,,,,,,,,,,,,,,,,,,,,,,,,,,,,,,,,,,,,,,,,,,,,,,,,,,,,,,,,,,,,,,,,,,,,,,,,,,,,,,,,,,,STREAMLIGHT_73020.jpg,,,,,,,,,STREAMLIGHT_73020_Specification_Sheet.pdf,,,,,,,,,,,,,,,,,,Yes
https://www.nebo.com/product/NEB-FLT-1021,,,,,,,Industrial Supplies,Equipment & Hardware,Tools & Parts,,NEB-FLT-1021,NEBFLT1021 Slyde King FlashLt,,,,ACG Brands (1154),ACG Brands Inc,NEBO®,,NEB-FLT-1021,,Industrial Equipment,"NEBO, NEB-FLT-1021, Industrial Grade, Commercial Quality, Heavy Duty",NEBFLT1021 SLYDE KING,NEBO® NEB-FLT-1021 NEBFLT1021 Slyde King Flashlight,"NEBO®, Model NEB-FLT-1021",NEB-FLT-1021,"NEBO®, Model NEB-FLT-1021",,,,,,,,,,,,,,,,,,,,,,,,,,Product,,,,,,,,,,,,,,,,,,,,,,,,,,,,,,,,,,,,,,,,,,,,,,,,,,,,,,,,,,,,,,,,,,,,,,,,,,,,,,,,,,,,,,,,,,,,,,,,,,,,,,,,,,,,,,,,,,,,,,,,,,,,,,,,,,,,,,,,,,,,,,,,,,,,,,,,,,,,,,,,,,,,,,,,,,NEBO_NEB-FLT-1021.jpg,,,,,,,,,NEBO_NEB-FLT-1021_Specification_Sheet.pdf,,,,,,,,,,,,,,,,,,Yes
https://www.nebo.com/product/NEB-FLT-0053,,,,,,,Industrial Supplies,Equipment & Hardware,Tools & Parts,,NEB-FLT-0053,NEBFLT0053 2600L Flash Light,,,,ACG Brands (1154),ACG Brands Inc,NEBO®,,NEB-FLT-0053,,Industrial Equipment,"NEBO, NEB-FLT-0053, Industrial Grade, Commercial Quality, Heavy Duty",NEBFLT0053 2600L FLASH,NEBO® NEB-FLT-0053 NEBFLT0053 2600L Flash Light,"NEBO®, Model NEB-FLT-0053, 2600 lm",NEB-FLT-0053,"NEBO®, Model NEB-FLT-0053, 2600 lm",,,,,,,,,,,,,,,,,,,,,,,,,,Product,Luminous Flux,2600,lm,,,,,,,,,,,,,,,,,,,,,,,,,,,,,,,,,,,,,,,,,,,,,,,,,,,,,,,,,,,,,,,,,,,,,,,,,,,,,,,,,,,,,,,,,,,,,,,,,,,,,,,,,,,,,,,,,,,,,,,,,,,,,,,,,,,,,,,,,,,,,,,,,,,,,,,,,,,,,,,,,,,,,,,NEBO_NEB-FLT-0053.jpg,,,,,,,,,NEBO_NEB-FLT-0053_Specification_Sheet.pdf,,,,,,,,,,,,,,,,,,Yes
https://www.policesecurity.com/product/97708,,,,,,,Industrial Supplies,Equipment & Hardware,Tools & Parts,,97708,97708 Police 800L Headlight,,,Police Security,Police Security (9470),Police Security Flashlights Inc,Police Security®,,97708,,Industrial Equipment,"Police Security, 97708, Industrial Grade, Commercial Quality",POLICE 800L HEADLIGHT,Police Security® 97708 800L Headlight,"Police Security®, Model 97708, 800 lm",97708,"Police Security®, Model 97708, 800 lm",,,,,,,,,,,,,,,,,,,,,,,,,,Product,Luminous Flux,800,lm,,,,,,,,,,,,,,,,,,,,,,,,,,,,,,,,,,,,,,,,,,,,,,,,,,,,,,,,,,,,,,,,,,,,,,,,,,,,,,,,,,,,,,,,,,,,,,,,,,,,,,,,,,,,,,,,,,,,,,,,,,,,,,,,,,,,,,,,,,,,,,,,,,,,,,,,,,,,,,,,,,,,,,,POLICE_SECURITY_97708.jpg,,,,,,,,,POLICE_SECURITY_97708_Specification_Sheet.pdf,,,,,,,,,,,,,,,,,,Yes
https://www.feitelectric.com/product/WORK6000XLTPPLUG,,,,,,,Industrial Supplies,Equipment & Hardware,Tools & Parts,,WORK6000XLTPPLUG,6000L Twin Head Work Light,,,Feit Electric,Feit Electric (3468),Feit Electric Company,Feit Electric®,,WORK6000XLTPPLUG,,Industrial Equipment,"Feit Electric, WORK6000XLTPPLUG, Industrial Grade, Commercial Quality",6000L TWIN HEAD,Feit Electric® WORK6000XLTPPLUG 6000L Twin Head Work,"Feit Electric®, Model WORK6000XLTPPLUG, 6000 lm",WORK6000XLTPPLUG,"Feit Electric®, Model WORK6000XLTPPLUG, 6000 lm",,,,,,,,,,,,,,,,,,,,,,,,,,Product,Luminous Flux,6000,lm,,,,,,,,,,,,,,,,,,,,,,,,,,,,,,,,,,,,,,,,,,,,,,,,,,,,,,,,,,,,,,,,,,,,,,,,,,,,,,,,,,,,,,,,,,,,,,,,,,,,,,,,,,,,,,,,,,,,,,,,,,,,,,,,,,,,,,,,,,,,,,,,,,,,,,,,,,,,,,,,,,,,,,,FEIT_ELECTRIC_WORK6000XLTPPLUG.jpg,,,,,,,,,FEIT_ELECTRIC_WORK6000XLTPPLUG_Specification_Sheet.pdf,,,,,,,,,,,,,,,,,,Yes
https://www.squared.com/product/HOM2040M200PRB,,,,,,,Industrial Supplies,Equipment & Hardware,Tools & Parts,,HOM2040M200PRB,HOM2040M200PRB 200A Load Cntr,,,,Square D Con Prod Dv (6825),Schneider Electric USA Inc,Square D™,,HOM2040M200PRB,,Industrial Equipment,"Square D, HOM2040M200PRB, Industrial Grade, Commercial Quality",200 A LOAD,Square D™ HOM2040M200PRB 200 Load Cntr,"Square D™, Model HOM2040M200PRB, 200 A",HOM2040M200PRB,"Square D™, Model HOM2040M200PRB, 200 A",,,,,,,,,,,,,,,,,,,,,,,,,,Product,Amperage,200,A,,,,,,,,,,,,,,,,,,,,,,,,,,,,,,,,,,,,,,,,,,,,,,,,,,,,,,,,,,,,,,,,,,,,,,,,,,,,,,,,,,,,,,,,,,,,,,,,,,,,,,,,,,,,,,,,,,,,,,,,,,,,,,,,,,,,,,,,,,,,,,,,,,,,,,,,,,,,,,,,,,,,,,,SQUARE_D_HOM2040M200PRB.jpg,,,,,,,,,SQUARE_D_HOM2040M200PRB_Specification_Sheet.pdf,,,,,,,,,,,,,,,,,,Yes
https://www.squared.com/product/HOM3060L225PGC,,,,,,,Industrial Supplies,Equipment & Hardware,Electrical Equipment,,HOM3060L225PGC,HOM3060L225PGC 225 Load Center,,,Square D,Square D Con Prod Dv (6825),Schneider Electric USA Inc,Square D™,,HOM3060L225PGC,,Electrical Equipment,"Square D, Electrical Equipment, HOM3060L225PGC, Industrial Grade",ELECTRICAL EQUIPMENT,Square D™ HOM3060L225PGC Electrical Equipment,"Square D™, Electrical Equipment, Model HOM3060L225PGC","Electrical Equipment, HOM3060L225PGC","Square D™, Electrical Equipment, Model HOM3060L225PGC",,,,,,,,,,,,,,,,,,,,,,,,,,Electrical Equipment,Item Type,Electrical Equipment,,,,,,,,,,,,,,,,,,,,,,,,,,,,,,,,,,,,,,,,,,,,,,,,,,,,,,,,,,,,,,,,,,,,,,,,,,,,,,,,,,,,,,,,,,,,,,,,,,,,,,,,,,,,,,,,,,,,,,,,,,,,,,,,,,,,,,,,,,,,,,,,,,,,,,,,,,,,,,,,,,,,,,,,SQUARE_D_HOM3060L225PGC.jpg,,,,,,,,,SQUARE_D_HOM3060L225PGC_Specification_Sheet.pdf,,,,,,,,,,,,,,,,,,Yes
https://www.squared.com/product/QO612L100RBCP,,,,,,,Industrial Supplies,Equipment & Hardware,Electrical Equipment,,QO612L100RBCP,QO612L100RBCP 100A Load Center,,,Square D,Square D Con Prod Dv (6825),Schneider Electric USA Inc,Square D™,,QO612L100RBCP,,Electrical Equipment,"Square D, Electrical Equipment, QO612L100RBCP, Industrial Grade",ELECTRICAL EQUIPMENT,Square D™ QO612L100RBCP Electrical Equipment,"Square D™, Electrical Equipment, Model QO612L100RBCP, 100 A","Electrical Equipment, QO612L100RBCP","Square D™, Electrical Equipment, Model QO612L100RBCP, 100 A",,,,,,,,,,,,,,,,,,,,,,,,,,Electrical Equipment,Item Type,Electrical Equipment,,Amperage,100,A,,,,,,,,,,,,,,,,,,,,,,,,,,,,,,,,,,,,,,,,,,,,,,,,,,,,,,,,,,,,,,,,,,,,,,,,,,,,,,,,,,,,,,,,,,,,,,,,,,,,,,,,,,,,,,,,,,,,,,,,,,,,,,,,,,,,,,,,,,,,,,,,,,,,,,,,,,,,,,,,,,,,SQUARE_D_QO612L100RBCP.jpg,,,,,,,,,SQUARE_D_QO612L100RBCP_Specification_Sheet.pdf,,,,,,,,,,,,,,,,,,Yes
https://www.southwire.com/product/13093005,,,,,,,Industrial Supplies,Equipment & Hardware,Electrical Equipment,,13093005,4/0 Aluminum Entrance Cable (Linear Foot),,,,Southwire/g Turner (6603),Southwire Company LLC,Southwire®,,13093005,,Electrical Equipment,"Southwire, Electrical Equipment, 13093005, Aluminum, Industrial Grade",ELECTRICAL EQUIPMENT,Southwire® 13093005 Electrical Equipment,"Southwire®, Electrical Equipment, Model 13093005, Aluminum","Electrical Equipment, 13093005","Southwire®, Electrical Equipment, Model 13093005, Aluminum",,,,,,,,,,,,,,,,,,,,,,,,,,Electrical Equipment,Item Type,Electrical Equipment,,Material,Aluminum,,,,,,,,,,,,,,,,,,,,,,,,,,,,,,,,,,,,,,,,,,,,,,,,,,,,,,,,,,,,,,,,,,,,,,,,,,,,,,,,,,,,,,,,,,,,,,,,,,,,,,,,,,,,,,,,,,,,,,,,,,,,,,,,,,,,,,,,,,,,,,,,,,,,,,,,,,,,,,,,,,,,,SOUTHWIRE_13093005.jpg,,,,,,,,,SOUTHWIRE_13093005_Specification_Sheet.pdf,,,,,,,,,,,,,,,,,,Yes
https://www.industrialstandard.com/product/12-4 SO,,,,,,,Industrial Supplies,Equipment & Hardware,Tools & Parts,,12-4 SO,12-4 SO Cord (Linear Foot),,,,,Industrial Standard,Industrial Standard,,12-4 SO,,Industrial Equipment,"Industrial Standard, 12-4 SO, Industrial Grade, Commercial Quality",CORD LINEAR FOOT,Industrial Standard 12-4 SO Cord (Linear Foot),"Industrial Standard, Model 12-4 SO",12-4 SO,"Industrial Standard, Model 12-4 SO",,,,,,,,,,,,,,,,,,,,,,,,,,Product,,,,,,,,,,,,,,,,,,,,,,,,,,,,,,,,,,,,,,,,,,,,,,,,,,,,,,,,,,,,,,,,,,,,,,,,,,,,,,,,,,,,,,,,,,,,,,,,,,,,,,,,,,,,,,,,,,,,,,,,,,,,,,,,,,,,,,,,,,,,,,,,,,,,,,,,,,,,,,,,,,,,,,,,,,INDUSTRIAL_STANDARD_12-4 SO.jpg,,,,,,,,,INDUSTRIAL_STANDARD_12-4 SO_Specification_Sheet.pdf,,,,,,,,,,,,,,,,,,Yes
https://www.southwire.com/product/96263-46-06,,,,,,,Industrial Supplies,Equipment & Hardware,Electrical Equipment,,96263-46-06,96263-46-06 CAT5E Wire (Linear Foot),,,,Woods Wire Southwire (7579),Southwire Company LLC,Southwire®,,96263-46-06,,Electrical Equipment,"Southwire, Electrical Equipment, 96263-46-06, Industrial Grade",ELECTRICAL EQUIPMENT,Southwire® 96263-46-06 Electrical Equipment,"Southwire®, Electrical Equipment, Model 96263-46-06","Electrical Equipment, 96263-46-06","Southwire®, Electrical Equipment, Model 96263-46-06",,,,,,,,,,,,,,,,,,,,,,,,,,Electrical Equipment,Item Type,Electrical Equipment,,,,,,,,,,,,,,,,,,,,,,,,,,,,,,,,,,,,,,,,,,,,,,,,,,,,,,,,,,,,,,,,,,,,,,,,,,,,,,,,,,,,,,,,,,,,,,,,,,,,,,,,,,,,,,,,,,,,,,,,,,,,,,,,,,,,,,,,,,,,,,,,,,,,,,,,,,,,,,,,,,,,,,,,SOUTHWIRE_96263-46-06.jpg,,,,,,,,,SOUTHWIRE_96263-46-06_Specification_Sheet.pdf,,,,,,,,,,,,,,,,,,Yes
https://www.southwire.com/product/R50003-ID,,,,,,,Industrial Supplies,Equipment & Hardware,Electrical Equipment,,R50003-ID,16-2 Stranded Wire CL3 500' (Linear Foot),,,,Southwire/g Turner (6603),Southwire Company LLC,Southwire®,,R50003-ID,,Electrical Equipment,"Southwire, Electrical Equipment, R50003-ID, Industrial Grade",ELECTRICAL EQUIPMENT,Southwire® R50003-ID Electrical Equipment,"Southwire®, Electrical Equipment, Model R50003-ID","Electrical Equipment, R50003-ID","Southwire®, Electrical Equipment, Model R50003-ID",,,,,,,,,,,,,,,,,,,,,,,,,,Electrical Equipment,Item Type,Electrical Equipment,,,,,,,,,,,,,,,,,,,,,,,,,,,,,,,,,,,,,,,,,,,,,,,,,,,,,,,,,,,,,,,,,,,,,,,,,,,,,,,,,,,,,,,,,,,,,,,,,,,,,,,,,,,,,,,,,,,,,,,,,,,,,,,,,,,,,,,,,,,,,,,,,,,,,,,,,,,,,,,,,,,,,,,,SOUTHWIRE_R50003-ID.jpg,,,,,,,,,SOUTHWIRE_R50003-ID_Specification_Sheet.pdf,,,,,,,,,,,,,,,,,,Yes
https://www.southwire.com/product/10-4 SO,,,,,,,Industrial Supplies,Equipment & Hardware,Tools & Parts,,10-4 SO,10-4 SO Cord (Linear Foot),,,Southwire/g Turner (6603),,Southwire Company LLC,Southwire®,,10-4 SO,,Industrial Equipment,"Southwire, 10-4 SO, Industrial Grade, Commercial Quality, Heavy Duty",CORD LINEAR FOOT,Southwire® 10-4 SO Cord (Linear Foot),"Southwire®, Model 10-4 SO",10-4 SO,"Southwire®, Model 10-4 SO",,,,,,,,,,,,,,,,,,,,,,,,,,Product,,,,,,,,,,,,,,,,,,,,,,,,,,,,,,,,,,,,,,,,,,,,,,,,,,,,,,,,,,,,,,,,,,,,,,,,,,,,,,,,,,,,,,,,,,,,,,,,,,,,,,,,,,,,,,,,,,,,,,,,,,,,,,,,,,,,,,,,,,,,,,,,,,,,,,,,,,,,,,,,,,,,,,,,,,SOUTHWIRE_10-4 SO.jpg,,,,,,,,,SOUTHWIRE_10-4 SO_Specification_Sheet.pdf,,,,,,,,,,,,,,,,,,Yes
https://www.industrialstandard.com/product/23346-0408,,,,,,,Industrial Supplies,Equipment & Hardware,Electrical Equipment,,23346-0408,23346-0408 Wire 16/3 SJEWA 250 (Linear Foot),,,,,Industrial Standard,Industrial Standard,,23346-0408,,Electrical Equipment,"Industrial Standard, Electrical Equipment, 23346-0408, Industrial Grade",ELECTRICAL EQUIPMENT,Industrial Standard 23346-0408 Electrical Equipment,"Industrial Standard, Electrical Equipment, Model 23346-0408","Electrical Equipment, 23346-0408","Industrial Standard, Electrical Equipment, Model 23346-0408",,,,,,,,,,,,,,,,,,,,,,,,,,Electrical Equipment,Item Type,Electrical Equipment,,,,,,,,,,,,,,,,,,,,,,,,,,,,,,,,,,,,,,,,,,,,,,,,,,,,,,,,,,,,,,,,,,,,,,,,,,,,,,,,,,,,,,,,,,,,,,,,,,,,,,,,,,,,,,,,,,,,,,,,,,,,,,,,,,,,,,,,,,,,,,,,,,,,,,,,,,,,,,,,,,,,,,,,INDUSTRIAL_STANDARD_23346-0408.jpg,,,,,,,,,INDUSTRIAL_STANDARD_23346-0408_Specification_Sheet.pdf,,,,,,,,,,,,,,,,,,Yes
https://www.southwire.com/product/2/2/4 UD ALUM,,,,,,,Industrial Supplies,Equipment & Hardware,Electrical Equipment,,2/2/4 UD ALUM,2/2/4 UD Aluminum Triplex Wire (Linear Foot),,,Southwire/g Turner (6603),,Southwire Company LLC,Southwire®,,2/2/4 UD ALUM,,Electrical Equipment,"Southwire, Electrical Equipment, 2/2/4 UD ALUM, Industrial Grade",ELECTRICAL EQUIPMENT,Southwire® 2/2/4 UD ALUM Electrical Equipment,"Southwire®, Electrical Equipment, Model 2/2/4 UD ALUM","Electrical Equipment, 2/2/4 UD ALUM","Southwire®, Electrical Equipment, Model 2/2/4 UD ALUM",,,,,,,,,,,,,,,,,,,,,,,,,,Electrical Equipment,Item Type,Electrical Equipment,,,,,,,,,,,,,,,,,,,,,,,,,,,,,,,,,,,,,,,,,,,,,,,,,,,,,,,,,,,,,,,,,,,,,,,,,,,,,,,,,,,,,,,,,,,,,,,,,,,,,,,,,,,,,,,,,,,,,,,,,,,,,,,,,,,,,,,,,,,,,,,,,,,,,,,,,,,,,,,,,,,,,,,,SOUTHWIRE_2/2/4 UD ALUM.jpg,,,,,,,,,SOUTHWIRE_2/2/4 UD ALUM_Specification_Sheet.pdf,,,,,,,,,,,,,,,,,,Yes
https://www.southwire.com/product/55418901,,,,,,,Industrial Supplies,Equipment & Hardware,Electrical Equipment,,55418901,6/6/6 UD Triplex Aluminum Wire,,,,Southwire/g Turner (6603),Southwire Company LLC,Southwire®,,55418901,,Electrical Equipment,"Southwire, Electrical Equipment, 55418901, Aluminum, Industrial Grade",ELECTRICAL EQUIPMENT,Southwire® 55418901 Electrical Equipment,"Southwire®, Electrical Equipment, Model 55418901, Aluminum","Electrical Equipment, 55418901","Southwire®, Electrical Equipment, Model 55418901, Aluminum",,,,,,,,,,,,,,,,,,,,,,,,,,Electrical Equipment,Item Type,Electrical Equipment,,Material,Aluminum,,,,,,,,,,,,,,,,,,,,,,,,,,,,,,,,,,,,,,,,,,,,,,,,,,,,,,,,,,,,,,,,,,,,,,,,,,,,,,,,,,,,,,,,,,,,,,,,,,,,,,,,,,,,,,,,,,,,,,,,,,,,,,,,,,,,,,,,,,,,,,,,,,,,,,,,,,,,,,,,,,,,,SOUTHWIRE_55418901.jpg,,,,,,,,,SOUTHWIRE_55418901_Specification_Sheet.pdf,,,,,,,,,,,,,,,,,,Yes
https://www.lutron.com/product/CG50K,,,,,,,Industrial Supplies,Equipment & Hardware,Tools & Parts,,CG50K,"CG50K 1/2"" Cord Grip Kit",,,,Fenton Bros Electric Inc (FENBR),Lutron Electronics Co Inc,Lutron®,,CG50K,,Industrial Equipment,"Lutron, CG50K, Industrial Grade, Commercial Quality, Professional Performance",1/2 IN CORD,Lutron® CG50K 1/2 in Cord Grip,"Lutron®, Model CG50K, Kit",CG50K,"Lutron®, Model CG50K, Kit",,,,,,,,,,,,,,,,,,,,,,,,,,Product,Configuration,Kit,,,,,,,,,,,,,,,,,,,,,,,,,,,,,,,,,,,,,,,,,,,,,,,,,,,,,,,,,,,,,,,,,,,,,,,,,,,,,,,,,,,,,,,,,,,,,,,,,,,,,,,,,,,,,,,,,,,,,,,,,,,,,,,,,,,,,,,,,,,,,,,,,,,,,,,,,,,,,,,,,,,,,,,,LUTRON_CG50K.jpg,,,,,,,,,LUTRON_CG50K_Specification_Sheet.pdf,,,,,,,,,,,,,,,,,,Yes
https://www.leviton.com/product/R02-D215P-1RW,,,,,,,Industrial Supplies,Equipment & Hardware,Electrical Equipment,,R02-D215P-1RW,R02D215P1RW 15A Mini Outlet Wh,,,Leviton,Leviton Mfg Co (4927),Leviton Manufacturing Co Inc,Leviton®,,R02-D215P-1RW,,Electrical Equipment,"Leviton, Electrical Equipment, R02-D215P-1RW, White, Industrial Grade",ELECTRICAL EQUIPMENT,Leviton® R02-D215P-1RW Electrical Equipment White,"Leviton®, Electrical Equipment, Model R02-D215P-1RW, 15 A, White","Electrical Equipment, R02-D215P-1RW","Leviton®, Electrical Equipment, Model R02-D215P-1RW, 15 A, White",,,,,,,,,,,,,,,,,,,,,,,,,,Electrical Equipment,Item Type,Electrical Equipment,,Amperage,15,A,Finish Color,White,,,,,,,,,,,,,,,,,,,,,,,,,,,,,,,,,,,,,,,,,,,,,,,,,,,,,,,,,,,,,,,,,,,,,,,,,,,,,,,,,,,,,,,,,,,,,,,,,,,,,,,,,,,,,,,,,,,,,,,,,,,,,,,,,,,,,,,,,,,,,,,,,,,,,,,,,,,,,,,,,,LEVITON_R02-D215P-1RW.jpg,,,,,,,,,LEVITON_R02-D215P-1RW_Specification_Sheet.pdf,,,,,,,,,,,,,,,,,,Yes
https://www.prime.com/product/PBUC013,,,,,,,Industrial Supplies,Equipment & Hardware,Tools & Parts,,PBUC013,PBUC013 15A Wall Tap w/USB,,,Prime,Prime Wire & Cable (3562),Prime Wire & Cable Inc,Prime®,,PBUC013,,Industrial Equipment,"Prime, PBUC013, Industrial Grade, Commercial Quality, Professional Performance",15 A WALL,Prime® PBUC013 15 A Wall Tap,"Prime®, Model PBUC013, 15 A",PBUC013,"Prime®, Model PBUC013, 15 A",,,,,,,,,,,,,,,,,,,,,,,,,,Product,Amperage,15,A,,,,,,,,,,,,,,,,,,,,,,,,,,,,,,,,,,,,,,,,,,,,,,,,,,,,,,,,,,,,,,,,,,,,,,,,,,,,,,,,,,,,,,,,,,,,,,,,,,,,,,,,,,,,,,,,,,,,,,,,,,,,,,,,,,,,,,,,,,,,,,,,,,,,,,,,,,,,,,,,,,,,,,,PRIME_PBUC013.jpg,,,,,,,,,PRIME_PBUC013_Specification_Sheet.pdf,,,,,,,,,,,,,,,,,,Yes
https://www.leviton.com/product/R00-GFNT1-00K,,,,,,,Industrial Supplies,Equipment & Hardware,Electrical Equipment,,R00-GFNT1-00K,R00GFNT100K 15A Outlet Br,,,Leviton,Leviton Mfg Co (4927),Leviton Manufacturing Co Inc,Leviton®,,R00-GFNT1-00K,,Electrical Equipment,"Leviton, Electrical Equipment, R00-GFNT1-00K, Industrial Grade",ELECTRICAL EQUIPMENT,Leviton® R00-GFNT1-00K Electrical Equipment,"Leviton®, Electrical Equipment, Model R00-GFNT1-00K, 15 A","Electrical Equipment, R00-GFNT1-00K","Leviton®, Electrical Equipment, Model R00-GFNT1-00K, 15 A",,,,,,,,,,,,,,,,,,,,,,,,,,Electrical Equipment,Item Type,Electrical Equipment,,Amperage,15,A,,,,,,,,,,,,,,,,,,,,,,,,,,,,,,,,,,,,,,,,,,,,,,,,,,,,,,,,,,,,,,,,,,,,,,,,,,,,,,,,,,,,,,,,,,,,,,,,,,,,,,,,,,,,,,,,,,,,,,,,,,,,,,,,,,,,,,,,,,,,,,,,,,,,,,,,,,,,,,,,,,,,LEVITON_R00-GFNT1-00K.jpg,,,,,,,,,LEVITON_R00-GFNT1-00K_Specification_Sheet.pdf,,,,,,,,,,,,,,,,,,Yes
https://www.leviton.com/product/R92-GFWT1-0KW,,,,,,,Industrial Supplies,Equipment & Hardware,Electrical Equipment,,R92-GFWT1-0KW,R92GFWT10KW 15A GFCI Outlet Wh,,,Leviton,Leviton Mfg Co (4927),Leviton Manufacturing Co Inc,Leviton®,,R92-GFWT1-0KW,,Electrical Equipment,"Leviton, Electrical Equipment, R92-GFWT1-0KW, White, Industrial Grade",ELECTRICAL EQUIPMENT,Leviton® R92-GFWT1-0KW Electrical Equipment White,"Leviton®, Electrical Equipment, Model R92-GFWT1-0KW, 15 A, White","Electrical Equipment, R92-GFWT1-0KW","Leviton®, Electrical Equipment, Model R92-GFWT1-0KW, 15 A, White",,,,,,,,,,,,,,,,,,,,,,,,,,Electrical Equipment,Item Type,Electrical Equipment,,Amperage,15,A,Finish Color,White,,,,,,,,,,,,,,,,,,,,,,,,,,,,,,,,,,,,,,,,,,,,,,,,,,,,,,,,,,,,,,,,,,,,,,,,,,,,,,,,,,,,,,,,,,,,,,,,,,,,,,,,,,,,,,,,,,,,,,,,,,,,,,,,,,,,,,,,,,,,,,,,,,,,,,,,,,,,,,,,,,LEVITON_R92-GFWT1-0KW.jpg,,,,,,,,,LEVITON_R92-GFWT1-0KW_Specification_Sheet.pdf,,,,,,,,,,,,,,,,,,Yes
https://www.leviton.com/product/R12-AGTR1-0KW,,,,,,,Industrial Supplies,Equipment & Hardware,Electrical Equipment,,R12-AGTR1-0KW,R12AGTR10KW 15A GFCI Outler Wh,,,Leviton,Leviton Mfg Co (4927),Leviton Manufacturing Co Inc,Leviton®,,R12-AGTR1-0KW,,Electrical Equipment,"Leviton, Electrical Equipment, R12-AGTR1-0KW, White, Industrial Grade",ELECTRICAL EQUIPMENT,Leviton® R12-AGTR1-0KW Electrical Equipment White,"Leviton®, Electrical Equipment, Model R12-AGTR1-0KW, 15 A, White","Electrical Equipment, R12-AGTR1-0KW","Leviton®, Electrical Equipment, Model R12-AGTR1-0KW, 15 A, White",,,,,,,,,,,,,,,,,,,,,,,,,,Electrical Equipment,Item Type,Electrical Equipment,,Amperage,15,A,Finish Color,White,,,,,,,,,,,,,,,,,,,,,,,,,,,,,,,,,,,,,,,,,,,,,,,,,,,,,,,,,,,,,,,,,,,,,,,,,,,,,,,,,,,,,,,,,,,,,,,,,,,,,,,,,,,,,,,,,,,,,,,,,,,,,,,,,,,,,,,,,,,,,,,,,,,,,,,,,,,,,,,,,,LEVITON_R12-AGTR1-0KW.jpg,,,,,,,,,LEVITON_R12-AGTR1-0KW_Specification_Sheet.pdf,,,,,,,,,,,,,,,,,,Yes
https://www.leviton.com/product/R62-GFTA1-0KW,,,,,,,Industrial Supplies,Equipment & Hardware,Electrical Equipment,,R62-GFTA1-0KW,R92GFTA10KW 15A GFCI Outlet Wh,,,Leviton,Leviton Mfg Co (4927),Leviton Manufacturing Co Inc,Leviton®,,R62-GFTA1-0KW,,Electrical Equipment,"Leviton, Electrical Equipment, R62-GFTA1-0KW, White, Industrial Grade",ELECTRICAL EQUIPMENT,Leviton® R62-GFTA1-0KW Electrical Equipment White,"Leviton®, Electrical Equipment, Model R62-GFTA1-0KW, 15 A, White","Electrical Equipment, R62-GFTA1-0KW","Leviton®, Electrical Equipment, Model R62-GFTA1-0KW, 15 A, White",,,,,,,,,,,,,,,,,,,,,,,,,,Electrical Equipment,Item Type,Electrical Equipment,,Amperage,15,A,Finish Color,White,,,,,,,,,,,,,,,,,,,,,,,,,,,,,,,,,,,,,,,,,,,,,,,,,,,,,,,,,,,,,,,,,,,,,,,,,,,,,,,,,,,,,,,,,,,,,,,,,,,,,,,,,,,,,,,,,,,,,,,,,,,,,,,,,,,,,,,,,,,,,,,,,,,,,,,,,,,,,,,,,,LEVITON_R62-GFTA1-0KW.jpg,,,,,,,,,LEVITON_R62-GFTA1-0KW_Specification_Sheet.pdf,,,,,,,,,,,,,,,,,,Yes
https://www.leviton.com/product/165-04729-00C,,,,,,,Industrial Supplies,Equipment & Hardware,Tools & Parts,,165-04729-00C,1650472900C 15A 125V Cord Conn,,,Leviton,Leviton Mfg Co (4927),Leviton Manufacturing Co Inc,Leviton®,,165-04729-00C,,Industrial Equipment,"Leviton, 165-04729-00C, 125 V, Industrial Grade, Commercial Quality",1650472900C 15 A 125V,Leviton® 165-04729-00C 1650472900C 15 A 125 125 V,"Leviton®, Model 165-04729-00C, 125 V, 15 A",165-04729-00C,"Leviton®, Model 165-04729-00C, 125 V, 15 A",,,,,,,,,,,,,,,,,,,,,,,,,,Product,Voltage,125,V,Amperage,15,A,,,,,,,,,,,,,,,,,,,,,,,,,,,,,,,,,,,,,,,,,,,,,,,,,,,,,,,,,,,,,,,,,,,,,,,,,,,,,,,,,,,,,,,,,,,,,,,,,,,,,,,,,,,,,,,,,,,,,,,,,,,,,,,,,,,,,,,,,,,,,,,,,,,,,,,,,,,,,,,,,,,,LEVITON_165-04729-00C.jpg,,,,,,,,,LEVITON_165-04729-00C_Specification_Sheet.pdf,,,,,,,,,,,,,,,,,,Yes
https://www.leviton.com/product/161-04720-00C,,,,,,,Industrial Supplies,Equipment & Hardware,Tools & Parts,,161-04720-00C,1610472000C 15A 125V Cord Conn,,,Leviton,Leviton Mfg Co (4927),Leviton Manufacturing Co Inc,Leviton®,,161-04720-00C,,Industrial Equipment,"Leviton, 161-04720-00C, 125 V, Industrial Grade, Commercial Quality",1610472000C 15 A 125V,Leviton® 161-04720-00C 1610472000C 15 A 125 125 V,"Leviton®, Model 161-04720-00C, 125 V, 15 A",161-04720-00C,"Leviton®, Model 161-04720-00C, 125 V, 15 A",,,,,,,,,,,,,,,,,,,,,,,,,,Product,Voltage,125,V,Amperage,15,A,,,,,,,,,,,,,,,,,,,,,,,,,,,,,,,,,,,,,,,,,,,,,,,,,,,,,,,,,,,,,,,,,,,,,,,,,,,,,,,,,,,,,,,,,,,,,,,,,,,,,,,,,,,,,,,,,,,,,,,,,,,,,,,,,,,,,,,,,,,,,,,,,,,,,,,,,,,,,,,,,,,,LEVITON_161-04720-00C.jpg,,,,,,,,,LEVITON_161-04720-00C_Specification_Sheet.pdf,,,,,,,,,,,,,,,,,,Yes
https://www.leviton.com/product/R02-GUAC1-0BW,,,,,,,Industrial Supplies,Equipment & Hardware,Electrical Equipment,,R02-GUAC1-0BW,R02GUAC10BW 15A/USB Outlet Wh,,,Leviton,Leviton Mfg Co (4927),Leviton Manufacturing Co Inc,Leviton®,,R02-GUAC1-0BW,,Electrical Equipment,"Leviton, Electrical Equipment, R02-GUAC1-0BW, White, Industrial Grade",ELECTRICAL EQUIPMENT,Leviton® R02-GUAC1-0BW Electrical Equipment White,"Leviton®, Electrical Equipment, Model R02-GUAC1-0BW, 15 A, White","Electrical Equipment, R02-GUAC1-0BW","Leviton®, Electrical Equipment, Model R02-GUAC1-0BW, 15 A, White",,,,,,,,,,,,,,,,,,,,,,,,,,Electrical Equipment,Item Type,Electrical Equipment,,Amperage,15,A,Finish Color,White,,,,,,,,,,,,,,,,,,,,,,,,,,,,,,,,,,,,,,,,,,,,,,,,,,,,,,,,,,,,,,,,,,,,,,,,,,,,,,,,,,,,,,,,,,,,,,,,,,,,,,,,,,,,,,,,,,,,,,,,,,,,,,,,,,,,,,,,,,,,,,,,,,,,,,,,,,,,,,,,,,LEVITON_R02-GUAC1-0BW.jpg,,,,,,,,,LEVITON_R02-GUAC1-0BW_Specification_Sheet.pdf,,,,,,,,,,,,,,,,,,Yes
https://www.leviton.com/product/R56-CBR15-00T,,,,,,,Industrial Supplies,Equipment & Hardware,Electrical Equipment,,R56-CBR15-00T,R56CBR1500T 15A Outlet LA,,,Leviton,Leviton Mfg Co (4927),Leviton Manufacturing Co Inc,Leviton®,,R56-CBR15-00T,,Electrical Equipment,"Leviton, Electrical Equipment, R56-CBR15-00T, Industrial Grade",ELECTRICAL EQUIPMENT,Leviton® R56-CBR15-00T Electrical Equipment,"Leviton®, Electrical Equipment, Model R56-CBR15-00T, 15 A","Electrical Equipment, R56-CBR15-00T","Leviton®, Electrical Equipment, Model R56-CBR15-00T, 15 A",,,,,,,,,,,,,,,,,,,,,,,,,,Electrical Equipment,Item Type,Electrical Equipment,,Amperage,15,A,,,,,,,,,,,,,,,,,,,,,,,,,,,,,,,,,,,,,,,,,,,,,,,,,,,,,,,,,,,,,,,,,,,,,,,,,,,,,,,,,,,,,,,,,,,,,,,,,,,,,,,,,,,,,,,,,,,,,,,,,,,,,,,,,,,,,,,,,,,,,,,,,,,,,,,,,,,,,,,,,,,,LEVITON_R56-CBR15-00T.jpg,,,,,,,,,LEVITON_R56-CBR15-00T_Specification_Sheet.pdf,,,,,,,,,,,,,,,,,,Yes
https://www.leviton.com/product/R20-05378-P00,,,,,,,Industrial Supplies,Equipment & Hardware,Electrical Equipment,,R20-05378-P00,R2005378P00 6-50R Welder Outet,,,Leviton,Leviton Mfg Co (4927),Leviton Manufacturing Co Inc,Leviton®,,R20-05378-P00,,Electrical Equipment,"Leviton, Electrical Equipment, R20-05378-P00, Industrial Grade",ELECTRICAL EQUIPMENT,Leviton® R20-05378-P00 Electrical Equipment,"Leviton®, Electrical Equipment, Model R20-05378-P00","Electrical Equipment, R20-05378-P00","Leviton®, Electrical Equipment, Model R20-05378-P00",,,,,,,,,,,,,,,,,,,,,,,,,,Electrical Equipment,Item Type,Electrical Equipment,,,,,,,,,,,,,,,,,,,,,,,,,,,,,,,,,,,,,,,,,,,,,,,,,,,,,,,,,,,,,,,,,,,,,,,,,,,,,,,,,,,,,,,,,,,,,,,,,,,,,,,,,,,,,,,,,,,,,,,,,,,,,,,,,,,,,,,,,,,,,,,,,,,,,,,,,,,,,,,,,,,,,,,,LEVITON_R20-05378-P00.jpg,,,,,,,,,LEVITON_R20-05378-P00_Specification_Sheet.pdf,,,,,,,,,,,,,,,,,,Yes
https://www.southwire.com/product/WC1V12W-SG-UPC,,,,,,,Industrial Supplies,Equipment & Hardware,Tools & Parts,,WC1V12W-SG-UPC,WC1V12WSGUPC 1G Cover Wh,,,Southwire,Southwire/g Turner (6603),Southwire Company LLC,Southwire®,,WC1V12W-SG-UPC,,Industrial Equipment,"Southwire, WC1V12W-SG-UPC, White, Industrial Grade, Commercial Quality",WC1V12WSGUPC 1G COVER,Southwire® WC1V12W-SG-UPC WC1V12WSGUPC 1G Cover White,"Southwire®, Model WC1V12W-SG-UPC, White",WC1V12W-SG-UPC,"Southwire®, Model WC1V12W-SG-UPC, White",,,,,,,,,,,,,,,,,,,,,,,,,,Product,Finish Color,White,,,,,,,,,,,,,,,,,,,,,,,,,,,,,,,,,,,,,,,,,,,,,,,,,,,,,,,,,,,,,,,,,,,,,,,,,,,,,,,,,,,,,,,,,,,,,,,,,,,,,,,,,,,,,,,,,,,,,,,,,,,,,,,,,,,,,,,,,,,,,,,,,,,,,,,,,,,,,,,,,,,,,,,,SOUTHWIRE_WC1V12W-SG-UPC.jpg,,,,,,,,,SOUTHWIRE_WC1V12W-SG-UPC_Specification_Sheet.pdf,,,,,,,,,,,,,,,,,,Yes
https://www.leviton.com/product/R51-GSRA1-THD,,,,,,,Industrial Supplies,Equipment & Hardware,Tools & Parts,,R51-GSRA1-THD,R5GSRA1THD 15A GFCI Plug,,,Leviton,Leviton Mfg Co (4927),Leviton Manufacturing Co Inc,Leviton®,,R51-GSRA1-THD,,Industrial Equipment,"Leviton, R51-GSRA1-THD, Industrial Grade, Commercial Quality",R5GSRA1THD 15 A,Leviton® R51-GSRA1-THD R5GSRA1THD 15 A Ground,"Leviton®, Model R51-GSRA1-THD, 15 A",R51-GSRA1-THD,"Leviton®, Model R51-GSRA1-THD, 15 A",,,,,,,,,,,,,,,,,,,,,,,,,,Product,Amperage,15,A,,,,,,,,,,,,,,,,,,,,,,,,,,,,,,,,,,,,,,,,,,,,,,,,,,,,,,,,,,,,,,,,,,,,,,,,,,,,,,,,,,,,,,,,,,,,,,,,,,,,,,,,,,,,,,,,,,,,,,,,,,,,,,,,,,,,,,,,,,,,,,,,,,,,,,,,,,,,,,,,,,,,,,,LEVITON_R51-GSRA1-THD.jpg,,,,,,,,,LEVITON_R51-GSRA1-THD_Specification_Sheet.pdf,,,,,,,,,,,,,,,,,,Yes
https://www.leviton.com/product/R62-CBR15-00W,,,,,,,Industrial Supplies,Equipment & Hardware,Electrical Equipment,,R62-CBR15-00W,R62CBR1500W 15A Outlet Wh,,,Leviton,Leviton Mfg Co (4927),Leviton Manufacturing Co Inc,Leviton®,,R62-CBR15-00W,,Electrical Equipment,"Leviton, Electrical Equipment, R62-CBR15-00W, White, Industrial Grade",ELECTRICAL EQUIPMENT,Leviton® R62-CBR15-00W Electrical Equipment White,"Leviton®, Electrical Equipment, Model R62-CBR15-00W, 15 A, White","Electrical Equipment, R62-CBR15-00W","Leviton®, Electrical Equipment, Model R62-CBR15-00W, 15 A, White",,,,,,,,,,,,,,,,,,,,,,,,,,Electrical Equipment,Item Type,Electrical Equipment,,Amperage,15,A,Finish Color,White,,,,,,,,,,,,,,,,,,,,,,,,,,,,,,,,,,,,,,,,,,,,,,,,,,,,,,,,,,,,,,,,,,,,,,,,,,,,,,,,,,,,,,,,,,,,,,,,,,,,,,,,,,,,,,,,,,,,,,,,,,,,,,,,,,,,,,,,,,,,,,,,,,,,,,,,,,,,,,,,,,LEVITON_R62-CBR15-00W.jpg,,,,,,,,,LEVITON_R62-CBR15-00W_Specification_Sheet.pdf,,,,,,,,,,,,,,,,,,Yes
https://www.leviton.com/product/S03-05226-IS,,,,,,,Industrial Supplies,Equipment & Hardware,Electrical Equipment,,S03-05226-IS,S0305226IS IV Switch / Pilot,,,Leviton,Leviton Mfg Co (4927),Leviton Manufacturing Co Inc,Leviton®,,S03-05226-IS,,Electrical Equipment,"Leviton, Electrical Equipment, S03-05226-IS, Industrial Grade",ELECTRICAL EQUIPMENT,Leviton® S03-05226-IS Electrical Equipment,"Leviton®, Electrical Equipment, Model S03-05226-IS","Electrical Equipment, S03-05226-IS","Leviton®, Electrical Equipment, Model S03-05226-IS",,,,,,,,,,,,,,,,,,,,,,,,,,Electrical Equipment,Item Type,Electrical Equipment,,,,,,,,,,,,,,,,,,,,,,,,,,,,,,,,,,,,,,,,,,,,,,,,,,,,,,,,,,,,,,,,,,,,,,,,,,,,,,,,,,,,,,,,,,,,,,,,,,,,,,,,,,,,,,,,,,,,,,,,,,,,,,,,,,,,,,,,,,,,,,,,,,,,,,,,,,,,,,,,,,,,,,,,LEVITON_S03-05226-IS.jpg,,,,,,,,,LEVITON_S03-05226-IS_Specification_Sheet.pdf,,,,,,,,,,,,,,,,,,Yes
https://www.leviton.com/product/174-0CSB3-15W,,,,,,,Industrial Supplies,Equipment & Hardware,Electrical Equipment,,174-0CSB3-15W,174-OCSB3-15A Toggle 3-Way Switch Wh,,,,Leviton Mfg Co (4927),Leviton Manufacturing Co Inc,Leviton®,,174-0CSB3-15W,,Electrical Equipment,"Leviton, Electrical Equipment, 174-0CSB3-15W, White, Industrial Grade",ELECTRICAL EQUIPMENT,Leviton® 174-0CSB3-15W Electrical Equipment White,"Leviton®, Electrical Equipment, Model 174-0CSB3-15W, 15 A, White","Electrical Equipment, 174-0CSB3-15W","Leviton®, Electrical Equipment, Model 174-0CSB3-15W, 15 A, White",,,,,,,,,,,,,,,,,,,,,,,,,,Electrical Equipment,Item Type,Electrical Equipment,,Amperage,15,A,Finish Color,White,,,,,,,,,,,,,,,,,,,,,,,,,,,,,,,,,,,,,,,,,,,,,,,,,,,,,,,,,,,,,,,,,,,,,,,,,,,,,,,,,,,,,,,,,,,,,,,,,,,,,,,,,,,,,,,,,,,,,,,,,,,,,,,,,,,,,,,,,,,,,,,,,,,,,,,,,,,,,,,,,,LEVITON_174-0CSB3-15W.jpg,,,,,,,,,LEVITON_174-0CSB3-15W_Specification_Sheet.pdf,,,,,,,,,,,,,,,,,,Yes
https://www.leviton.com/product/R50-0SL13-000,,,,,,,Industrial Supplies,Equipment & Hardware,Electrical Equipment,,R50-0SL13-000,T50-0SL13000 1G Wallplate SS - Blank,,,Leviton,Leviton Mfg Co (4927),Leviton Manufacturing Co Inc,Leviton®,,R50-0SL13-000,,Electrical Equipment,"Leviton, Electrical Equipment, R50-0SL13-000, Stainless Steel",ELECTRICAL EQUIPMENT,Leviton® R50-0SL13-000 Electrical Equipment Stainless Steel,"Leviton®, Electrical Equipment, Model R50-0SL13-000, Stainless Steel, Stainless Steel","Electrical Equipment, R50-0SL13-000","Leviton®, Electrical Equipment, Model R50-0SL13-000, Stainless Steel, Stainless Steel",,,,,,,,,,,,,,,,,,,,,,,,,,Electrical Equipment,Item Type,Electrical Equipment,,Material,Stainless Steel,,Finish Color,Stainless Steel,,,,,,,,,,,,,,,,,,,,,,,,,,,,,,,,,,,,,,,,,,,,,,,,,,,,,,,,,,,,,,,,,,,,,,,,,,,,,,,,,,,,,,,,,,,,,,,,,,,,,,,,,,,,,,,,,,,,,,,,,,,,,,,,,,,,,,,,,,,,,,,,,,,,,,,,,,,,,,,,,,LEVITON_R50-0SL13-000.jpg,,,,,,,,,LEVITON_R50-0SL13-000_Specification_Sheet.pdf,,,,,,,,,,,,,,,,,,Yes
https://www.leviton.com/product/R52-0PJ13-00W,,,,,,,Industrial Supplies,Equipment & Hardware,Electrical Equipment,,R52-0PJ13-00W,R520PJ1300W 1G Wallplate Wh - Blank,,,Leviton,Leviton Mfg Co (4927),Leviton Manufacturing Co Inc,Leviton®,,R52-0PJ13-00W,,Electrical Equipment,"Leviton, Electrical Equipment, R52-0PJ13-00W, White, Industrial Grade",ELECTRICAL EQUIPMENT,Leviton® R52-0PJ13-00W Electrical Equipment White,"Leviton®, Electrical Equipment, Model R52-0PJ13-00W, White","Electrical Equipment, R52-0PJ13-00W","Leviton®, Electrical Equipment, Model R52-0PJ13-00W, White",,,,,,,,,,,,,,,,,,,,,,,,,,Electrical Equipment,Item Type,Electrical Equipment,,Finish Color,White,,,,,,,,,,,,,,,,,,,,,,,,,,,,,,,,,,,,,,,,,,,,,,,,,,,,,,,,,,,,,,,,,,,,,,,,,,,,,,,,,,,,,,,,,,,,,,,,,,,,,,,,,,,,,,,,,,,,,,,,,,,,,,,,,,,,,,,,,,,,,,,,,,,,,,,,,,,,,,,,,,,,,LEVITON_R52-0PJ13-00W.jpg,,,,,,,,,LEVITON_R52-0PJ13-00W_Specification_Sheet.pdf,,,,,,,,,,,,,,,,,,Yes
https://www.frigidaire.com/product/XOU2470BCGS,,,,,,,Industrial Supplies,Equipment & Hardware,Refrigeration Appliance,,XOU2470BCGS,XOU2470BCGS Tall Beverage Center SS,,,,Appliance Dealers Cooperative (APPDE),Electrolux Home Products Inc,FRIGIDAIRE®,,XOU2470BCGS,,Refrigeration Appliance,"FRIGIDAIRE, Refrigeration Appliance, XOU2470BCGS, Stainless Steel",REFRIGERATION APPLIANCE,FRIGIDAIRE® XOU2470BCGS Refrigeration Appliance Stainless Steel,"FRIGIDAIRE®, Refrigeration Appliance, Model XOU2470BCGS, Stainless Steel, Stainless Steel","Refrigeration Appliance, XOU2470BCGS","FRIGIDAIRE®, Refrigeration Appliance, Model XOU2470BCGS, Stainless Steel, Stainless Steel",,,,,,,,,,,,,,,,,,,,,,,,,,Refrigeration Appliance,Item Type,Refrigeration Appliance,,Material,Stainless Steel,,Finish Color,Stainless Steel,,,,,,,,,,,,,,,,,,,,,,,,,,,,,,,,,,,,,,,,,,,,,,,,,,,,,,,,,,,,,,,,,,,,,,,,,,,,,,,,,,,,,,,,,,,,,,,,,,,,,,,,,,,,,,,,,,,,,,,,,,,,,,,,,,,,,,,,,,,,,,,,,,,,,,,,,,,,,,,,,,FRIGIDAIRE_XOU2470BCGS.jpg,,,,,,,,,FRIGIDAIRE_XOU2470BCGS_Specification_Sheet.pdf,,,,,,,,,,,,,,,,,,Yes
https://www.frigidaire.com/product/XOU24BCGSR,,,,,,,Industrial Supplies,Equipment & Hardware,Refrigeration Appliance,,XOU24BCGSR,XOU24BCGSR Beverage Center SS,,,,Appliance Dealers Cooperative (APPDE),Electrolux Home Products Inc,FRIGIDAIRE®,,XOU24BCGSR,,Refrigeration Appliance,"FRIGIDAIRE, Refrigeration Appliance, XOU24BCGSR, Stainless Steel",REFRIGERATION APPLIANCE,FRIGIDAIRE® XOU24BCGSR Refrigeration Appliance Stainless Steel,"FRIGIDAIRE®, Refrigeration Appliance, Model XOU24BCGSR, Stainless Steel, Stainless Steel","Refrigeration Appliance, XOU24BCGSR","FRIGIDAIRE®, Refrigeration Appliance, Model XOU24BCGSR, Stainless Steel, Stainless Steel",,,,,,,,,,,,,,,,,,,,,,,,,,Refrigeration Appliance,Item Type,Refrigeration Appliance,,Material,Stainless Steel,,Finish Color,Stainless Steel,,,,,,,,,,,,,,,,,,,,,,,,,,,,,,,,,,,,,,,,,,,,,,,,,,,,,,,,,,,,,,,,,,,,,,,,,,,,,,,,,,,,,,,,,,,,,,,,,,,,,,,,,,,,,,,,,,,,,,,,,,,,,,,,,,,,,,,,,,,,,,,,,,,,,,,,,,,,,,,,,,FRIGIDAIRE_XOU24BCGSR.jpg,,,,,,,,,FRIGIDAIRE_XOU24BCGSR_Specification_Sheet.pdf,,,,,,,,,,,,,,,,,,Yes
https://www.frigidaire.com/product/XOU24WDZGBR,,,,,,,Industrial Supplies,Equipment & Hardware,Refrigeration Appliance,,XOU24WDZGBR,XOU24WDZGBR Beverage Center Bk,,,,Appliance Dealers Cooperative (APPDE),Electrolux Home Products Inc,FRIGIDAIRE®,,XOU24WDZGBR,,Refrigeration Appliance,"FRIGIDAIRE, Refrigeration Appliance, XOU24WDZGBR, Black, Industrial Grade",REFRIGERATION APPLIANCE,FRIGIDAIRE® XOU24WDZGBR Refrigeration Appliance Black,"FRIGIDAIRE®, Refrigeration Appliance, Model XOU24WDZGBR, Black","Refrigeration Appliance, XOU24WDZGBR","FRIGIDAIRE®, Refrigeration Appliance, Model XOU24WDZGBR, Black",,,,,,,,,,,,,,,,,,,,,,,,,,Refrigeration Appliance,Item Type,Refrigeration Appliance,,Finish Color,Black,,,,,,,,,,,,,,,,,,,,,,,,,,,,,,,,,,,,,,,,,,,,,,,,,,,,,,,,,,,,,,,,,,,,,,,,,,,,,,,,,,,,,,,,,,,,,,,,,,,,,,,,,,,,,,,,,,,,,,,,,,,,,,,,,,,,,,,,,,,,,,,,,,,,,,,,,,,,,,,,,,,,,FRIGIDAIRE_XOU24WDZGBR.jpg,,,,,,,,,FRIGIDAIRE_XOU24WDZGBR_Specification_Sheet.pdf,,,,,,,,,,,,,,,,,,Yes
https://www.frigidaire.com/product/C7CDAAS3PD3,,,,,,,Industrial Supplies,Equipment & Hardware,Cooking Appliance,,C7CDAAS3PD3,C7CDAAS3PD3 Café Drip Coffee Maker MB,,,,Appliance Dealers Cooperative (APPDE),Electrolux Home Products Inc,FRIGIDAIRE®,,C7CDAAS3PD3,,Cooking Appliance,"FRIGIDAIRE, Cooking Appliance, C7CDAAS3PD3, Industrial Grade",COOKING APPLIANCE,FRIGIDAIRE® C7CDAAS3PD3 Cooking Appliance,"FRIGIDAIRE®, Cooking Appliance, Model C7CDAAS3PD3","Cooking Appliance, C7CDAAS3PD3","FRIGIDAIRE®, Cooking Appliance, Model C7CDAAS3PD3",,,,,,,,,,,,,,,,,,,,,,,,,,Cooking Appliance,Item Type,Cooking Appliance,,,,,,,,,,,,,,,,,,,,,,,,,,,,,,,,,,,,,,,,,,,,,,,,,,,,,,,,,,,,,,,,,,,,,,,,,,,,,,,,,,,,,,,,,,,,,,,,,,,,,,,,,,,,,,,,,,,,,,,,,,,,,,,,,,,,,,,,,,,,,,,,,,,,,,,,,,,,,,,,,,,,,,,,FRIGIDAIRE_C7CDAAS3PD3.jpg,,,,,,,,,FRIGIDAIRE_C7CDAAS3PD3_Specification_Sheet.pdf,,,,,,,,,,,,,,,,,,Yes
https://www.frigidaire.com/product/C7CDAAS4PW3,,,,,,,Industrial Supplies,Equipment & Hardware,Cooking Appliance,,C7CDAAS4PW3,C7CDAAS4PW3 Café Drip Coffee Maker MW,,,,Appliance Dealers Cooperative (APPDE),Electrolux Home Products Inc,FRIGIDAIRE®,,C7CDAAS4PW3,,Cooking Appliance,"FRIGIDAIRE, Cooking Appliance, C7CDAAS4PW3, Industrial Grade",COOKING APPLIANCE,FRIGIDAIRE® C7CDAAS4PW3 Cooking Appliance,"FRIGIDAIRE®, Cooking Appliance, Model C7CDAAS4PW3","Cooking Appliance, C7CDAAS4PW3","FRIGIDAIRE®, Cooking Appliance, Model C7CDAAS4PW3",,,,,,,,,,,,,,,,,,,,,,,,,,Cooking Appliance,Item Type,Cooking Appliance,,,,,,,,,,,,,,,,,,,,,,,,,,,,,,,,,,,,,,,,,,,,,,,,,,,,,,,,,,,,,,,,,,,,,,,,,,,,,,,,,,,,,,,,,,,,,,,,,,,,,,,,,,,,,,,,,,,,,,,,,,,,,,,,,,,,,,,,,,,,,,,,,,,,,,,,,,,,,,,,,,,,,,,,FRIGIDAIRE_C7CDAAS4PW3.jpg,,,,,,,,,FRIGIDAIRE_C7CDAAS4PW3_Specification_Sheet.pdf,,,,,,,,,,,,,,,,,,Yes
https://www.frigidaire.com/product/C7CDABS2RS3,,,,,,,Industrial Supplies,Equipment & Hardware,Cooking Appliance,,C7CDABS2RS3,C7CDABS2RS3 Cafe Coffee Maker,,,,Appliance Dealers Cooperative (APPDE),Electrolux Home Products Inc,FRIGIDAIRE®,,C7CDABS2RS3,,Cooking Appliance,"FRIGIDAIRE, Cooking Appliance, C7CDABS2RS3, Industrial Grade",COOKING APPLIANCE,FRIGIDAIRE® C7CDABS2RS3 Cooking Appliance,"FRIGIDAIRE®, Cooking Appliance, Model C7CDABS2RS3","Cooking Appliance, C7CDABS2RS3","FRIGIDAIRE®, Cooking Appliance, Model C7CDABS2RS3",,,,,,,,,,,,,,,,,,,,,,,,,,Cooking Appliance,Item Type,Cooking Appliance,,,,,,,,,,,,,,,,,,,,,,,,,,,,,,,,,,,,,,,,,,,,,,,,,,,,,,,,,,,,,,,,,,,,,,,,,,,,,,,,,,,,,,,,,,,,,,,,,,,,,,,,,,,,,,,,,,,,,,,,,,,,,,,,,,,,,,,,,,,,,,,,,,,,,,,,,,,,,,,,,,,,,,,,FRIGIDAIRE_C7CDABS2RS3.jpg,,,,,,,,,FRIGIDAIRE_C7CDABS2RS3_Specification_Sheet.pdf,,,,,,,,,,,,,,,,,,Yes
https://www.frigidaire.com/product/C7CDABS3RD3,,,,,,,Industrial Supplies,Equipment & Hardware,Cooking Appliance,,C7CDABS3RD3,C7CDABS3RD3 Café Coffee Maker MB,,,,Appliance Dealers Cooperative (APPDE),Electrolux Home Products Inc,FRIGIDAIRE®,,C7CDABS3RD3,,Cooking Appliance,"FRIGIDAIRE, Cooking Appliance, C7CDABS3RD3, Industrial Grade",COOKING APPLIANCE,FRIGIDAIRE® C7CDABS3RD3 Cooking Appliance,"FRIGIDAIRE®, Cooking Appliance, Model C7CDABS3RD3","Cooking Appliance, C7CDABS3RD3","FRIGIDAIRE®, Cooking Appliance, Model C7CDABS3RD3",,,,,,,,,,,,,,,,,,,,,,,,,,Cooking Appliance,Item Type,Cooking Appliance,,,,,,,,,,,,,,,,,,,,,,,,,,,,,,,,,,,,,,,,,,,,,,,,,,,,,,,,,,,,,,,,,,,,,,,,,,,,,,,,,,,,,,,,,,,,,,,,,,,,,,,,,,,,,,,,,,,,,,,,,,,,,,,,,,,,,,,,,,,,,,,,,,,,,,,,,,,,,,,,,,,,,,,,FRIGIDAIRE_C7CDABS3RD3.jpg,,,,,,,,,FRIGIDAIRE_C7CDABS3RD3_Specification_Sheet.pdf,,,,,,,,,,,,,,,,,,Yes
https://www.frigidaire.com/product/C7CDABS4RW3,,,,,,,Industrial Supplies,Equipment & Hardware,Cooking Appliance,,C7CDABS4RW3,C7CDABS4RW3 Café Coffee Maker MW,,,,Appliance Dealers Cooperative (APPDE),Electrolux Home Products Inc,FRIGIDAIRE®,,C7CDABS4RW3,,Cooking Appliance,"FRIGIDAIRE, Cooking Appliance, C7CDABS4RW3, Industrial Grade",COOKING APPLIANCE,FRIGIDAIRE® C7CDABS4RW3 Cooking Appliance,"FRIGIDAIRE®, Cooking Appliance, Model C7CDABS4RW3","Cooking Appliance, C7CDABS4RW3","FRIGIDAIRE®, Cooking Appliance, Model C7CDABS4RW3",,,,,,,,,,,,,,,,,,,,,,,,,,Cooking Appliance,Item Type,Cooking Appliance,,,,,,,,,,,,,,,,,,,,,,,,,,,,,,,,,,,,,,,,,,,,,,,,,,,,,,,,,,,,,,,,,,,,,,,,,,,,,,,,,,,,,,,,,,,,,,,,,,,,,,,,,,,,,,,,,,,,,,,,,,,,,,,,,,,,,,,,,,,,,,,,,,,,,,,,,,,,,,,,,,,,,,,,FRIGIDAIRE_C7CDABS4RW3.jpg,,,,,,,,,FRIGIDAIRE_C7CDABS4RW3_Specification_Sheet.pdf,,,,,,,,,,,,,,,,,,Yes
https://www.frigidaire.com/product/C7CEBBS2RS3,,,,,,,Industrial Supplies,Equipment & Hardware,Cooking Appliance,,C7CEBBS2RS3,C7CEBBS2RS3 Cafe Auto Espresso Machine SS,,,,Appliance Dealers Cooperative (APPDE),Electrolux Home Products Inc,FRIGIDAIRE®,,C7CEBBS2RS3,,Cooking Appliance,"FRIGIDAIRE, Cooking Appliance, C7CEBBS2RS3, Stainless Steel, Industrial Grade",COOKING APPLIANCE,FRIGIDAIRE® C7CEBBS2RS3 Cooking Appliance Stainless Steel,"FRIGIDAIRE®, Cooking Appliance, Model C7CEBBS2RS3, Stainless Steel, Stainless Steel","Cooking Appliance, C7CEBBS2RS3","FRIGIDAIRE®, Cooking Appliance, Model C7CEBBS2RS3, Stainless Steel, Stainless Steel",,,,,,,,,,,,,,,,,,,,,,,,,,Cooking Appliance,Item Type,Cooking Appliance,,Material,Stainless Steel,,Finish Color,Stainless Steel,,,,,,,,,,,,,,,,,,,,,,,,,,,,,,,,,,,,,,,,,,,,,,,,,,,,,,,,,,,,,,,,,,,,,,,,,,,,,,,,,,,,,,,,,,,,,,,,,,,,,,,,,,,,,,,,,,,,,,,,,,,,,,,,,,,,,,,,,,,,,,,,,,,,,,,,,,,,,,,,,,FRIGIDAIRE_C7CEBBS2RS3.jpg,,,,,,,,,FRIGIDAIRE_C7CEBBS2RS3_Specification_Sheet.pdf,,,,,,,,,,,,,,,,,,Yes
https://www.frigidaire.com/product/C7CEBBS4RW3,,,,,,,Industrial Supplies,Equipment & Hardware,Cooking Appliance,,C7CEBBS4RW3,C7CEBBS4RW3 Café Auto Espresso Machine Wh,,,,Appliance Dealers Cooperative (APPDE),Electrolux Home Products Inc,FRIGIDAIRE®,,C7CEBBS4RW3,,Cooking Appliance,"FRIGIDAIRE, Cooking Appliance, C7CEBBS4RW3, White, Industrial Grade",COOKING APPLIANCE,FRIGIDAIRE® C7CEBBS4RW3 Cooking Appliance White,"FRIGIDAIRE®, Cooking Appliance, Model C7CEBBS4RW3, White","Cooking Appliance, C7CEBBS4RW3","FRIGIDAIRE®, Cooking Appliance, Model C7CEBBS4RW3, White",,,,,,,,,,,,,,,,,,,,,,,,,,Cooking Appliance,Item Type,Cooking Appliance,,Finish Color,White,,,,,,,,,,,,,,,,,,,,,,,,,,,,,,,,,,,,,,,,,,,,,,,,,,,,,,,,,,,,,,,,,,,,,,,,,,,,,,,,,,,,,,,,,,,,,,,,,,,,,,,,,,,,,,,,,,,,,,,,,,,,,,,,,,,,,,,,,,,,,,,,,,,,,,,,,,,,,,,,,,,,,FRIGIDAIRE_C7CEBBS4RW3.jpg,,,,,,,,,FRIGIDAIRE_C7CEBBS4RW3_Specification_Sheet.pdf,,,,,,,,,,,,,,,,,,Yes
https://www.frigidaire.com/product/C7CESAS2RS3,,,,,,,Industrial Supplies,Equipment & Hardware,Tools & Parts,,C7CESAS2RS3,C7CESAS2RS3 Café Espresso SS,,,,Appliance Dealers Cooperative (APPDE),Electrolux Home Products Inc,FRIGIDAIRE®,,C7CESAS2RS3,,Industrial Equipment,"FRIGIDAIRE, C7CESAS2RS3, Stainless Steel, Industrial Grade, Commercial Quality",CAF ESPRESSO STAINLESS,FRIGIDAIRE® C7CESAS2RS3 Café Espresso Stainless Steel,"FRIGIDAIRE®, Model C7CESAS2RS3, Stainless Steel, Stainless Steel",C7CESAS2RS3,"FRIGIDAIRE®, Model C7CESAS2RS3, Stainless Steel, Stainless Steel",,,,,,,,,,,,,,,,,,,,,,,,,,Product,Material,Stainless Steel,,Finish Color,Stainless Steel,,,,,,,,,,,,,,,,,,,,,,,,,,,,,,,,,,,,,,,,,,,,,,,,,,,,,,,,,,,,,,,,,,,,,,,,,,,,,,,,,,,,,,,,,,,,,,,,,,,,,,,,,,,,,,,,,,,,,,,,,,,,,,,,,,,,,,,,,,,,,,,,,,,,,,,,,,,,,,,,,,,,,FRIGIDAIRE_C7CESAS2RS3.jpg,,,,,,,,,FRIGIDAIRE_C7CESAS2RS3_Specification_Sheet.pdf,,,,,,,,,,,,,,,,,,Yes
https://www.frigidaire.com/product/C7CESAS3RD3,,,,,,,Industrial Supplies,Equipment & Hardware,Cooking Appliance,,C7CESAS3RD3,C7CESAS3RD3 Café Espresso Machine MB,,,,Appliance Dealers Cooperative (APPDE),Electrolux Home Products Inc,FRIGIDAIRE®,,C7CESAS3RD3,,Cooking Appliance,"FRIGIDAIRE, Cooking Appliance, C7CESAS3RD3, Industrial Grade",COOKING APPLIANCE,FRIGIDAIRE® C7CESAS3RD3 Cooking Appliance,"FRIGIDAIRE®, Cooking Appliance, Model C7CESAS3RD3","Cooking Appliance, C7CESAS3RD3","FRIGIDAIRE®, Cooking Appliance, Model C7CESAS3RD3",,,,,,,,,,,,,,,,,,,,,,,,,,Cooking Appliance,Item Type,Cooking Appliance,,,,,,,,,,,,,,,,,,,,,,,,,,,,,,,,,,,,,,,,,,,,,,,,,,,,,,,,,,,,,,,,,,,,,,,,,,,,,,,,,,,,,,,,,,,,,,,,,,,,,,,,,,,,,,,,,,,,,,,,,,,,,,,,,,,,,,,,,,,,,,,,,,,,,,,,,,,,,,,,,,,,,,,,FRIGIDAIRE_C7CESAS3RD3.jpg,,,,,,,,,FRIGIDAIRE_C7CESAS3RD3_Specification_Sheet.pdf,,,,,,,,,,,,,,,,,,Yes
https://www.frigidaire.com/product/C7CESAS4RW3,,,,,,,Industrial Supplies,Equipment & Hardware,Tools & Parts,,C7CESAS4RW3,C7CESAS4RW3 Cafe Espresso Wh,,,,Appliance Dealers Cooperative (APPDE),Electrolux Home Products Inc,FRIGIDAIRE®,,C7CESAS4RW3,,Industrial Equipment,"FRIGIDAIRE, C7CESAS4RW3, White, Industrial Grade, Commercial Quality",CAFE ESPRESSO WHITE,FRIGIDAIRE® C7CESAS4RW3 Cafe Espresso White,"FRIGIDAIRE®, Model C7CESAS4RW3, White",C7CESAS4RW3,"FRIGIDAIRE®, Model C7CESAS4RW3, White",,,,,,,,,,,,,,,,,,,,,,,,,,Product,Finish Color,White,,,,,,,,,,,,,,,,,,,,,,,,,,,,,,,,,,,,,,,,,,,,,,,,,,,,,,,,,,,,,,,,,,,,,,,,,,,,,,,,,,,,,,,,,,,,,,,,,,,,,,,,,,,,,,,,,,,,,,,,,,,,,,,,,,,,,,,,,,,,,,,,,,,,,,,,,,,,,,,,,,,,,,,,FRIGIDAIRE_C7CESAS4RW3.jpg,,,,,,,,,FRIGIDAIRE_C7CESAS4RW3_Specification_Sheet.pdf,,,,,,,,,,,,,,,,,,Yes
https://www.frigidaire.com/product/WOSP30100SS,,,,,,,Industrial Supplies,Equipment & Hardware,Cooking Appliance,,WOSP30100SS,WOSP30100SS Beko Wall Oven SS,,,,Appliance Dealers Cooperative (APPDE),Electrolux Home Products Inc,FRIGIDAIRE®,,WOSP30100SS,,Cooking Appliance,"FRIGIDAIRE, Cooking Appliance, WOSP30100SS, Stainless Steel, Industrial Grade",COOKING APPLIANCE,FRIGIDAIRE® WOSP30100SS Cooking Appliance Stainless Steel,"FRIGIDAIRE®, Cooking Appliance, Model WOSP30100SS, Stainless Steel, Stainless Steel","Cooking Appliance, WOSP30100SS","FRIGIDAIRE®, Cooking Appliance, Model WOSP30100SS, Stainless Steel, Stainless Steel",,,,,,,,,,,,,,,,,,,,,,,,,,Cooking Appliance,Item Type,Cooking Appliance,,Material,Stainless Steel,,Finish Color,Stainless Steel,,,,,,,,,,,,,,,,,,,,,,,,,,,,,,,,,,,,,,,,,,,,,,,,,,,,,,,,,,,,,,,,,,,,,,,,,,,,,,,,,,,,,,,,,,,,,,,,,,,,,,,,,,,,,,,,,,,,,,,,,,,,,,,,,,,,,,,,,,,,,,,,,,,,,,,,,,,,,,,,,,FRIGIDAIRE_WOSP30100SS.jpg,,,,,,,,,FRIGIDAIRE_WOSP30100SS_Specification_Sheet.pdf,,,,,,,,,,,,,,,,,,Yes
https://www.frigidaire.com/product/MSER2090S,,,,,,,Industrial Supplies,Equipment & Hardware,Cooking Appliance,,MSER2090S,MSER2090S LG Microwave SS,,,,Appliance Dealers Cooperative (APPDE),Electrolux Home Products Inc,FRIGIDAIRE®,,MSER2090S,,Cooking Appliance,"FRIGIDAIRE, Cooking Appliance, MSER2090S, Stainless Steel, Industrial Grade",COOKING APPLIANCE,FRIGIDAIRE® MSER2090S Cooking Appliance Stainless Steel,"FRIGIDAIRE®, Cooking Appliance, Model MSER2090S, Stainless Steel, Stainless Steel","Cooking Appliance, MSER2090S","FRIGIDAIRE®, Cooking Appliance, Model MSER2090S, Stainless Steel, Stainless Steel",,,,,,,,,,,,,,,,,,,,,,,,,,Cooking Appliance,Item Type,Cooking Appliance,,Material,Stainless Steel,,Finish Color,Stainless Steel,,,,,,,,,,,,,,,,,,,,,,,,,,,,,,,,,,,,,,,,,,,,,,,,,,,,,,,,,,,,,,,,,,,,,,,,,,,,,,,,,,,,,,,,,,,,,,,,,,,,,,,,,,,,,,,,,,,,,,,,,,,,,,,,,,,,,,,,,,,,,,,,,,,,,,,,,,,,,,,,,,FRIGIDAIRE_MSER2090S.jpg,,,,,,,,,FRIGIDAIRE_MSER2090S_Specification_Sheet.pdf,,,,,,,,,,,,,,,,,,Yes
https://www.frigidaire.com/product/GCST16S1WSS,,,,,,,Industrial Supplies,Equipment & Hardware,Cooking Appliance,,GCST16S1WSS,GCST16S1WSS GE Microwave SS,,,,Appliance Dealers Cooperative (APPDE),Electrolux Home Products Inc,FRIGIDAIRE®,,GCST16S1WSS,,Cooking Appliance,"FRIGIDAIRE, Cooking Appliance, GCST16S1WSS, Stainless Steel, Industrial Grade",COOKING APPLIANCE,FRIGIDAIRE® GCST16S1WSS Cooking Appliance Stainless Steel,"FRIGIDAIRE®, Cooking Appliance, Model GCST16S1WSS, Stainless Steel, Stainless Steel","Cooking Appliance, GCST16S1WSS","FRIGIDAIRE®, Cooking Appliance, Model GCST16S1WSS, Stainless Steel, Stainless Steel",,,,,,,,,,,,,,,,,,,,,,,,,,Cooking Appliance,Item Type,Cooking Appliance,,Material,Stainless Steel,,Finish Color,Stainless Steel,,,,,,,,,,,,,,,,,,,,,,,,,,,,,,,,,,,,,,,,,,,,,,,,,,,,,,,,,,,,,,,,,,,,,,,,,,,,,,,,,,,,,,,,,,,,,,,,,,,,,,,,,,,,,,,,,,,,,,,,,,,,,,,,,,,,,,,,,,,,,,,,,,,,,,,,,,,,,,,,,,FRIGIDAIRE_GCST16S1WSS.jpg,,,,,,,,,FRIGIDAIRE_GCST16S1WSS_Specification_Sheet.pdf,,,,,,,,,,,,,,,,,,Yes
https://www.frigidaire.com/product/PCWK15C1WSS,,,,,,,Industrial Supplies,Equipment & Hardware,Cooking Appliance,,PCWK15C1WSS,PCWK15C1WSS GE Microwave,,,,Appliance Dealers Cooperative (APPDE),Electrolux Home Products Inc,FRIGIDAIRE®,,PCWK15C1WSS,,Cooking Appliance,"FRIGIDAIRE, Cooking Appliance, PCWK15C1WSS, Industrial Grade",COOKING APPLIANCE,FRIGIDAIRE® PCWK15C1WSS Cooking Appliance,"FRIGIDAIRE®, Cooking Appliance, Model PCWK15C1WSS","Cooking Appliance, PCWK15C1WSS","FRIGIDAIRE®, Cooking Appliance, Model PCWK15C1WSS",,,,,,,,,,,,,,,,,,,,,,,,,,Cooking Appliance,Item Type,Cooking Appliance,,,,,,,,,,,,,,,,,,,,,,,,,,,,,,,,,,,,,,,,,,,,,,,,,,,,,,,,,,,,,,,,,,,,,,,,,,,,,,,,,,,,,,,,,,,,,,,,,,,,,,,,,,,,,,,,,,,,,,,,,,,,,,,,,,,,,,,,,,,,,,,,,,,,,,,,,,,,,,,,,,,,,,,,FRIGIDAIRE_PCWK15C1WSS.jpg,,,,,,,,,FRIGIDAIRE_PCWK15C1WSS_Specification_Sheet.pdf,,,,,,,,,,,,,,,,,,Yes
https://www.frigidaire.com/product/SMC2266KS,,,,,,,Industrial Supplies,Equipment & Hardware,Cooking Appliance,,SMC2266KS,SMC2266KS Microwave SS Display Only,,,,Appliance Dealers Cooperative (APPDE),Electrolux Home Products Inc,FRIGIDAIRE®,,SMC2266KS,,Cooking Appliance,"FRIGIDAIRE, Cooking Appliance, SMC2266KS, Stainless Steel, Industrial Grade",COOKING APPLIANCE,FRIGIDAIRE® SMC2266KS Cooking Appliance Stainless Steel,"FRIGIDAIRE®, Cooking Appliance, Model SMC2266KS, Stainless Steel, Stainless Steel","Cooking Appliance, SMC2266KS","FRIGIDAIRE®, Cooking Appliance, Model SMC2266KS, Stainless Steel, Stainless Steel",,,,,,,,,,,,,,,,,,,,,,,,,,Cooking Appliance,Item Type,Cooking Appliance,,Material,Stainless Steel,,Finish Color,Stainless Steel,,,,,,,,,,,,,,,,,,,,,,,,,,,,,,,,,,,,,,,,,,,,,,,,,,,,,,,,,,,,,,,,,,,,,,,,,,,,,,,,,,,,,,,,,,,,,,,,,,,,,,,,,,,,,,,,,,,,,,,,,,,,,,,,,,,,,,,,,,,,,,,,,,,,,,,,,,,,,,,,,,FRIGIDAIRE_SMC2266KS.jpg,,,,,,,,,FRIGIDAIRE_SMC2266KS_Specification_Sheet.pdf,,,,,,,,,,,,,,,,,,Yes
https://www.frigidaire.com/product/SMD2479JS,,,,,,,Industrial Supplies,Equipment & Hardware,Cooking Appliance,,SMD2479JS,SMD2479JS Microwave Drawer SS Display Only,,,,Appliance Dealers Cooperative (APPDE),Electrolux Home Products Inc,FRIGIDAIRE®,,SMD2479JS,,Cooking Appliance,"FRIGIDAIRE, Cooking Appliance, SMD2479JS, Stainless Steel, Industrial Grade",COOKING APPLIANCE,FRIGIDAIRE® SMD2479JS Cooking Appliance Stainless Steel,"FRIGIDAIRE®, Cooking Appliance, Model SMD2479JS, Stainless Steel, Stainless Steel","Cooking Appliance, SMD2479JS","FRIGIDAIRE®, Cooking Appliance, Model SMD2479JS, Stainless Steel, Stainless Steel",,,,,,,,,,,,,,,,,,,,,,,,,,Cooking Appliance,Item Type,Cooking Appliance,,Material,Stainless Steel,,Finish Color,Stainless Steel,,,,,,,,,,,,,,,,,,,,,,,,,,,,,,,,,,,,,,,,,,,,,,,,,,,,,,,,,,,,,,,,,,,,,,,,,,,,,,,,,,,,,,,,,,,,,,,,,,,,,,,,,,,,,,,,,,,,,,,,,,,,,,,,,,,,,,,,,,,,,,,,,,,,,,,,,,,,,,,,,,FRIGIDAIRE_SMD2479JS.jpg,,,,,,,,,FRIGIDAIRE_SMD2479JS_Specification_Sheet.pdf,,,,,,,,,,,,,,,,,,Yes
https://www.frigidaire.com/product/PEP9030DTBB,,,,,,,Industrial Supplies,Equipment & Hardware,Cooking Appliance,,PEP9030DTBB,"PEP9030DTBB 30"" GE Cooktop Bk",,,,Appliance Dealers Cooperative (APPDE),Electrolux Home Products Inc,FRIGIDAIRE®,,PEP9030DTBB,,Cooking Appliance,"FRIGIDAIRE, Cooking Appliance, PEP9030DTBB, Black, Industrial Grade",COOKING APPLIANCE,FRIGIDAIRE® PEP9030DTBB Cooking Appliance Black,"FRIGIDAIRE®, Cooking Appliance, Model PEP9030DTBB, Black","Cooking Appliance, PEP9030DTBB","FRIGIDAIRE®, Cooking Appliance, Model PEP9030DTBB, Black",,,,,,,,,,,,,,,,,,,,,,,,,,Cooking Appliance,Item Type,Cooking Appliance,,Finish Color,Black,,,,,,,,,,,,,,,,,,,,,,,,,,,,,,,,,,,,,,,,,,,,,,,,,,,,,,,,,,,,,,,,,,,,,,,,,,,,,,,,,,,,,,,,,,,,,,,,,,,,,,,,,,,,,,,,,,,,,,,,,,,,,,,,,,,,,,,,,,,,,,,,,,,,,,,,,,,,,,,,,,,,,FRIGIDAIRE_PEP9030DTBB.jpg,,,,,,,,,FRIGIDAIRE_PEP9030DTBB_Specification_Sheet.pdf,,,,,,,,,,,,,,,,,,Yes
https://www.frigidaire.com/product/CES700P3MD1,,,,,,,Industrial Supplies,Equipment & Hardware,Cooking Appliance,,CES700P3MD1,"CES700P3MD1 Cafe 30"" Range Bk - Display",,,,Appliance Dealers Cooperative (APPDE),Electrolux Home Products Inc,FRIGIDAIRE®,,CES700P3MD1,,Cooking Appliance,"FRIGIDAIRE, Cooking Appliance, CES700P3MD1, Black, Industrial Grade",COOKING APPLIANCE,FRIGIDAIRE® CES700P3MD1 Cooking Appliance Black,"FRIGIDAIRE®, Cooking Appliance, Model CES700P3MD1, Black","Cooking Appliance, CES700P3MD1","FRIGIDAIRE®, Cooking Appliance, Model CES700P3MD1, Black",,,,,,,,,,,,,,,,,,,,,,,,,,Cooking Appliance,Item Type,Cooking Appliance,,Finish Color,Black,,,,,,,,,,,,,,,,,,,,,,,,,,,,,,,,,,,,,,,,,,,,,,,,,,,,,,,,,,,,,,,,,,,,,,,,,,,,,,,,,,,,,,,,,,,,,,,,,,,,,,,,,,,,,,,,,,,,,,,,,,,,,,,,,,,,,,,,,,,,,,,,,,,,,,,,,,,,,,,,,,,,,FRIGIDAIRE_CES700P3MD1.jpg,,,,,,,,,FRIGIDAIRE_CES700P3MD1_Specification_Sheet.pdf,,,,,,,,,,,,,,,,,,Yes
https://www.frigidaire.com/product/PS960YPFS,,,,,,,Industrial Supplies,Equipment & Hardware,Cooking Appliance,,PS960YPFS,"PS960YPFS 30"" GE Electric Range SS - Display Only",,,,Appliance Dealers Cooperative (APPDE),Electrolux Home Products Inc,FRIGIDAIRE®,,PS960YPFS,,Cooking Appliance,"FRIGIDAIRE, Cooking Appliance, PS960YPFS, Stainless Steel, Industrial Grade",COOKING APPLIANCE,FRIGIDAIRE® PS960YPFS Cooking Appliance Stainless Steel,"FRIGIDAIRE®, Cooking Appliance, Model PS960YPFS, Stainless Steel, Stainless Steel","Cooking Appliance, PS960YPFS","FRIGIDAIRE®, Cooking Appliance, Model PS960YPFS, Stainless Steel, Stainless Steel",,,,,,,,,,,,,,,,,,,,,,,,,,Cooking Appliance,Item Type,Cooking Appliance,,Material,Stainless Steel,,Finish Color,Stainless Steel,,,,,,,,,,,,,,,,,,,,,,,,,,,,,,,,,,,,,,,,,,,,,,,,,,,,,,,,,,,,,,,,,,,,,,,,,,,,,,,,,,,,,,,,,,,,,,,,,,,,,,,,,,,,,,,,,,,,,,,,,,,,,,,,,,,,,,,,,,,,,,,,,,,,,,,,,,,,,,,,,,FRIGIDAIRE_PS960YPFS.jpg,,,,,,,,,FRIGIDAIRE_PS960YPFS_Specification_Sheet.pdf,,,,,,,,,,,,,,,,,,Yes
https://www.frigidaire.com/product/PB900YVFS,,,,,,,Industrial Supplies,Equipment & Hardware,Cooking Appliance,,PB900YVFS,"PB900YVFS Elect 30"" Range SS",,,,Appliance Dealers Cooperative (APPDE),Electrolux Home Products Inc,FRIGIDAIRE®,,PB900YVFS,,Cooking Appliance,"FRIGIDAIRE, Cooking Appliance, PB900YVFS, Stainless Steel, Industrial Grade",COOKING APPLIANCE,FRIGIDAIRE® PB900YVFS Cooking Appliance Stainless Steel,"FRIGIDAIRE®, Cooking Appliance, Model PB900YVFS, Stainless Steel, Stainless Steel","Cooking Appliance, PB900YVFS","FRIGIDAIRE®, Cooking Appliance, Model PB900YVFS, Stainless Steel, Stainless Steel",,,,,,,,,,,,,,,,,,,,,,,,,,Cooking Appliance,Item Type,Cooking Appliance,,Material,Stainless Steel,,Finish Color,Stainless Steel,,,,,,,,,,,,,,,,,,,,,,,,,,,,,,,,,,,,,,,,,,,,,,,,,,,,,,,,,,,,,,,,,,,,,,,,,,,,,,,,,,,,,,,,,,,,,,,,,,,,,,,,,,,,,,,,,,,,,,,,,,,,,,,,,,,,,,,,,,,,,,,,,,,,,,,,,,,,,,,,,,FRIGIDAIRE_PB900YVFS.jpg,,,,,,,,,FRIGIDAIRE_PB900YVFS_Specification_Sheet.pdf,,,,,,,,,,,,,,,,,,Yes
https://www.frigidaire.com/product/PCFE3080AF,,,,,,,Industrial Supplies,Equipment & Hardware,Cooking Appliance,,PCFE3080AF,"PCFE3080AF 30"" Elect Range SS - Display Only",,,,Appliance Dealers Cooperative (APPDE),Electrolux Home Products Inc,FRIGIDAIRE®,,PCFE3080AF,,Cooking Appliance,"FRIGIDAIRE, Cooking Appliance, PCFE3080AF, Stainless Steel, Industrial Grade",COOKING APPLIANCE,FRIGIDAIRE® PCFE3080AF Cooking Appliance Stainless Steel,"FRIGIDAIRE®, Cooking Appliance, Model PCFE3080AF, Stainless Steel, Stainless Steel","Cooking Appliance, PCFE3080AF","FRIGIDAIRE®, Cooking Appliance, Model PCFE3080AF, Stainless Steel, Stainless Steel",,,,,,,,,,,,,,,,,,,,,,,,,,Cooking Appliance,Item Type,Cooking Appliance,,Material,Stainless Steel,,Finish Color,Stainless Steel,,,,,,,,,,,,,,,,,,,,,,,,,,,,,,,,,,,,,,,,,,,,,,,,,,,,,,,,,,,,,,,,,,,,,,,,,,,,,,,,,,,,,,,,,,,,,,,,,,,,,,,,,,,,,,,,,,,,,,,,,,,,,,,,,,,,,,,,,,,,,,,,,,,,,,,,,,,,,,,,,,FRIGIDAIRE_PCFE3080AF.jpg,,,,,,,,,FRIGIDAIRE_PCFE3080AF_Specification_Sheet.pdf,,,,,,,,,,,,,,,,,,Yes
https://www.frigidaire.com/product/SLER30524SS,,,,,,,Industrial Supplies,Equipment & Hardware,Cooking Appliance,,SLER30524SS,"SLER30524SS 30"" Elect Range SS",,,,Appliance Dealers Cooperative (APPDE),Electrolux Home Products Inc,FRIGIDAIRE®,,SLER30524SS,,Cooking Appliance,"FRIGIDAIRE, Cooking Appliance, SLER30524SS, Stainless Steel, Industrial Grade",COOKING APPLIANCE,FRIGIDAIRE® SLER30524SS Cooking Appliance Stainless Steel,"FRIGIDAIRE®, Cooking Appliance, Model SLER30524SS, Stainless Steel, Stainless Steel","Cooking Appliance, SLER30524SS","FRIGIDAIRE®, Cooking Appliance, Model SLER30524SS, Stainless Steel, Stainless Steel",,,,,,,,,,,,,,,,,,,,,,,,,,Cooking Appliance,Item Type,Cooking Appliance,,Material,Stainless Steel,,Finish Color,Stainless Steel,,,,,,,,,,,,,,,,,,,,,,,,,,,,,,,,,,,,,,,,,,,,,,,,,,,,,,,,,,,,,,,,,,,,,,,,,,,,,,,,,,,,,,,,,,,,,,,,,,,,,,,,,,,,,,,,,,,,,,,,,,,,,,,,,,,,,,,,,,,,,,,,,,,,,,,,,,,,,,,,,,FRIGIDAIRE_SLER30524SS.jpg,,,,,,,,,FRIGIDAIRE_SLER30524SS_Specification_Sheet.pdf,,,,,,,,,,,,,,,,,,Yes
https://www.frigidaire.com/product/LSEL6333ZE,,,,,,,Industrial Supplies,Equipment & Hardware,Cooking Appliance,,LSEL6333ZE,"LSEL6333ZE LG 30"" Elec Range BS-Display Only",,,,Appliance Dealers Cooperative (APPDE),Electrolux Home Products Inc,FRIGIDAIRE®,,LSEL6333ZE,,Cooking Appliance,"FRIGIDAIRE, Cooking Appliance, LSEL6333ZE, Industrial Grade, Commercial Quality",COOKING APPLIANCE,FRIGIDAIRE® LSEL6333ZE Cooking Appliance,"FRIGIDAIRE®, Cooking Appliance, Model LSEL6333ZE","Cooking Appliance, LSEL6333ZE","FRIGIDAIRE®, Cooking Appliance, Model LSEL6333ZE",,,,,,,,,,,,,,,,,,,,,,,,,,Cooking Appliance,Item Type,Cooking Appliance,,,,,,,,,,,,,,,,,,,,,,,,,,,,,,,,,,,,,,,,,,,,,,,,,,,,,,,,,,,,,,,,,,,,,,,,,,,,,,,,,,,,,,,,,,,,,,,,,,,,,,,,,,,,,,,,,,,,,,,,,,,,,,,,,,,,,,,,,,,,,,,,,,,,,,,,,,,,,,,,,,,,,,,,FRIGIDAIRE_LSEL6333ZE.jpg,,,,,,,,,FRIGIDAIRE_LSEL6333ZE_Specification_Sheet.pdf,,,,,,,,,,,,,,,,,,Yes
https://www.frigidaire.com/product/KSES530SBE,,,,,,,Industrial Supplies,Equipment & Hardware,Cooking Appliance,,KSES530SBE,"KSES530SBE 30"" Elect Range BO Display Only",,,,Appliance Dealers Cooperative (APPDE),Electrolux Home Products Inc,FRIGIDAIRE®,,KSES530SBE,,Cooking Appliance,"FRIGIDAIRE, Cooking Appliance, KSES530SBE, Black Oxide, Industrial Grade",COOKING APPLIANCE,FRIGIDAIRE® KSES530SBE Cooking Appliance Black Oxide,"FRIGIDAIRE®, Cooking Appliance, Model KSES530SBE, Black Oxide","Cooking Appliance, KSES530SBE","FRIGIDAIRE®, Cooking Appliance, Model KSES530SBE, Black Oxide",,,,,,,,,,,,,,,,,,,,,,,,,,Cooking Appliance,Item Type,Cooking Appliance,,Finish Color,Black Oxide,,,,,,,,,,,,,,,,,,,,,,,,,,,,,,,,,,,,,,,,,,,,,,,,,,,,,,,,,,,,,,,,,,,,,,,,,,,,,,,,,,,,,,,,,,,,,,,,,,,,,,,,,,,,,,,,,,,,,,,,,,,,,,,,,,,,,,,,,,,,,,,,,,,,,,,,,,,,,,,,,,,,,FRIGIDAIRE_KSES530SBE.jpg,,,,,,,,,FRIGIDAIRE_KSES530SBE_Specification_Sheet.pdf,,,,,,,,,,,,,,,,,,Yes
https://www.frigidaire.com/product/GCFG3661AF,,,,,,,Industrial Supplies,Equipment & Hardware,Cooking Appliance,,GCFG3661AF,"GCFG3661AF 36"" Frigidaire Gas Range SS",,,,Appliance Dealers Cooperative (APPDE),Electrolux Home Products Inc,FRIGIDAIRE®,,GCFG3661AF,,Cooking Appliance,"FRIGIDAIRE, Cooking Appliance, GCFG3661AF, Stainless Steel, Industrial Grade",COOKING APPLIANCE,FRIGIDAIRE® GCFG3661AF Cooking Appliance Stainless Steel,"FRIGIDAIRE®, Cooking Appliance, Model GCFG3661AF, Stainless Steel, Stainless Steel","Cooking Appliance, GCFG3661AF","FRIGIDAIRE®, Cooking Appliance, Model GCFG3661AF, Stainless Steel, Stainless Steel",,,,,,,,,,,,,,,,,,,,,,,,,,Cooking Appliance,Item Type,Cooking Appliance,,Material,Stainless Steel,,Finish Color,Stainless Steel,,,,,,,,,,,,,,,,,,,,,,,,,,,,,,,,,,,,,,,,,,,,,,,,,,,,,,,,,,,,,,,,,,,,,,,,,,,,,,,,,,,,,,,,,,,,,,,,,,,,,,,,,,,,,,,,,,,,,,,,,,,,,,,,,,,,,,,,,,,,,,,,,,,,,,,,,,,,,,,,,,FRIGIDAIRE_GCFG3661AF.jpg,,,,,,,,,FRIGIDAIRE_GCFG3661AF_Specification_Sheet.pdf,,,,,,,,,,,,,,,,,,Yes
https://www.frigidaire.com/product/WSGS7530RZ,,,,,,,Industrial Supplies,Equipment & Hardware,Cooking Appliance,,WSGS7530RZ,"WSGS7530RZ 30"" Gas Range SS - Display Only",,,,Appliance Dealers Cooperative (APPDE),Electrolux Home Products Inc,FRIGIDAIRE®,,WSGS7530RZ,,Cooking Appliance,"FRIGIDAIRE, Cooking Appliance, WSGS7530RZ, Stainless Steel, Industrial Grade",COOKING APPLIANCE,FRIGIDAIRE® WSGS7530RZ Cooking Appliance Stainless Steel,"FRIGIDAIRE®, Cooking Appliance, Model WSGS7530RZ, Stainless Steel, Stainless Steel","Cooking Appliance, WSGS7530RZ","FRIGIDAIRE®, Cooking Appliance, Model WSGS7530RZ, Stainless Steel, Stainless Steel",,,,,,,,,,,,,,,,,,,,,,,,,,Cooking Appliance,Item Type,Cooking Appliance,,Material,Stainless Steel,,Finish Color,Stainless Steel,,,,,,,,,,,,,,,,,,,,,,,,,,,,,,,,,,,,,,,,,,,,,,,,,,,,,,,,,,,,,,,,,,,,,,,,,,,,,,,,,,,,,,,,,,,,,,,,,,,,,,,,,,,,,,,,,,,,,,,,,,,,,,,,,,,,,,,,,,,,,,,,,,,,,,,,,,,,,,,,,,FRIGIDAIRE_WSGS7530RZ.jpg,,,,,,,,,FRIGIDAIRE_WSGS7530RZ_Specification_Sheet.pdf,,,,,,,,,,,,,,,,,,Yes
https://www.frigidaire.com/product/CHP90301TBB,,,,,,,Industrial Supplies,Equipment & Hardware,Cooking Appliance,,CHP90301TBB,CHP90301TBB Café Cooktop Bk,,,,Appliance Dealers Cooperative (APPDE),Electrolux Home Products Inc,FRIGIDAIRE®,,CHP90301TBB,,Cooking Appliance,"FRIGIDAIRE, Cooking Appliance, CHP90301TBB, Black, Industrial Grade",COOKING APPLIANCE,FRIGIDAIRE® CHP90301TBB Cooking Appliance Black,"FRIGIDAIRE®, Cooking Appliance, Model CHP90301TBB, Black","Cooking Appliance, CHP90301TBB","FRIGIDAIRE®, Cooking Appliance, Model CHP90301TBB, Black",,,,,,,,,,,,,,,,,,,,,,,,,,Cooking Appliance,Item Type,Cooking Appliance,,Finish Color,Black,,,,,,,,,,,,,,,,,,,,,,,,,,,,,,,,,,,,,,,,,,,,,,,,,,,,,,,,,,,,,,,,,,,,,,,,,,,,,,,,,,,,,,,,,,,,,,,,,,,,,,,,,,,,,,,,,,,,,,,,,,,,,,,,,,,,,,,,,,,,,,,,,,,,,,,,,,,,,,,,,,,,,FRIGIDAIRE_CHP90301TBB.jpg,,,,,,,,,FRIGIDAIRE_CHP90301TBB_Specification_Sheet.pdf,,,,,,,,,,,,,,,,,,Yes
https://www.frigidaire.com/product/CVM517P3RD1,,,,,,,Industrial Supplies,Equipment & Hardware,Cooking Appliance,,CVM517P3RD1,CVM517P3RD1 Cafe Microwave Bk - Display,,,,Appliance Dealers Cooperative (APPDE),Electrolux Home Products Inc,FRIGIDAIRE®,,CVM517P3RD1,,Cooking Appliance,"FRIGIDAIRE, Cooking Appliance, CVM517P3RD1, Black, Industrial Grade",COOKING APPLIANCE,FRIGIDAIRE® CVM517P3RD1 Cooking Appliance Black,"FRIGIDAIRE®, Cooking Appliance, Model CVM517P3RD1, Black","Cooking Appliance, CVM517P3RD1","FRIGIDAIRE®, Cooking Appliance, Model CVM517P3RD1, Black",,,,,,,,,,,,,,,,,,,,,,,,,,Cooking Appliance,Item Type,Cooking Appliance,,Finish Color,Black,,,,,,,,,,,,,,,,,,,,,,,,,,,,,,,,,,,,,,,,,,,,,,,,,,,,,,,,,,,,,,,,,,,,,,,,,,,,,,,,,,,,,,,,,,,,,,,,,,,,,,,,,,,,,,,,,,,,,,,,,,,,,,,,,,,,,,,,,,,,,,,,,,,,,,,,,,,,,,,,,,,,,FRIGIDAIRE_CVM517P3RD1.jpg,,,,,,,,,FRIGIDAIRE_CVM517P3RD1_Specification_Sheet.pdf,,,,,,,,,,,,,,,,,,Yes
https://www.frigidaire.com/product/PMOS1980AF,,,,,,,Industrial Supplies,Equipment & Hardware,Cooking Appliance,,PMOS1980AF,PMOS1980AF OTR Microwave SS - Display Only,,,,Appliance Dealers Cooperative (APPDE),Electrolux Home Products Inc,FRIGIDAIRE®,,PMOS1980AF,,Cooking Appliance,"FRIGIDAIRE, Cooking Appliance, PMOS1980AF, Stainless Steel, Industrial Grade",COOKING APPLIANCE,FRIGIDAIRE® PMOS1980AF Cooking Appliance Stainless Steel,"FRIGIDAIRE®, Cooking Appliance, Model PMOS1980AF, Stainless Steel, Stainless Steel","Cooking Appliance, PMOS1980AF","FRIGIDAIRE®, Cooking Appliance, Model PMOS1980AF, Stainless Steel, Stainless Steel",,,,,,,,,,,,,,,,,,,,,,,,,,Cooking Appliance,Item Type,Cooking Appliance,,Material,Stainless Steel,,Finish Color,Stainless Steel,,,,,,,,,,,,,,,,,,,,,,,,,,,,,,,,,,,,,,,,,,,,,,,,,,,,,,,,,,,,,,,,,,,,,,,,,,,,,,,,,,,,,,,,,,,,,,,,,,,,,,,,,,,,,,,,,,,,,,,,,,,,,,,,,,,,,,,,,,,,,,,,,,,,,,,,,,,,,,,,,,FRIGIDAIRE_PMOS1980AF.jpg,,,,,,,,,FRIGIDAIRE_PMOS1980AF_Specification_Sheet.pdf,,,,,,,,,,,,,,,,,,Yes
https://www.frigidaire.com/product/WMMS3330RZ,,,,,,,Industrial Supplies,Equipment & Hardware,Cooking Appliance,,WMMS3330RZ,WMMS3330RZ OTR Mocrowave SS - Display Only,,,,Appliance Dealers Cooperative (APPDE),Electrolux Home Products Inc,FRIGIDAIRE®,,WMMS3330RZ,,Cooking Appliance,"FRIGIDAIRE, Cooking Appliance, WMMS3330RZ, Stainless Steel, Industrial Grade",COOKING APPLIANCE,FRIGIDAIRE® WMMS3330RZ Cooking Appliance Stainless Steel,"FRIGIDAIRE®, Cooking Appliance, Model WMMS3330RZ, Stainless Steel, Stainless Steel","Cooking Appliance, WMMS3330RZ","FRIGIDAIRE®, Cooking Appliance, Model WMMS3330RZ, Stainless Steel, Stainless Steel",,,,,,,,,,,,,,,,,,,,,,,,,,Cooking Appliance,Item Type,Cooking Appliance,,Material,Stainless Steel,,Finish Color,Stainless Steel,,,,,,,,,,,,,,,,,,,,,,,,,,,,,,,,,,,,,,,,,,,,,,,,,,,,,,,,,,,,,,,,,,,,,,,,,,,,,,,,,,,,,,,,,,,,,,,,,,,,,,,,,,,,,,,,,,,,,,,,,,,,,,,,,,,,,,,,,,,,,,,,,,,,,,,,,,,,,,,,,,FRIGIDAIRE_WMMS3330RZ.jpg,,,,,,,,,FRIGIDAIRE_WMMS3330RZ_Specification_Sheet.pdf,,,,,,,,,,,,,,,,,,Yes
https://www.frigidaire.com/product/KMMF530PBE,,,,,,,Industrial Supplies,Equipment & Hardware,Cooking Appliance,,KMMF530PBE,KMMF530PBE OTR Microwave BO Display Only,,,,Appliance Dealers Cooperative (APPDE),Electrolux Home Products Inc,FRIGIDAIRE®,,KMMF530PBE,,Cooking Appliance,"FRIGIDAIRE, Cooking Appliance, KMMF530PBE, Black Oxide, Industrial Grade",COOKING APPLIANCE,FRIGIDAIRE® KMMF530PBE Cooking Appliance Black Oxide,"FRIGIDAIRE®, Cooking Appliance, Model KMMF530PBE, Black Oxide","Cooking Appliance, KMMF530PBE","FRIGIDAIRE®, Cooking Appliance, Model KMMF530PBE, Black Oxide",,,,,,,,,,,,,,,,,,,,,,,,,,Cooking Appliance,Item Type,Cooking Appliance,,Finish Color,Black Oxide,,,,,,,,,,,,,,,,,,,,,,,,,,,,,,,,,,,,,,,,,,,,,,,,,,,,,,,,,,,,,,,,,,,,,,,,,,,,,,,,,,,,,,,,,,,,,,,,,,,,,,,,,,,,,,,,,,,,,,,,,,,,,,,,,,,,,,,,,,,,,,,,,,,,,,,,,,,,,,,,,,,,,FRIGIDAIRE_KMMF530PBE.jpg,,,,,,,,,FRIGIDAIRE_KMMF530PBE_Specification_Sheet.pdf,,,,,,,,,,,,,,,,,,Yes
https://www.frigidaire.com/product/JXGRILL1,,,,,,,Industrial Supplies,Equipment & Hardware,Cooking Appliance,,JXGRILL1,JXGRILL1 GE Range Grill,,,,Appliance Dealers Cooperative (APPDE),Electrolux Home Products Inc,FRIGIDAIRE®,,JXGRILL1,,Cooking Appliance,"FRIGIDAIRE, Cooking Appliance, JXGRILL1, Industrial Grade, Commercial Quality",COOKING APPLIANCE,FRIGIDAIRE® JXGRILL1 Cooking Appliance,"FRIGIDAIRE®, Cooking Appliance, Model JXGRILL1","Cooking Appliance, JXGRILL1","FRIGIDAIRE®, Cooking Appliance, Model JXGRILL1",,,,,,,,,,,,,,,,,,,,,,,,,,Cooking Appliance,Item Type,Cooking Appliance,,,,,,,,,,,,,,,,,,,,,,,,,,,,,,,,,,,,,,,,,,,,,,,,,,,,,,,,,,,,,,,,,,,,,,,,,,,,,,,,,,,,,,,,,,,,,,,,,,,,,,,,,,,,,,,,,,,,,,,,,,,,,,,,,,,,,,,,,,,,,,,,,,,,,,,,,,,,,,,,,,,,,,,,FRIGIDAIRE_JXGRILL1.jpg,,,,,,,,,FRIGIDAIRE_JXGRILL1_Specification_Sheet.pdf,,,,,,,,,,,,,,,,,,Yes
https://www.frigidaire.com/product/C9TMA2S3PD3,,,,,,,Industrial Supplies,Equipment & Hardware,Cooking Appliance,,C9TMA2S3PD3,C9TMA2S3PD3 Café Toaster MB,,,,Appliance Dealers Cooperative (APPDE),Electrolux Home Products Inc,FRIGIDAIRE®,,C9TMA2S3PD3,,Cooking Appliance,"FRIGIDAIRE, Cooking Appliance, C9TMA2S3PD3, Industrial Grade",COOKING APPLIANCE,FRIGIDAIRE® C9TMA2S3PD3 Cooking Appliance,"FRIGIDAIRE®, Cooking Appliance, Model C9TMA2S3PD3","Cooking Appliance, C9TMA2S3PD3","FRIGIDAIRE®, Cooking Appliance, Model C9TMA2S3PD3",,,,,,,,,,,,,,,,,,,,,,,,,,Cooking Appliance,Item Type,Cooking Appliance,,,,,,,,,,,,,,,,,,,,,,,,,,,,,,,,,,,,,,,,,,,,,,,,,,,,,,,,,,,,,,,,,,,,,,,,,,,,,,,,,,,,,,,,,,,,,,,,,,,,,,,,,,,,,,,,,,,,,,,,,,,,,,,,,,,,,,,,,,,,,,,,,,,,,,,,,,,,,,,,,,,,,,,,FRIGIDAIRE_C9TMA2S3PD3.jpg,,,,,,,,,FRIGIDAIRE_C9TMA2S3PD3_Specification_Sheet.pdf,,,,,,,,,,,,,,,,,,Yes
https://www.frigidaire.com/product/C9TMA2S4PW3,,,,,,,Industrial Supplies,Equipment & Hardware,Cooking Appliance,,C9TMA2S4PW3,C9TMA2S4PW3 Café Toaster MW,,,,Appliance Dealers Cooperative (APPDE),Electrolux Home Products Inc,FRIGIDAIRE®,,C9TMA2S4PW3,,Cooking Appliance,"FRIGIDAIRE, Cooking Appliance, C9TMA2S4PW3, Industrial Grade",COOKING APPLIANCE,FRIGIDAIRE® C9TMA2S4PW3 Cooking Appliance,"FRIGIDAIRE®, Cooking Appliance, Model C9TMA2S4PW3","Cooking Appliance, C9TMA2S4PW3","FRIGIDAIRE®, Cooking Appliance, Model C9TMA2S4PW3",,,,,,,,,,,,,,,,,,,,,,,,,,Cooking Appliance,Item Type,Cooking Appliance,,,,,,,,,,,,,,,,,,,,,,,,,,,,,,,,,,,,,,,,,,,,,,,,,,,,,,,,,,,,,,,,,,,,,,,,,,,,,,,,,,,,,,,,,,,,,,,,,,,,,,,,,,,,,,,,,,,,,,,,,,,,,,,,,,,,,,,,,,,,,,,,,,,,,,,,,,,,,,,,,,,,,,,,FRIGIDAIRE_C9TMA2S4PW3.jpg,,,,,,,,,FRIGIDAIRE_C9TMA2S4PW3_Specification_Sheet.pdf,,,,,,,,,,,,,,,,,,Yes
https://www.frigidaire.com/product/C90AAAS2RS3,,,,,,,Industrial Supplies,Equipment & Hardware,Tools & Parts,,C90AAAS2RS3,C90AAAS2RS3 Cafe Toast Oven SS,,,,Appliance Dealers Cooperative (APPDE),Electrolux Home Products Inc,FRIGIDAIRE®,,C90AAAS2RS3,,Industrial Equipment,"FRIGIDAIRE, C90AAAS2RS3, Stainless Steel, Industrial Grade, Commercial Quality",CAFE TOAST OVEN,FRIGIDAIRE® C90AAAS2RS3 Cafe Toast Oven Stainless Stainless Steel,"FRIGIDAIRE®, Model C90AAAS2RS3, Stainless Steel, Stainless Steel",C90AAAS2RS3,"FRIGIDAIRE®, Model C90AAAS2RS3, Stainless Steel, Stainless Steel",,,,,,,,,,,,,,,,,,,,,,,,,,Product,Material,Stainless Steel,,Finish Color,Stainless Steel,,,,,,,,,,,,,,,,,,,,,,,,,,,,,,,,,,,,,,,,,,,,,,,,,,,,,,,,,,,,,,,,,,,,,,,,,,,,,,,,,,,,,,,,,,,,,,,,,,,,,,,,,,,,,,,,,,,,,,,,,,,,,,,,,,,,,,,,,,,,,,,,,,,,,,,,,,,,,,,,,,,,,FRIGIDAIRE_C90AAAS2RS3.jpg,,,,,,,,,FRIGIDAIRE_C90AAAS2RS3_Specification_Sheet.pdf,,,,,,,,,,,,,,,,,,Yes
https://www.frigidaire.com/product/C9TMA2SP2PS3,,,,,,,Industrial Supplies,Equipment & Hardware,Cooking Appliance,,C9TMA2SP2PS3,C9TMA2S2PS3 Cafe Toaster SS,,,,Appliance Dealers Cooperative (APPDE),Electrolux Home Products Inc,FRIGIDAIRE®,,C9TMA2SP2PS3,,Cooking Appliance,"FRIGIDAIRE, Cooking Appliance, C9TMA2SP2PS3, Stainless Steel",COOKING APPLIANCE,FRIGIDAIRE® C9TMA2SP2PS3 Cooking Appliance Stainless Steel,"FRIGIDAIRE®, Cooking Appliance, Model C9TMA2SP2PS3, Stainless Steel, Stainless Steel","Cooking Appliance, C9TMA2SP2PS3","FRIGIDAIRE®, Cooking Appliance, Model C9TMA2SP2PS3, Stainless Steel, Stainless Steel",,,,,,,,,,,,,,,,,,,,,,,,,,Cooking Appliance,Item Type,Cooking Appliance,,Material,Stainless Steel,,Finish Color,Stainless Steel,,,,,,,,,,,,,,,,,,,,,,,,,,,,,,,,,,,,,,,,,,,,,,,,,,,,,,,,,,,,,,,,,,,,,,,,,,,,,,,,,,,,,,,,,,,,,,,,,,,,,,,,,,,,,,,,,,,,,,,,,,,,,,,,,,,,,,,,,,,,,,,,,,,,,,,,,,,,,,,,,,FRIGIDAIRE_C9TMA2SP2PS3.jpg,,,,,,,,,FRIGIDAIRE_C9TMA2SP2PS3_Specification_Sheet.pdf,,,,,,,,,,,,,,,,,,Yes
https://www.frigidaire.com/product/GDE21EMKES,,,,,,,Industrial Supplies,Equipment & Hardware,Refrigeration Appliance,,GDE21EMKES,GDE21EMKES GE 21CF Fridge SL Display Only,,,,Appliance Dealers Cooperative (APPDE),Electrolux Home Products Inc,FRIGIDAIRE®,,GDE21EMKES,,Refrigeration Appliance,"FRIGIDAIRE, Refrigeration Appliance, GDE21EMKES, Slate Gray, Industrial Grade",REFRIGERATION APPLIANCE,FRIGIDAIRE® GDE21EMKES Refrigeration Appliance Slate Gray,"FRIGIDAIRE®, Refrigeration Appliance, Model GDE21EMKES, Slate Gray","Refrigeration Appliance, GDE21EMKES","FRIGIDAIRE®, Refrigeration Appliance, Model GDE21EMKES, Slate Gray",,,,,,,,,,,,,,,,,,,,,,,,,,Refrigeration Appliance,Item Type,Refrigeration Appliance,,Finish Color,Slate Gray,,,,,,,,,,,,,,,,,,,,,,,,,,,,,,,,,,,,,,,,,,,,,,,,,,,,,,,,,,,,,,,,,,,,,,,,,,,,,,,,,,,,,,,,,,,,,,,,,,,,,,,,,,,,,,,,,,,,,,,,,,,,,,,,,,,,,,,,,,,,,,,,,,,,,,,,,,,,,,,,,,,,,FRIGIDAIRE_GDE21EMKES.jpg,,,,,,,,,FRIGIDAIRE_GDE21EMKES_Specification_Sheet.pdf,,,,,,,,,,,,,,,,,,Yes
https://www.frigidaire.com/product/FCM16SLWW,,,,,,,Industrial Supplies,Equipment & Hardware,Refrigeration Appliance,,FCM16SLWW,FCM16SLWW 16CF GE Freezer Chest MH,,,,Appliance Dealers Cooperative (APPDE),Electrolux Home Products Inc,FRIGIDAIRE®,,FCM16SLWW,,Refrigeration Appliance,"FRIGIDAIRE, Refrigeration Appliance, FCM16SLWW, Industrial Grade",REFRIGERATION APPLIANCE,FRIGIDAIRE® FCM16SLWW Refrigeration Appliance,"FRIGIDAIRE®, Refrigeration Appliance, Model FCM16SLWW","Refrigeration Appliance, FCM16SLWW","FRIGIDAIRE®, Refrigeration Appliance, Model FCM16SLWW",,,,,,,,,,,,,,,,,,,,,,,,,,Refrigeration Appliance,Item Type,Refrigeration Appliance,,,,,,,,,,,,,,,,,,,,,,,,,,,,,,,,,,,,,,,,,,,,,,,,,,,,,,,,,,,,,,,,,,,,,,,,,,,,,,,,,,,,,,,,,,,,,,,,,,,,,,,,,,,,,,,,,,,,,,,,,,,,,,,,,,,,,,,,,,,,,,,,,,,,,,,,,,,,,,,,,,,,,,,,FRIGIDAIRE_FCM16SLWW.jpg,,,,,,,,,FRIGIDAIRE_FCM16SLWW_Specification_Sheet.pdf,,,,,,,,,,,,,,,,,,Yes
https://www.frigidaire.com/product/GNE27JYMFS,,,,,,,Industrial Supplies,Equipment & Hardware,Refrigeration Appliance,,GNE27JYMFS,GNE27JYMFS GE Fridge SS,,,,Appliance Dealers Cooperative (APPDE),Electrolux Home Products Inc,FRIGIDAIRE®,,GNE27JYMFS,,Refrigeration Appliance,"FRIGIDAIRE, Refrigeration Appliance, GNE27JYMFS, Stainless Steel",REFRIGERATION APPLIANCE,FRIGIDAIRE® GNE27JYMFS Refrigeration Appliance Stainless Steel,"FRIGIDAIRE®, Refrigeration Appliance, Model GNE27JYMFS, Stainless Steel, Stainless Steel","Refrigeration Appliance, GNE27JYMFS","FRIGIDAIRE®, Refrigeration Appliance, Model GNE27JYMFS, Stainless Steel, Stainless Steel",,,,,,,,,,,,,,,,,,,,,,,,,,Refrigeration Appliance,Item Type,Refrigeration Appliance,,Material,Stainless Steel,,Finish Color,Stainless Steel,,,,,,,,,,,,,,,,,,,,,,,,,,,,,,,,,,,,,,,,,,,,,,,,,,,,,,,,,,,,,,,,,,,,,,,,,,,,,,,,,,,,,,,,,,,,,,,,,,,,,,,,,,,,,,,,,,,,,,,,,,,,,,,,,,,,,,,,,,,,,,,,,,,,,,,,,,,,,,,,,,FRIGIDAIRE_GNE27JYMFS.jpg,,,,,,,,,FRIGIDAIRE_GNE27JYMFS_Specification_Sheet.pdf,,,,,,,,,,,,,,,,,,Yes
https://www.frigidaire.com/product/CVE28DP3ND1,,,,,,,Industrial Supplies,Equipment & Hardware,Refrigeration Appliance,,CVE28DP3ND1,CVE28DP3ND1 Cafe Fridge Bk,,,,Appliance Dealers Cooperative (APPDE),Electrolux Home Products Inc,FRIGIDAIRE®,,CVE28DP3ND1,,Refrigeration Appliance,"FRIGIDAIRE, Refrigeration Appliance, CVE28DP3ND1, Black, Industrial Grade",REFRIGERATION APPLIANCE,FRIGIDAIRE® CVE28DP3ND1 Refrigeration Appliance Black,"FRIGIDAIRE®, Refrigeration Appliance, Model CVE28DP3ND1, Black","Refrigeration Appliance, CVE28DP3ND1","FRIGIDAIRE®, Refrigeration Appliance, Model CVE28DP3ND1, Black",,,,,,,,,,,,,,,,,,,,,,,,,,Refrigeration Appliance,Item Type,Refrigeration Appliance,,Finish Color,Black,,,,,,,,,,,,,,,,,,,,,,,,,,,,,,,,,,,,,,,,,,,,,,,,,,,,,,,,,,,,,,,,,,,,,,,,,,,,,,,,,,,,,,,,,,,,,,,,,,,,,,,,,,,,,,,,,,,,,,,,,,,,,,,,,,,,,,,,,,,,,,,,,,,,,,,,,,,,,,,,,,,,,FRIGIDAIRE_CVE28DP3ND1.jpg,,,,,,,,,FRIGIDAIRE_CVE28DP3ND1_Specification_Sheet.pdf,,,,,,,,,,,,,,,,,,Yes
https://www.frigidaire.com/product/GNE25JMKES,,,,,,,Industrial Supplies,Equipment & Hardware,Refrigeration Appliance,,GNE25JMKES,GNE25JMKES GE Fridge Slate - Display,,,,Appliance Dealers Cooperative (APPDE),Electrolux Home Products Inc,FRIGIDAIRE®,,GNE25JMKES,,Refrigeration Appliance,"FRIGIDAIRE, Refrigeration Appliance, GNE25JMKES, Slate Gray, Industrial Grade",REFRIGERATION APPLIANCE,FRIGIDAIRE® GNE25JMKES Refrigeration Appliance Slate Gray,"FRIGIDAIRE®, Refrigeration Appliance, Model GNE25JMKES, Slate Gray","Refrigeration Appliance, GNE25JMKES","FRIGIDAIRE®, Refrigeration Appliance, Model GNE25JMKES, Slate Gray",,,,,,,,,,,,,,,,,,,,,,,,,,Refrigeration Appliance,Item Type,Refrigeration Appliance,,Finish Color,Slate Gray,,,,,,,,,,,,,,,,,,,,,,,,,,,,,,,,,,,,,,,,,,,,,,,,,,,,,,,,,,,,,,,,,,,,,,,,,,,,,,,,,,,,,,,,,,,,,,,,,,,,,,,,,,,,,,,,,,,,,,,,,,,,,,,,,,,,,,,,,,,,,,,,,,,,,,,,,,,,,,,,,,,,,FRIGIDAIRE_GNE25JMKES.jpg,,,,,,,,,FRIGIDAIRE_GNE25JMKES_Specification_Sheet.pdf,,,,,,,,,,,,,,,,,,Yes
https://www.frigidaire.com/product/PRFS2883AF,,,,,,,Industrial Supplies,Equipment & Hardware,Refrigeration Appliance,,PRFS2883AF,"PRFS2883AF 36"" Fridge SS - Display Only",,,,Appliance Dealers Cooperative (APPDE),Electrolux Home Products Inc,FRIGIDAIRE®,,PRFS2883AF,,Refrigeration Appliance,"FRIGIDAIRE, Refrigeration Appliance, PRFS2883AF, Stainless Steel",REFRIGERATION APPLIANCE,FRIGIDAIRE® PRFS2883AF Refrigeration Appliance Stainless Steel,"FRIGIDAIRE®, Refrigeration Appliance, Model PRFS2883AF, Stainless Steel, Stainless Steel","Refrigeration Appliance, PRFS2883AF","FRIGIDAIRE®, Refrigeration Appliance, Model PRFS2883AF, Stainless Steel, Stainless Steel",,,,,,,,,,,,,,,,,,,,,,,,,,Refrigeration Appliance,Item Type,Refrigeration Appliance,,Material,Stainless Steel,,Finish Color,Stainless Steel,,,,,,,,,,,,,,,,,,,,,,,,,,,,,,,,,,,,,,,,,,,,,,,,,,,,,,,,,,,,,,,,,,,,,,,,,,,,,,,,,,,,,,,,,,,,,,,,,,,,,,,,,,,,,,,,,,,,,,,,,,,,,,,,,,,,,,,,,,,,,,,,,,,,,,,,,,,,,,,,,,FRIGIDAIRE_PRFS2883AF.jpg,,,,,,,,,FRIGIDAIRE_PRFS2883AF_Specification_Sheet.pdf,,,,,,,,,,,,,,,,,,Yes
https://www.frigidaire.com/product/PAD28BYTFS,,,,,,,Industrial Supplies,Equipment & Hardware,Refrigeration Appliance,,PAD28BYTFS,PAD28BYTFS GE Fridge SS,,,,Appliance Dealers Cooperative (APPDE),Electrolux Home Products Inc,FRIGIDAIRE®,,PAD28BYTFS,,Refrigeration Appliance,"FRIGIDAIRE, Refrigeration Appliance, PAD28BYTFS, Stainless Steel",REFRIGERATION APPLIANCE,FRIGIDAIRE® PAD28BYTFS Refrigeration Appliance Stainless Steel,"FRIGIDAIRE®, Refrigeration Appliance, Model PAD28BYTFS, Stainless Steel, Stainless Steel","Refrigeration Appliance, PAD28BYTFS","FRIGIDAIRE®, Refrigeration Appliance, Model PAD28BYTFS, Stainless Steel, Stainless Steel",,,,,,,,,,,,,,,,,,,,,,,,,,Refrigeration Appliance,Item Type,Refrigeration Appliance,,Material,Stainless Steel,,Finish Color,Stainless Steel,,,,,,,,,,,,,,,,,,,,,,,,,,,,,,,,,,,,,,,,,,,,,,,,,,,,,,,,,,,,,,,,,,,,,,,,,,,,,,,,,,,,,,,,,,,,,,,,,,,,,,,,,,,,,,,,,,,,,,,,,,,,,,,,,,,,,,,,,,,,,,,,,,,,,,,,,,,,,,,,,,FRIGIDAIRE_PAD28BYTFS.jpg,,,,,,,,,FRIGIDAIRE_PAD28BYTFS_Specification_Sheet.pdf,,,,,,,,,,,,,,,,,,Yes
https://www.frigidaire.com/product/PGE29BYTFS,,,,,,,Industrial Supplies,Equipment & Hardware,Refrigeration Appliance,,PGE29BYTFS,PGE29BYTFS GE Fridge SS,,,,Appliance Dealers Cooperative (APPDE),Electrolux Home Products Inc,FRIGIDAIRE®,,PGE29BYTFS,,Refrigeration Appliance,"FRIGIDAIRE, Refrigeration Appliance, PGE29BYTFS, Stainless Steel",REFRIGERATION APPLIANCE,FRIGIDAIRE® PGE29BYTFS Refrigeration Appliance Stainless Steel,"FRIGIDAIRE®, Refrigeration Appliance, Model PGE29BYTFS, Stainless Steel, Stainless Steel","Refrigeration Appliance, PGE29BYTFS","FRIGIDAIRE®, Refrigeration Appliance, Model PGE29BYTFS, Stainless Steel, Stainless Steel",,,,,,,,,,,,,,,,,,,,,,,,,,Refrigeration Appliance,Item Type,Refrigeration Appliance,,Material,Stainless Steel,,Finish Color,Stainless Steel,,,,,,,,,,,,,,,,,,,,,,,,,,,,,,,,,,,,,,,,,,,,,,,,,,,,,,,,,,,,,,,,,,,,,,,,,,,,,,,,,,,,,,,,,,,,,,,,,,,,,,,,,,,,,,,,,,,,,,,,,,,,,,,,,,,,,,,,,,,,,,,,,,,,,,,,,,,,,,,,,,FRIGIDAIRE_PGE29BYTFS.jpg,,,,,,,,,FRIGIDAIRE_PGE29BYTFS_Specification_Sheet.pdf,,,,,,,,,,,,,,,,,,Yes
https://www.frigidaire.com/product/ERFD19CGCS,,,,,,,Industrial Supplies,Equipment & Hardware,Refrigeration Appliance,,ERFD19CGCS,ERFD19CGCS Element Fridge SS,,,,Appliance Dealers Cooperative (APPDE),Electrolux Home Products Inc,FRIGIDAIRE®,,ERFD19CGCS,,Refrigeration Appliance,"FRIGIDAIRE, Refrigeration Appliance, ERFD19CGCS, Stainless Steel",REFRIGERATION APPLIANCE,FRIGIDAIRE® ERFD19CGCS Refrigeration Appliance Stainless Steel,"FRIGIDAIRE®, Refrigeration Appliance, Model ERFD19CGCS, Stainless Steel, Stainless Steel","Refrigeration Appliance, ERFD19CGCS","FRIGIDAIRE®, Refrigeration Appliance, Model ERFD19CGCS, Stainless Steel, Stainless Steel",,,,,,,,,,,,,,,,,,,,,,,,,,Refrigeration Appliance,Item Type,Refrigeration Appliance,,Material,Stainless Steel,,Finish Color,Stainless Steel,,,,,,,,,,,,,,,,,,,,,,,,,,,,,,,,,,,,,,,,,,,,,,,,,,,,,,,,,,,,,,,,,,,,,,,,,,,,,,,,,,,,,,,,,,,,,,,,,,,,,,,,,,,,,,,,,,,,,,,,,,,,,,,,,,,,,,,,,,,,,,,,,,,,,,,,,,,,,,,,,,FRIGIDAIRE_ERFD19CGCS.jpg,,,,,,,,,FRIGIDAIRE_ERFD19CGCS_Specification_Sheet.pdf,,,,,,,,,,,,,,,,,,Yes
https://www.frigidaire.com/product/LT18S2100W,,,,,,,Industrial Supplies,Equipment & Hardware,Refrigeration Appliance,,LT18S2100W,LT18S2100W LG Fridge Wh,,,,Appliance Dealers Cooperative (APPDE),Electrolux Home Products Inc,FRIGIDAIRE®,,LT18S2100W,,Refrigeration Appliance,"FRIGIDAIRE, Refrigeration Appliance, LT18S2100W, White, Industrial Grade",REFRIGERATION APPLIANCE,FRIGIDAIRE® LT18S2100W Refrigeration Appliance White,"FRIGIDAIRE®, Refrigeration Appliance, Model LT18S2100W, White","Refrigeration Appliance, LT18S2100W","FRIGIDAIRE®, Refrigeration Appliance, Model LT18S2100W, White",,,,,,,,,,,,,,,,,,,,,,,,,,Refrigeration Appliance,Item Type,Refrigeration Appliance,,Finish Color,White,,,,,,,,,,,,,,,,,,,,,,,,,,,,,,,,,,,,,,,,,,,,,,,,,,,,,,,,,,,,,,,,,,,,,,,,,,,,,,,,,,,,,,,,,,,,,,,,,,,,,,,,,,,,,,,,,,,,,,,,,,,,,,,,,,,,,,,,,,,,,,,,,,,,,,,,,,,,,,,,,,,,,FRIGIDAIRE_LT18S2100W.jpg,,,,,,,,,FRIGIDAIRE_LT18S2100W_Specification_Sheet.pdf,,,,,,,,,,,,,,,,,,Yes
https://www.frigidaire.com/product/LT18S2100SS,,,,,,,Industrial Supplies,Equipment & Hardware,Refrigeration Appliance,,LT18S2100SS,LT18S2100S 18CF LG Fridge SS,,,,Appliance Dealers Cooperative (APPDE),Electrolux Home Products Inc,FRIGIDAIRE®,,LT18S2100SS,,Refrigeration Appliance,"FRIGIDAIRE, Refrigeration Appliance, LT18S2100SS, Stainless Steel",REFRIGERATION APPLIANCE,FRIGIDAIRE® LT18S2100SS Refrigeration Appliance Stainless Steel,"FRIGIDAIRE®, Refrigeration Appliance, Model LT18S2100SS, Stainless Steel, Stainless Steel","Refrigeration Appliance, LT18S2100SS","FRIGIDAIRE®, Refrigeration Appliance, Model LT18S2100SS, Stainless Steel, Stainless Steel",,,,,,,,,,,,,,,,,,,,,,,,,,Refrigeration Appliance,Item Type,Refrigeration Appliance,,Material,Stainless Steel,,Finish Color,Stainless Steel,,,,,,,,,,,,,,,,,,,,,,,,,,,,,,,,,,,,,,,,,,,,,,,,,,,,,,,,,,,,,,,,,,,,,,,,,,,,,,,,,,,,,,,,,,,,,,,,,,,,,,,,,,,,,,,,,,,,,,,,,,,,,,,,,,,,,,,,,,,,,,,,,,,,,,,,,,,,,,,,,,FRIGIDAIRE_LT18S2100SS.jpg,,,,,,,,,FRIGIDAIRE_LT18S2100SS_Specification_Sheet.pdf,,,,,,,,,,,,,,,,,,Yes
https://www.frigidaire.com/product/EUF17CDBW,,,,,,,Industrial Supplies,Equipment & Hardware,Refrigeration Appliance,,EUF17CDBW,EUF17CDBW Element 17CF Freezer - Upright,,,,Appliance Dealers Cooperative (APPDE),Electrolux Home Products Inc,FRIGIDAIRE®,,EUF17CDBW,,Refrigeration Appliance,"FRIGIDAIRE, Refrigeration Appliance, EUF17CDBW, Industrial Grade",REFRIGERATION APPLIANCE,FRIGIDAIRE® EUF17CDBW Refrigeration Appliance,"FRIGIDAIRE®, Refrigeration Appliance, Model EUF17CDBW","Refrigeration Appliance, EUF17CDBW","FRIGIDAIRE®, Refrigeration Appliance, Model EUF17CDBW",,,,,,,,,,,,,,,,,,,,,,,,,,Refrigeration Appliance,Item Type,Refrigeration Appliance,,,,,,,,,,,,,,,,,,,,,,,,,,,,,,,,,,,,,,,,,,,,,,,,,,,,,,,,,,,,,,,,,,,,,,,,,,,,,,,,,,,,,,,,,,,,,,,,,,,,,,,,,,,,,,,,,,,,,,,,,,,,,,,,,,,,,,,,,,,,,,,,,,,,,,,,,,,,,,,,,,,,,,,,FRIGIDAIRE_EUF17CDBW.jpg,,,,,,,,,FRIGIDAIRE_EUF17CDBW_Specification_Sheet.pdf,,,,,,,,,,,,,,,,,,Yes
https://www.frigidaire.com/product/EUF21CDBW,,,,,,,Industrial Supplies,Equipment & Hardware,Refrigeration Appliance,,EUF21CDBW,EUF21CDBW Element 21CF Freezer - Upright,,,,Appliance Dealers Cooperative (APPDE),Electrolux Home Products Inc,FRIGIDAIRE®,,EUF21CDBW,,Refrigeration Appliance,"FRIGIDAIRE, Refrigeration Appliance, EUF21CDBW, Industrial Grade",REFRIGERATION APPLIANCE,FRIGIDAIRE® EUF21CDBW Refrigeration Appliance,"FRIGIDAIRE®, Refrigeration Appliance, Model EUF21CDBW","Refrigeration Appliance, EUF21CDBW","FRIGIDAIRE®, Refrigeration Appliance, Model EUF21CDBW",,,,,,,,,,,,,,,,,,,,,,,,,,Refrigeration Appliance,Item Type,Refrigeration Appliance,,,,,,,,,,,,,,,,,,,,,,,,,,,,,,,,,,,,,,,,,,,,,,,,,,,,,,,,,,,,,,,,,,,,,,,,,,,,,,,,,,,,,,,,,,,,,,,,,,,,,,,,,,,,,,,,,,,,,,,,,,,,,,,,,,,,,,,,,,,,,,,,,,,,,,,,,,,,,,,,,,,,,,,,FRIGIDAIRE_EUF21CDBW.jpg,,,,,,,,,FRIGIDAIRE_EUF21CDBW_Specification_Sheet.pdf,,,,,,,,,,,,,,,,,,Yes
https://www.industrialstandard.com/product/TP-1935,,,,,,,Industrial Supplies,Equipment & Hardware,Tools & Parts,,TP-1935,TP-1935 Hole Drilling System,,,,,Industrial Standard,Industrial Standard,,TP-1935,,Industrial Equipment,"Industrial Standard, TP-1935, Industrial Grade, Commercial Quality",HOLE DRILLING SYSTEM,Industrial Standard TP-1935 Hole Drilling System,"Industrial Standard, Model TP-1935",TP-1935,"Industrial Standard, Model TP-1935",,,,,,,,,,,,,,,,,,,,,,,,,,Product,,,,,,,,,,,,,,,,,,,,,,,,,,,,,,,,,,,,,,,,,,,,,,,,,,,,,,,,,,,,,,,,,,,,,,,,,,,,,,,,,,,,,,,,,,,,,,,,,,,,,,,,,,,,,,,,,,,,,,,,,,,,,,,,,,,,,,,,,,,,,,,,,,,,,,,,,,,,,,,,,,,,,,,,,,INDUSTRIAL_STANDARD_TP-1935.jpg,,,,,,,,,INDUSTRIAL_STANDARD_TP-1935_Specification_Sheet.pdf,,,,,,,,,,,,,,,,,,Yes
https://www.senco.com/product/K527APBXR,,,,,,,Industrial Supplies,Equipment & Hardware,Tools & Parts,,K527APBXR,"K527APBXR Senco .131x3"" SM BB - 500CT",,,,Senco Products Inc (4650),Senco Products Inc,Senco®,,K527APBXR,,Industrial Equipment,"Senco, K527APBXR, 131 in x 3 in, 500 pc, Industrial Grade, Commercial Quality",SENCO .131X3 IN 131INX3IN 500PC,"Senco® K527APBXR .131x3 in Smooth Ball 131 in x 3 in, 500 pc","Senco®, Model K527APBXR, 131 in x 3 in, 500 pc",K527APBXR,"Senco®, Model K527APBXR, 131 in x 3 in, 500 pc",,,,,,,,,,,,,,,,,,,,,,,,,,Product,Dimensions,131 in x 3,in,Package Quantity,500,pc,,,,,,,,,,,,,,,,,,,,,,,,,,,,,,,,,,,,,,,,,,,,,,,,,,,,,,,,,,,,,,,,,,,,,,,,,,,,,,,,,,,,,,,,,,,,,,,,,,,,,,,,,,,,,,,,,,,,,,,,,,,,,,,,,,,,,,,,,,,,,,,,,,,,,,,,,,,,,,,,,,,,SENCO_K527APBXR.jpg,,,,,,,,,SENCO_K527APBXR_Specification_Sheet.pdf,,,,,,,,,,,,,,,,,,Yes
https://www.nationalnail.com/product/603150,,,,,,,Industrial Supplies,Equipment & Hardware,Tools & Parts,,603150,"603150 2-1/2"" Finish Nail 15GA - 4M",,,,National Nail Corp (7439),National Nail Corp,National Nail®,,603150,,Industrial Equipment,"National Nail, 603150, 4 pc, Industrial Grade, Commercial Quality",2-1/2 IN FINISH 4PC,National Nail® 603150 2-1/2 in Finish 15 4 pc,"National Nail®, Model 603150, 4 pc",603150,"National Nail®, Model 603150, 4 pc",,,,,,,,,,,,,,,,,,,,,,,,,,Product,Package Quantity,4,pc,,,,,,,,,,,,,,,,,,,,,,,,,,,,,,,,,,,,,,,,,,,,,,,,,,,,,,,,,,,,,,,,,,,,,,,,,,,,,,,,,,,,,,,,,,,,,,,,,,,,,,,,,,,,,,,,,,,,,,,,,,,,,,,,,,,,,,,,,,,,,,,,,,,,,,,,,,,,,,,,,,,,,,,NATIONAL_NAIL_603150.jpg,,,,,,,,,NATIONAL_NAIL_603150_Specification_Sheet.pdf,,,,,,,,,,,,,,,,,,Yes
https://www.prebena.com/product/d10cnk,,,,,,,Industrial Supplies,Equipment & Hardware,Tools & Parts,,d10cnk,"D10CNK Prebena 1/2""x3/8"" - Staple",,,,Prebena (PREBE),Prebena (PREBE),Prebena,,d10cnk,,Industrial Equipment,"Prebena, d10cnk, Industrial Grade, Commercial Quality, Professional Performance",PREBENA 1/2 INX3/8,Prebena d10cnk 1/2 inx3/8 in -,"Prebena, Model d10cnk",d10cnk,"Prebena, Model d10cnk",,,,,,,,,,,,,,,,,,,,,,,,,,Product,,,,,,,,,,,,,,,,,,,,,,,,,,,,,,,,,,,,,,,,,,,,,,,,,,,,,,,,,,,,,,,,,,,,,,,,,,,,,,,,,,,,,,,,,,,,,,,,,,,,,,,,,,,,,,,,,,,,,,,,,,,,,,,,,,,,,,,,,,,,,,,,,,,,,,,,,,,,,,,,,,,,,,,,,,PREBENA_d10cnk.jpg,,,,,,,,,PREBENA_d10cnk_Specification_Sheet.pdf,,,,,,,,,,,,,,,,,,Yes
https://www.prebena.com/product/e28cnkha,,,,,,,Industrial Supplies,Equipment & Hardware,Tools & Parts,,e28cnkha,"E28CNKHA Prebena 2/4""x1 1/8"" - Staple",,,,Prebena (PREBE),Prebena (PREBE),Prebena,,e28cnkha,,Industrial Equipment,"Prebena, e28cnkha, Industrial Grade, Commercial Quality, Heavy Duty",PREBENA 2/4 INX1,Prebena e28cnkha 2/4 inx1 1/8 in,"Prebena, Model e28cnkha",e28cnkha,"Prebena, Model e28cnkha",,,,,,,,,,,,,,,,,,,,,,,,,,Product,,,,,,,,,,,,,,,,,,,,,,,,,,,,,,,,,,,,,,,,,,,,,,,,,,,,,,,,,,,,,,,,,,,,,,,,,,,,,,,,,,,,,,,,,,,,,,,,,,,,,,,,,,,,,,,,,,,,,,,,,,,,,,,,,,,,,,,,,,,,,,,,,,,,,,,,,,,,,,,,,,,,,,,,,,PREBENA_e28cnkha.jpg,,,,,,,,,PREBENA_e28cnkha_Specification_Sheet.pdf,,,,,,,,,,,,,,,,,,Yes
https://www.hunter.com/product/51334,,,,,,,Industrial Supplies,Equipment & Hardware,Tools & Parts,,51334,"51334 44"" Wh Gilmour Fan",,,,Hunter Fan Co (4381),Hunter Fan Company,Hunter®,,51334,,Industrial Equipment,"Hunter, 51334, White, Industrial Grade, Commercial Quality, Heavy Duty",44 IN WHITE,Hunter® 51334 44 in White Gilmour,"Hunter®, Model 51334, White",51334,"Hunter®, Model 51334, White",,,,,,,,,,,,,,,,,,,,,,,,,,Product,Finish Color,White,,,,,,,,,,,,,,,,,,,,,,,,,,,,,,,,,,,,,,,,,,,,,,,,,,,,,,,,,,,,,,,,,,,,,,,,,,,,,,,,,,,,,,,,,,,,,,,,,,,,,,,,,,,,,,,,,,,,,,,,,,,,,,,,,,,,,,,,,,,,,,,,,,,,,,,,,,,,,,,,,,,,,,,,HUNTER_51334.jpg,,,,,,,,,HUNTER_51334_Specification_Sheet.pdf,,,,,,,,,,,,,,,,,,Yes
https://www.hunter.com/product/59210,,,,,,,Industrial Supplies,Equipment & Hardware,Tools & Parts,,59210,"59210 52"" BZ Sent Hunter Fan",,,Hunter,Hunter Fan Co (4381),Hunter Fan Company,Hunter®,,59210,,Industrial Equipment,"Hunter, 59210, Dark Bronze, Industrial Grade, Commercial Quality",52 IN BRONZE,Hunter® 59210 52 in Bronze Sent Dark Bronze,"Hunter®, Model 59210, Dark Bronze",59210,"Hunter®, Model 59210, Dark Bronze",,,,,,,,,,,,,,,,,,,,,,,,,,Product,Finish Color,Dark Bronze,,,,,,,,,,,,,,,,,,,,,,,,,,,,,,,,,,,,,,,,,,,,,,,,,,,,,,,,,,,,,,,,,,,,,,,,,,,,,,,,,,,,,,,,,,,,,,,,,,,,,,,,,,,,,,,,,,,,,,,,,,,,,,,,,,,,,,,,,,,,,,,,,,,,,,,,,,,,,,,,,,,,,,,,HUNTER_59210.jpg,,,,,,,,,HUNTER_59210_Specification_Sheet.pdf,,,,,,,,,,,,,,,,,,Yes
https://www.hunter.com/product/52485,,,,,,,Industrial Supplies,Equipment & Hardware,Tools & Parts,,52485,"52485 52"" MB Anisten Fan",,,,Hunter Fan Co (4381),Hunter Fan Company,Hunter®,,52485,,Industrial Equipment,"Hunter, 52485, Industrial Grade, Commercial Quality, Professional Performance",52 IN MB,Hunter® 52485 52 in MB Anisten,"Hunter®, Model 52485",52485,"Hunter®, Model 52485",,,,,,,,,,,,,,,,,,,,,,,,,,Product,,,,,,,,,,,,,,,,,,,,,,,,,,,,,,,,,,,,,,,,,,,,,,,,,,,,,,,,,,,,,,,,,,,,,,,,,,,,,,,,,,,,,,,,,,,,,,,,,,,,,,,,,,,,,,,,,,,,,,,,,,,,,,,,,,,,,,,,,,,,,,,,,,,,,,,,,,,,,,,,,,,,,,,,,,HUNTER_52485.jpg,,,,,,,,,HUNTER_52485_Specification_Sheet.pdf,,,,,,,,,,,,,,,,,,Yes
https://www.hunter.com/product/52486,,,,,,,Industrial Supplies,Equipment & Hardware,Tools & Parts,,52486,"52486 44"" MB Anisten Fan",,,,Hunter Fan Co (4381),Hunter Fan Company,Hunter®,,52486,,Industrial Equipment,"Hunter, 52486, Industrial Grade, Commercial Quality, Professional Performance",44 IN MB,Hunter® 52486 44 in MB Anisten,"Hunter®, Model 52486",52486,"Hunter®, Model 52486",,,,,,,,,,,,,,,,,,,,,,,,,,Product,,,,,,,,,,,,,,,,,,,,,,,,,,,,,,,,,,,,,,,,,,,,,,,,,,,,,,,,,,,,,,,,,,,,,,,,,,,,,,,,,,,,,,,,,,,,,,,,,,,,,,,,,,,,,,,,,,,,,,,,,,,,,,,,,,,,,,,,,,,,,,,,,,,,,,,,,,,,,,,,,,,,,,,,,,HUNTER_52486.jpg,,,,,,,,,HUNTER_52486_Specification_Sheet.pdf,,,,,,,,,,,,,,,,,,Yes
https://www.hunter.com/product/52487,,,,,,,Industrial Supplies,Equipment & Hardware,Tools & Parts,,52487,"52487 52"" WH Anisten Fan",,,,Hunter Fan Co (4381),Hunter Fan Company,Hunter®,,52487,,Industrial Equipment,"Hunter, 52487, White, Industrial Grade, Commercial Quality, Heavy Duty",52 IN WHITE,Hunter® 52487 52 in White Anisten,"Hunter®, Model 52487, White",52487,"Hunter®, Model 52487, White",,,,,,,,,,,,,,,,,,,,,,,,,,Product,Finish Color,White,,,,,,,,,,,,,,,,,,,,,,,,,,,,,,,,,,,,,,,,,,,,,,,,,,,,,,,,,,,,,,,,,,,,,,,,,,,,,,,,,,,,,,,,,,,,,,,,,,,,,,,,,,,,,,,,,,,,,,,,,,,,,,,,,,,,,,,,,,,,,,,,,,,,,,,,,,,,,,,,,,,,,,,,HUNTER_52487.jpg,,,,,,,,,HUNTER_52487_Specification_Sheet.pdf,,,,,,,,,,,,,,,,,,Yes
https://www.hunter.com/product/52488,,,,,,,Industrial Supplies,Equipment & Hardware,Tools & Parts,,52488,"52488 44"" WH Anisten Fan",,,,Hunter Fan Co (4381),Hunter Fan Company,Hunter®,,52488,,Industrial Equipment,"Hunter, 52488, White, Industrial Grade, Commercial Quality, Heavy Duty",44 IN WHITE,Hunter® 52488 44 in White Anisten,"Hunter®, Model 52488, White",52488,"Hunter®, Model 52488, White",,,,,,,,,,,,,,,,,,,,,,,,,,Product,Finish Color,White,,,,,,,,,,,,,,,,,,,,,,,,,,,,,,,,,,,,,,,,,,,,,,,,,,,,,,,,,,,,,,,,,,,,,,,,,,,,,,,,,,,,,,,,,,,,,,,,,,,,,,,,,,,,,,,,,,,,,,,,,,,,,,,,,,,,,,,,,,,,,,,,,,,,,,,,,,,,,,,,,,,,,,,,HUNTER_52488.jpg,,,,,,,,,HUNTER_52488_Specification_Sheet.pdf,,,,,,,,,,,,,,,,,,Yes
https://www.hunter.com/product/52655,,,,,,,Industrial Supplies,Equipment & Hardware,Tools & Parts,,52655,"52655 52"" MB Xidane Hunter Fan",,,,Hunter Fan Co (4381),Hunter Fan Company,Hunter®,,52655,,Industrial Equipment,"Hunter, 52655, Industrial Grade, Commercial Quality, Professional Performance",52 IN MB,Hunter® 52655 52 in MB Xidane,"Hunter®, Model 52655",52655,"Hunter®, Model 52655",,,,,,,,,,,,,,,,,,,,,,,,,,Product,,,,,,,,,,,,,,,,,,,,,,,,,,,,,,,,,,,,,,,,,,,,,,,,,,,,,,,,,,,,,,,,,,,,,,,,,,,,,,,,,,,,,,,,,,,,,,,,,,,,,,,,,,,,,,,,,,,,,,,,,,,,,,,,,,,,,,,,,,,,,,,,,,,,,,,,,,,,,,,,,,,,,,,,,,HUNTER_52655.jpg,,,,,,,,,HUNTER_52655_Specification_Sheet.pdf,,,,,,,,,,,,,,,,,,Yes
https://www.hunter.com/product/59261,,,,,,,Industrial Supplies,Equipment & Hardware,Tools & Parts,,59261,"59261 52"" PB Cassius Fan",,,,Hunter Fan Co (4381),Hunter Fan Company,Hunter®,,59261,,Industrial Equipment,"Hunter, 59261, Brass, Industrial Grade, Commercial Quality, Heavy Duty",52 IN POLISHED,Hunter® 59261 52 in Polished Brass,"Hunter®, Model 59261, Brass",59261,"Hunter®, Model 59261, Brass",,,,,,,,,,,,,,,,,,,,,,,,,,Product,Material,Brass,,,,,,,,,,,,,,,,,,,,,,,,,,,,,,,,,,,,,,,,,,,,,,,,,,,,,,,,,,,,,,,,,,,,,,,,,,,,,,,,,,,,,,,,,,,,,,,,,,,,,,,,,,,,,,,,,,,,,,,,,,,,,,,,,,,,,,,,,,,,,,,,,,,,,,,,,,,,,,,,,,,,,,,,HUNTER_59261.jpg,,,,,,,,,HUNTER_59261_Specification_Sheet.pdf,,,,,,,,,,,,,,,,,,Yes
https://www.hunter.com/product/51731,,,,,,,Industrial Supplies,Equipment & Hardware,Tools & Parts,,51731,"51731 52"" MB Jetty Hunter Fan",,,,Hunter Fan Co (4381),Hunter Fan Company,Hunter®,,51731,,Industrial Equipment,"Hunter, 51731, Industrial Grade, Commercial Quality, Professional Performance",52 IN MB,Hunter® 51731 52 in MB Jetty,"Hunter®, Model 51731",51731,"Hunter®, Model 51731",,,,,,,,,,,,,,,,,,,,,,,,,,Product,,,,,,,,,,,,,,,,,,,,,,,,,,,,,,,,,,,,,,,,,,,,,,,,,,,,,,,,,,,,,,,,,,,,,,,,,,,,,,,,,,,,,,,,,,,,,,,,,,,,,,,,,,,,,,,,,,,,,,,,,,,,,,,,,,,,,,,,,,,,,,,,,,,,,,,,,,,,,,,,,,,,,,,,,,HUNTER_51731.jpg,,,,,,,,,HUNTER_51731_Specification_Sheet.pdf,,,,,,,,,,,,,,,,,,Yes
https://www.makita.com/product/XLC10ZW,,,,,,,Industrial Supplies,Equipment & Hardware,Tools & Parts,,XLC10ZW,XLC10ZW Makita 18V Cordless Vacuum (Bare),,,,Makita Usa Inc (5142),Makita USA Inc,Makita®,,XLC10ZW,,Industrial Equipment,"Makita, XLC10ZW, 18 V, Industrial Grade, Commercial Quality, Heavy Duty",MAKITA 18 V 18V,Makita® XLC10ZW 18 V Cordless Vacuum,"Makita®, Model XLC10ZW, 18 V, Bare Tool",XLC10ZW,"Makita®, Model XLC10ZW, 18 V, Bare Tool",,,,,,,,,,,,,,,,,,,,,,,,,,Product,Voltage,18,V,Configuration,Bare Tool,,,,,,,,,,,,,,,,,,,,,,,,,,,,,,,,,,,,,,,,,,,,,,,,,,,,,,,,,,,,,,,,,,,,,,,,,,,,,,,,,,,,,,,,,,,,,,,,,,,,,,,,,,,,,,,,,,,,,,,,,,,,,,,,,,,,,,,,,,,,,,,,,,,,,,,,,,,,,,,,,,,,,MAKITA_XLC10ZW.jpg,,,,,,,,,MAKITA_XLC10ZW_Specification_Sheet.pdf,,,,,,,,,,,,,,,,,,Yes
https://www.sabre.com/product/HS-DA,,,,,,,Industrial Supplies,Equipment & Hardware,Tools & Parts,,HS-DA,HS-DA Motion Driveway Alert,,,,Sabre (9195),Sabre (9195),Sabre,,HS-DA,,Industrial Equipment,"Sabre, HS-DA, Industrial Grade, Commercial Quality, Professional Performance",MOTION DRIVEWAY ALERT,Sabre HS-DA Motion Driveway Alert,"Sabre, Model HS-DA",HS-DA,"Sabre, Model HS-DA",,,,,,,,,,,,,,,,,,,,,,,,,,Product,,,,,,,,,,,,,,,,,,,,,,,,,,,,,,,,,,,,,,,,,,,,,,,,,,,,,,,,,,,,,,,,,,,,,,,,,,,,,,,,,,,,,,,,,,,,,,,,,,,,,,,,,,,,,,,,,,,,,,,,,,,,,,,,,,,,,,,,,,,,,,,,,,,,,,,,,,,,,,,,,,,,,,,,,,SABRE_HS-DA.jpg,,,,,,,,,SABRE_HS-DA_Specification_Sheet.pdf,,,,,,,,,,,,,,,,,,Yes
https://www.rdi.com/product/73002252,,,,,,,Industrial Supplies,Equipment & Hardware,Tools & Parts,,73002252,Black Gate Gravity Latch RDI,,,,,Barrette Outdoor Living / RDI,RDI®,,73002252,,Industrial Equipment,"RDI, 73002252, Black, Industrial Grade, Commercial Quality, Heavy Duty",BLACK GATE GRAVITY,RDI® 73002252 Black Gate Gravity Latch,"RDI®, Model 73002252, Black",73002252,"RDI®, Model 73002252, Black",,,,,,,,,,,,,,,,,,,,,,,,,,Product,Finish Color,Black,,,,,,,,,,,,,,,,,,,,,,,,,,,,,,,,,,,,,,,,,,,,,,,,,,,,,,,,,,,,,,,,,,,,,,,,,,,,,,,,,,,,,,,,,,,,,,,,,,,,,,,,,,,,,,,,,,,,,,,,,,,,,,,,,,,,,,,,,,,,,,,,,,,,,,,,,,,,,,,,,,,,,,,,RDI_73002252.jpg,,,,,,,,,RDI_73002252_Specification_Sheet.pdf,,,,,,,,,,,,,,,,,,Yes
https://www.milwaukee.com/product/48-22-8396R,,,,,,,Industrial Supplies,Equipment & Hardware,Tools & Parts,,48-22-8396R,48-22-8396R Milw 24oz Bottle - Insulated,,,,Milwaukee Accessory (4031),Milwaukee Electric Tool Corp,Milwaukee®,,48-22-8396R,,Industrial Equipment,"Milwaukee, 48-22-8396R, Industrial Grade, Commercial Quality",MILW 24 OZ,Milwaukee® 48-22-8396R 24 oz Bottle -,"Milwaukee®, Model 48-22-8396R",48-22-8396R,"Milwaukee®, Model 48-22-8396R",,,,,,,,,,,,,,,,,,,,,,,,,,Product,,,,,,,,,,,,,,,,,,,,,,,,,,,,,,,,,,,,,,,,,,,,,,,,,,,,,,,,,,,,,,,,,,,,,,,,,,,,,,,,,,,,,,,,,,,,,,,,,,,,,,,,,,,,,,,,,,,,,,,,,,,,,,,,,,,,,,,,,,,,,,,,,,,,,,,,,,,,,,,,,,,,,,,,,,MILWAUKEE_48-22-8396R.jpg,,,,,,,,,MILWAUKEE_48-22-8396R_Specification_Sheet.pdf,,,,,,,,,,,,,,,,,,Yes
https://www.milwaukee.com/product/48-22-8397R,,,,,,,Industrial Supplies,Equipment & Hardware,Tools & Parts,,48-22-8397R,48-22-8397R Milw 36oz Bottle - Insulated,,,,Milwaukee Accessory (4031),Milwaukee Electric Tool Corp,Milwaukee®,,48-22-8397R,,Industrial Equipment,"Milwaukee, 48-22-8397R, Industrial Grade, Commercial Quality",MILW 36 OZ,Milwaukee® 48-22-8397R 36 oz Bottle -,"Milwaukee®, Model 48-22-8397R",48-22-8397R,"Milwaukee®, Model 48-22-8397R",,,,,,,,,,,,,,,,,,,,,,,,,,Product,,,,,,,,,,,,,,,,,,,,,,,,,,,,,,,,,,,,,,,,,,,,,,,,,,,,,,,,,,,,,,,,,,,,,,,,,,,,,,,,,,,,,,,,,,,,,,,,,,,,,,,,,,,,,,,,,,,,,,,,,,,,,,,,,,,,,,,,,,,,,,,,,,,,,,,,,,,,,,,,,,,,,,,,,,MILWAUKEE_48-22-8397R.jpg,,,,,,,,,MILWAUKEE_48-22-8397R_Specification_Sheet.pdf,,,,,,,,,,,,,,,,,,Yes
https://www.dewalt.com/product/DCGG581B,,,,,,,Industrial Supplies,Equipment & Hardware,Tools & Parts,,DCGG581B,DCGG581B Dewalt 20V Grease Gun 2-Speed,,,,Black & Decker/dewlt (2585),Black & Decker/dewlt,DEWALT®,,DCGG581B,,Industrial Equipment,"DEWALT, DCGG581B, 20 V, Industrial Grade, Commercial Quality",DEWALT 20 V 20V,DEWALT® DCGG581B 20 V Grease Gun,"DEWALT®, Model DCGG581B, 20 V",DCGG581B,"DEWALT®, Model DCGG581B, 20 V",,,,,,,,,,,,,,,,,,,,,,,,,,Product,Voltage,20,V,,,,,,,,,,,,,,,,,,,,,,,,,,,,,,,,,,,,,,,,,,,,,,,,,,,,,,,,,,,,,,,,,,,,,,,,,,,,,,,,,,,,,,,,,,,,,,,,,,,,,,,,,,,,,,,,,,,,,,,,,,,,,,,,,,,,,,,,,,,,,,,,,,,,,,,,,,,,,,,,,,,,,,,DEWALT_DCGG581B.jpg,,,,,,,,,DEWALT_DCGG581B_Specification_Sheet.pdf,,,,,,,,,,,,,,,,,,Yes
https://www.dewalt.com/product/DCGG581GD1,,,,,,,Industrial Supplies,Equipment & Hardware,Tools & Parts,,DCGG581GD1,DCGG581GD1 Dewalt 20V Grease Gun 2-Speed Kit,,,,Black & Decker/dewlt (2585),Black & Decker/dewlt,DEWALT®,,DCGG581GD1,,Industrial Equipment,"DEWALT, DCGG581GD1, 20 V, Industrial Grade, Commercial Quality",DEWALT 20 V 20V,DEWALT® DCGG581GD1 20 V Grease Gun,"DEWALT®, Model DCGG581GD1, 20 V, Kit",DCGG581GD1,"DEWALT®, Model DCGG581GD1, 20 V, Kit",,,,,,,,,,,,,,,,,,,,,,,,,,Product,Voltage,20,V,Configuration,Kit,,,,,,,,,,,,,,,,,,,,,,,,,,,,,,,,,,,,,,,,,,,,,,,,,,,,,,,,,,,,,,,,,,,,,,,,,,,,,,,,,,,,,,,,,,,,,,,,,,,,,,,,,,,,,,,,,,,,,,,,,,,,,,,,,,,,,,,,,,,,,,,,,,,,,,,,,,,,,,,,,,,,,DEWALT_DCGG581GD1.jpg,,,,,,,,,DEWALT_DCGG581GD1_Specification_Sheet.pdf,,,,,,,,,,,,,,,,,,Yes
https://www.dewalt.com/product/DWST41092,,,,,,,Industrial Supplies,Equipment & Hardware,Tools & Parts,,DWST41092,"DWST41092 Dewalt Tool Chest 41"" Bottom",,,,Black & Decker/dewlt (2585),Black & Decker/dewlt,DEWALT®,,DWST41092,,Industrial Equipment,"DEWALT, DWST41092, Industrial Grade, Commercial Quality, Heavy Duty",DEWALT TOOL CHEST,DEWALT® DWST41092 Tool Chest 41 in,"DEWALT®, Model DWST41092",DWST41092,"DEWALT®, Model DWST41092",,,,,,,,,,,,,,,,,,,,,,,,,,Product,,,,,,,,,,,,,,,,,,,,,,,,,,,,,,,,,,,,,,,,,,,,,,,,,,,,,,,,,,,,,,,,,,,,,,,,,,,,,,,,,,,,,,,,,,,,,,,,,,,,,,,,,,,,,,,,,,,,,,,,,,,,,,,,,,,,,,,,,,,,,,,,,,,,,,,,,,,,,,,,,,,,,,,,,,DEWALT_DWST41092.jpg,,,,,,,,,DEWALT_DWST41092_Specification_Sheet.pdf,,,,,,,,,,,,,,,,,,Yes
https://www.palmer-donavin.com/product/156436WHT,,,,,,,Industrial Supplies,Equipment & Hardware,Building Materials,,156436WHT,156436 Wh 4x4x120 Post Wrap,DSI Westbury,,,Palmer Donavin Mfg Company (PALDO),Palmer Donavin Mfg Company,Palmer-Donavin®,,156436WHT,,Building Materials,"Palmer-Donavin, Building Materials, 156436WHT, 4 in, White, Industrial Grade",BUILDING MATERIALS 4IN,"Palmer-Donavin® 156436WHT Building Materials 4 in, White","Palmer-Donavin®, Building Materials, Model 156436WHT, 4 in, 4 in, 120 in, White","Building Materials, 156436WHT","Palmer-Donavin®, Building Materials, Model 156436WHT, 4 in, 4 in, 120 in, White",,,,,,,,,,,,,,,,,,,,,,,,,,Building Materials,Item Type,Building Materials,,Blade Diameter,4,in,Thickness,4,in,Arbor Size,120,in,Finish Color,White,,,,,,,,,,,,,,,,,,,,,,,,,,,,,,,,,,,,,,,,,,,,,,,,,,,,,,,,,,,,,,,,,,,,,,,,,,,,,,,,,,,,,,,,,,,,,,,,,,,,,,,,,,,,,,,,,,,,,,,,,,,,,,,,,,,,,,,,,,,,,,,,,,,,,,,,,,,,PALMER-DONAVIN_156436WHT.jpg,,,,,,,,,PALMER-DONAVIN_156436WHT_Specification_Sheet.pdf,,,,,,,,,,,,,,,,,,Yes
https://www.palmer-donavin.com/product/173950TBK,,,,,,,Industrial Supplies,Equipment & Hardware,Building Materials,,173950TBK,"4""x8'-6"" DSI SQ Black Alum Post Wrap",,,,Palmer Donavin Mfg Company (PALDO),Palmer Donavin Mfg Company,Palmer-Donavin®,,173950TBK,,Building Materials,"Palmer-Donavin, Building Materials, 173950TBK, Black, Aluminum",BUILDING MATERIALS,Palmer-Donavin® 173950TBK Building Materials Black,"Palmer-Donavin®, Building Materials, Model 173950TBK, Aluminum, Black","Building Materials, 173950TBK","Palmer-Donavin®, Building Materials, Model 173950TBK, Aluminum, Black",,,,,,,,,,,,,,,,,,,,,,,,,,Building Materials,Item Type,Building Materials,,Material,Aluminum,,Finish Color,Black,,,,,,,,,,,,,,,,,,,,,,,,,,,,,,,,,,,,,,,,,,,,,,,,,,,,,,,,,,,,,,,,,,,,,,,,,,,,,,,,,,,,,,,,,,,,,,,,,,,,,,,,,,,,,,,,,,,,,,,,,,,,,,,,,,,,,,,,,,,,,,,,,,,,,,,,,,,,,,,,,,PALMER-DONAVIN_173950TBK.jpg,,,,,,,,,PALMER-DONAVIN_173950TBK_Specification_Sheet.pdf,,,,,,,,,,,,,,,,,,Yes
https://www.palmer-donavin.com/product/173951TBK,,,,,,,Industrial Supplies,Equipment & Hardware,Building Materials,,173951TBK,"6""x8'-6"" DSI SQ Black Alum Post Wrap",,,,Palmer Donavin Mfg Company (PALDO),Palmer Donavin Mfg Company,Palmer-Donavin®,,173951TBK,,Building Materials,"Palmer-Donavin, Building Materials, 173951TBK, Black, Aluminum",BUILDING MATERIALS,Palmer-Donavin® 173951TBK Building Materials Black,"Palmer-Donavin®, Building Materials, Model 173951TBK, Aluminum, Black","Building Materials, 173951TBK","Palmer-Donavin®, Building Materials, Model 173951TBK, Aluminum, Black",,,,,,,,,,,,,,,,,,,,,,,,,,Building Materials,Item Type,Building Materials,,Material,Aluminum,,Finish Color,Black,,,,,,,,,,,,,,,,,,,,,,,,,,,,,,,,,,,,,,,,,,,,,,,,,,,,,,,,,,,,,,,,,,,,,,,,,,,,,,,,,,,,,,,,,,,,,,,,,,,,,,,,,,,,,,,,,,,,,,,,,,,,,,,,,,,,,,,,,,,,,,,,,,,,,,,,,,,,,,,,,,PALMER-DONAVIN_173951TBK.jpg,,,,,,,,,PALMER-DONAVIN_173951TBK_Specification_Sheet.pdf,,,,,,,,,,,,,,,,,,Yes
https://www.palmer-donavin.com/product/173952TBK,,,,,,,Industrial Supplies,Equipment & Hardware,Building Materials,,173952TBK,"6""x10' DSI SQ Black Alum Post Wrap",,,,Palmer Donavin Mfg Company (PALDO),Palmer Donavin Mfg Company,Palmer-Donavin®,,173952TBK,,Building Materials,"Palmer-Donavin, Building Materials, 173952TBK, Black, Aluminum",BUILDING MATERIALS,Palmer-Donavin® 173952TBK Building Materials Black,"Palmer-Donavin®, Building Materials, Model 173952TBK, Aluminum, Black","Building Materials, 173952TBK","Palmer-Donavin®, Building Materials, Model 173952TBK, Aluminum, Black",,,,,,,,,,,,,,,,,,,,,,,,,,Building Materials,Item Type,Building Materials,,Material,Aluminum,,Finish Color,Black,,,,,,,,,,,,,,,,,,,,,,,,,,,,,,,,,,,,,,,,,,,,,,,,,,,,,,,,,,,,,,,,,,,,,,,,,,,,,,,,,,,,,,,,,,,,,,,,,,,,,,,,,,,,,,,,,,,,,,,,,,,,,,,,,,,,,,,,,,,,,,,,,,,,,,,,,,,,,,,,,,PALMER-DONAVIN_173952TBK.jpg,,,,,,,,,PALMER-DONAVIN_173952TBK_Specification_Sheet.pdf,,,,,,,,,,,,,,,,,,Yes
https://www.andersen.com/product/1624157,,,,,,,Industrial Supplies,Equipment & Hardware,Tools & Parts,,1624157,TW52 WH INSIDE CAS VIN WRAPPED,ANDERSEN,,,,ANDERSEN,ANDERSEN,,1624157,,Industrial Equipment,"ANDERSEN, 1624157, White, Industrial Grade, Commercial Quality",TW52 WHITE INSIDE,ANDERSEN 1624157 TW52 White INSIDE CAS,"ANDERSEN, Model 1624157, White",1624157,"ANDERSEN, Model 1624157, White",,,,,,,,,,,,,,,,,,,,,,,,,,Product,Finish Color,White,,,,,,,,,,,,,,,,,,,,,,,,,,,,,,,,,,,,,,,,,,,,,,,,,,,,,,,,,,,,,,,,,,,,,,,,,,,,,,,,,,,,,,,,,,,,,,,,,,,,,,,,,,,,,,,,,,,,,,,,,,,,,,,,,,,,,,,,,,,,,,,,,,,,,,,,,,,,,,,,,,,,,,,,ANDERSEN_1624157.jpg,,,,,,,,,ANDERSEN_1624157_Specification_Sheet.pdf,,,,,,,,,,,,,,,,,,Yes
https://www.marshalltown.com/product/40025,,,,,,,Industrial Supplies,Equipment & Hardware,Tools & Parts,,40025,40025 TS-54 Wal-Board T-Square 009-008,,,,Marshalltown Trowel (5155),Marshalltown Trowel Co,Marshalltown®,,40025,,Industrial Equipment,"Marshalltown, 40025, Industrial Grade, Commercial Quality, Heavy Duty",TS-54 WAL-BOARD T-SQUARE,Marshalltown® 40025 TS-54 Wal-Board T-Square 009-008,"Marshalltown®, Model 40025",40025,"Marshalltown®, Model 40025",,,,,,,,,,,,,,,,,,,,,,,,,,Product,,,,,,,,,,,,,,,,,,,,,,,,,,,,,,,,,,,,,,,,,,,,,,,,,,,,,,,,,,,,,,,,,,,,,,,,,,,,,,,,,,,,,,,,,,,,,,,,,,,,,,,,,,,,,,,,,,,,,,,,,,,,,,,,,,,,,,,,,,,,,,,,,,,,,,,,,,,,,,,,,,,,,,,,,,MARSHALLTOWN_40025.jpg,,,,,,,,,MARSHALLTOWN_40025_Specification_Sheet.pdf,,,,,,,,,,,,,,,,,,Yes
https://www.milwaukee.com/product/48-22-3301,,,,,,,Industrial Supplies,Equipment & Hardware,Tools & Parts,,48-22-3301,48-22-3301 Milw Mechanical Pencil w/ Lead Pack,,,,Milwaukee Accessory (4031),Milwaukee Electric Tool Corp,Milwaukee®,,48-22-3301,,Industrial Equipment,"Milwaukee, 48-22-3301, Industrial Grade, Commercial Quality, Heavy Duty",MILW MECHANICAL PENCIL,Milwaukee® 48-22-3301 Mechanical Pencil w/ Lead,"Milwaukee®, Model 48-22-3301",48-22-3301,"Milwaukee®, Model 48-22-3301",,,,,,,,,,,,,,,,,,,,,,,,,,Product,,,,,,,,,,,,,,,,,,,,,,,,,,,,,,,,,,,,,,,,,,,,,,,,,,,,,,,,,,,,,,,,,,,,,,,,,,,,,,,,,,,,,,,,,,,,,,,,,,,,,,,,,,,,,,,,,,,,,,,,,,,,,,,,,,,,,,,,,,,,,,,,,,,,,,,,,,,,,,,,,,,,,,,,,,MILWAUKEE_48-22-3301.jpg,,,,,,,,,MILWAUKEE_48-22-3301_Specification_Sheet.pdf,,,,,,,,,,,,,,,,,,Yes
https://www.milwaukee.com/product/48-22-3302,,,,,,,Industrial Supplies,Equipment & Hardware,Tools & Parts,,48-22-3302,48-22-3302 Milw Mechanical Pencil Replacement Lead,,,,Milwaukee Accessory (4031),Milwaukee Electric Tool Corp,Milwaukee®,,48-22-3302,,Industrial Equipment,"Milwaukee, 48-22-3302, Industrial Grade, Commercial Quality, Heavy Duty",MILW MECHANICAL PENCIL,Milwaukee® 48-22-3302 Mechanical Pencil Replacement Lead,"Milwaukee®, Model 48-22-3302",48-22-3302,"Milwaukee®, Model 48-22-3302",,,,,,,,,,,,,,,,,,,,,,,,,,Product,,,,,,,,,,,,,,,,,,,,,,,,,,,,,,,,,,,,,,,,,,,,,,,,,,,,,,,,,,,,,,,,,,,,,,,,,,,,,,,,,,,,,,,,,,,,,,,,,,,,,,,,,,,,,,,,,,,,,,,,,,,,,,,,,,,,,,,,,,,,,,,,,,,,,,,,,,,,,,,,,,,,,,,,,,MILWAUKEE_48-22-3302.jpg,,,,,,,,,MILWAUKEE_48-22-3302_Specification_Sheet.pdf,,,,,,,,,,,,,,,,,,Yes
https://www.milwaukee.com/product/48-22-3303,,,,,,,Industrial Supplies,Equipment & Hardware,Tools & Parts,,48-22-3303,48-22-3303 Milw Mechanical Pencil Replacement Lead-Color,,,,Milwaukee Accessory (4031),Milwaukee Electric Tool Corp,Milwaukee®,,48-22-3303,,Industrial Equipment,"Milwaukee, 48-22-3303, Industrial Grade, Commercial Quality, Heavy Duty",MILW MECHANICAL PENCIL,Milwaukee® 48-22-3303 Mechanical Pencil Replacement Lead-Color,"Milwaukee®, Model 48-22-3303",48-22-3303,"Milwaukee®, Model 48-22-3303",,,,,,,,,,,,,,,,,,,,,,,,,,Product,,,,,,,,,,,,,,,,,,,,,,,,,,,,,,,,,,,,,,,,,,,,,,,,,,,,,,,,,,,,,,,,,,,,,,,,,,,,,,,,,,,,,,,,,,,,,,,,,,,,,,,,,,,,,,,,,,,,,,,,,,,,,,,,,,,,,,,,,,,,,,,,,,,,,,,,,,,,,,,,,,,,,,,,,,MILWAUKEE_48-22-3303.jpg,,,,,,,,,MILWAUKEE_48-22-3303_Specification_Sheet.pdf,,,,,,,,,,,,,,,,,,Yes
https://www.edgeeyewear.com/product/TSDKAP218-G2,,,,,,,Industrial Supplies,Equipment & Hardware,Tools & Parts,,TSDKAP218-G2,TSDKAP218-G2 Edge Safety - Khor Black Frame Polarized,,,,Edge Eyewear Inc (EDGSA),Edge Eyewear Inc,Edge Eyewear®,,TSDKAP218-G2,,Industrial Equipment,"Edge Eyewear, TSDKAP218-G2, Black, Industrial Grade, Commercial Quality",EDGE SAFETY -,Edge Eyewear® TSDKAP218-G2 Safety - Khor Black,"Edge Eyewear®, Model TSDKAP218-G2, Black",TSDKAP218-G2,"Edge Eyewear®, Model TSDKAP218-G2, Black",,,,,,,,,,,,,,,,,,,,,,,,,,Product,Finish Color,Black,,,,,,,,,,,,,,,,,,,,,,,,,,,,,,,,,,,,,,,,,,,,,,,,,,,,,,,,,,,,,,,,,,,,,,,,,,,,,,,,,,,,,,,,,,,,,,,,,,,,,,,,,,,,,,,,,,,,,,,,,,,,,,,,,,,,,,,,,,,,,,,,,,,,,,,,,,,,,,,,,,,,,,,,EDGE_EYEWEAR_TSDKAP218-G2.jpg,,,,,,,,,EDGE_EYEWEAR_TSDKAP218-G2_Specification_Sheet.pdf,,,,,,,,,,,,,,,,,,Yes
https://www.edgeeyewear.com/product/XPAP418,,,,,,,Industrial Supplies,Equipment & Hardware,Safety & PPE,,XPAP418,XPAP418 Edge Safety Glasses - Pumori Black Frame,,,,Edge Eyewear Inc (EDGSA),Edge Eyewear Inc,Edge Eyewear®,,XPAP418,,Safety & PPE,"Edge Eyewear, Safety & PPE, XPAP418, Black, Industrial Grade",SAFETY & PPE,Edge Eyewear® XPAP418 Safety & PPE Black,"Edge Eyewear®, Safety & PPE, Model XPAP418, Black","Safety & PPE, XPAP418","Edge Eyewear®, Safety & PPE, Model XPAP418, Black",,,,,,,,,,,,,,,,,,,,,,,,,,Safety & PPE,Item Type,Safety & PPE,,Finish Color,Black,,,,,,,,,,,,,,,,,,,,,,,,,,,,,,,,,,,,,,,,,,,,,,,,,,,,,,,,,,,,,,,,,,,,,,,,,,,,,,,,,,,,,,,,,,,,,,,,,,,,,,,,,,,,,,,,,,,,,,,,,,,,,,,,,,,,,,,,,,,,,,,,,,,,,,,,,,,,,,,,,,,,,EDGE_EYEWEAR_XPAP418.jpg,,,,,,,,,EDGE_EYEWEAR_XPAP418_Specification_Sheet.pdf,,,,,,,,,,,,,,,,,,Yes
https://www.edgeeyewear.com/product/XDAP419,,,,,,,Industrial Supplies,Equipment & Hardware,Safety & PPE,,XDAP419,XDAP419 Edge Safety Glasses - Dawson Black Frame Red Lenses,,,,Edge Eyewear Inc (EDGSA),Edge Eyewear Inc,Edge Eyewear®,,XDAP419,,Safety & PPE,"Edge Eyewear, Safety & PPE, XDAP419, Black, Industrial Grade",SAFETY & PPE,Edge Eyewear® XDAP419 Safety & PPE Black,"Edge Eyewear®, Safety & PPE, Model XDAP419, Black","Safety & PPE, XDAP419","Edge Eyewear®, Safety & PPE, Model XDAP419, Black",,,,,,,,,,,,,,,,,,,,,,,,,,Safety & PPE,Item Type,Safety & PPE,,Finish Color,Black,,,,,,,,,,,,,,,,,,,,,,,,,,,,,,,,,,,,,,,,,,,,,,,,,,,,,,,,,,,,,,,,,,,,,,,,,,,,,,,,,,,,,,,,,,,,,,,,,,,,,,,,,,,,,,,,,,,,,,,,,,,,,,,,,,,,,,,,,,,,,,,,,,,,,,,,,,,,,,,,,,,,,EDGE_EYEWEAR_XDAP419.jpg,,,,,,,,,EDGE_EYEWEAR_XDAP419_Specification_Sheet.pdf,,,,,,,,,,,,,,,,,,Yes
https://www.edgeeyewear.com/product/XB11PCVS,,,,,,,Industrial Supplies,Equipment & Hardware,Safety & PPE,,XB11PCVS,XB11PCVS Edge Safety Glasses - Photochromic Lense,,,,Edge Eyewear Inc (EDGSA),Edge Eyewear Inc,Edge Eyewear®,,XB11PCVS,,Safety & PPE,"Edge Eyewear, Safety & PPE, XB11PCVS, Industrial Grade, Commercial Quality",SAFETY & PPE,Edge Eyewear® XB11PCVS Safety & PPE,"Edge Eyewear®, Safety & PPE, Model XB11PCVS","Safety & PPE, XB11PCVS","Edge Eyewear®, Safety & PPE, Model XB11PCVS",,,,,,,,,,,,,,,,,,,,,,,,,,Safety & PPE,Item Type,Safety & PPE,,,,,,,,,,,,,,,,,,,,,,,,,,,,,,,,,,,,,,,,,,,,,,,,,,,,,,,,,,,,,,,,,,,,,,,,,,,,,,,,,,,,,,,,,,,,,,,,,,,,,,,,,,,,,,,,,,,,,,,,,,,,,,,,,,,,,,,,,,,,,,,,,,,,,,,,,,,,,,,,,,,,,,,,EDGE_EYEWEAR_XB11PCVS.jpg,,,,,,,,,EDGE_EYEWEAR_XB11PCVS_Specification_Sheet.pdf,,,,,,,,,,,,,,,,,,Yes
https://www.edgeeyewear.com/product/KB121VS,,,,,,,Industrial Supplies,Equipment & Hardware,Safety & PPE,,KB121VS,KB121VS Edge Safety Glasses - Kabru Black Frame,,,,Edge Eyewear Inc (EDGSA),Edge Eyewear Inc,Edge Eyewear®,,KB121VS,,Safety & PPE,"Edge Eyewear, Safety & PPE, KB121VS, Black, Industrial Grade",SAFETY & PPE,Edge Eyewear® KB121VS Safety & PPE Black,"Edge Eyewear®, Safety & PPE, Model KB121VS, Black","Safety & PPE, KB121VS","Edge Eyewear®, Safety & PPE, Model KB121VS, Black",,,,,,,,,,,,,,,,,,,,,,,,,,Safety & PPE,Item Type,Safety & PPE,,Finish Color,Black,,,,,,,,,,,,,,,,,,,,,,,,,,,,,,,,,,,,,,,,,,,,,,,,,,,,,,,,,,,,,,,,,,,,,,,,,,,,,,,,,,,,,,,,,,,,,,,,,,,,,,,,,,,,,,,,,,,,,,,,,,,,,,,,,,,,,,,,,,,,,,,,,,,,,,,,,,,,,,,,,,,,,EDGE_EYEWEAR_KB121VS.jpg,,,,,,,,,EDGE_EYEWEAR_KB121VS_Specification_Sheet.pdf,,,,,,,,,,,,,,,,,,Yes
https://www.edgeeyewear.com/product/KB126VS,,,,,,,Industrial Supplies,Equipment & Hardware,Safety & PPE,,KB126VS,KB126VS Edge Safety Glasses - Kabru Black Frame,,,,Edge Eyewear Inc (EDGSA),Edge Eyewear Inc,Edge Eyewear®,,KB126VS,,Safety & PPE,"Edge Eyewear, Safety & PPE, KB126VS, Black, Industrial Grade",SAFETY & PPE,Edge Eyewear® KB126VS Safety & PPE Black,"Edge Eyewear®, Safety & PPE, Model KB126VS, Black","Safety & PPE, KB126VS","Edge Eyewear®, Safety & PPE, Model KB126VS, Black",,,,,,,,,,,,,,,,,,,,,,,,,,Safety & PPE,Item Type,Safety & PPE,,Finish Color,Black,,,,,,,,,,,,,,,,,,,,,,,,,,,,,,,,,,,,,,,,,,,,,,,,,,,,,,,,,,,,,,,,,,,,,,,,,,,,,,,,,,,,,,,,,,,,,,,,,,,,,,,,,,,,,,,,,,,,,,,,,,,,,,,,,,,,,,,,,,,,,,,,,,,,,,,,,,,,,,,,,,,,,EDGE_EYEWEAR_KB126VS.jpg,,,,,,,,,EDGE_EYEWEAR_KB126VS_Specification_Sheet.pdf,,,,,,,,,,,,,,,,,,Yes
https://www.edgeeyewear.com/product/TC121VS,,,,,,,Industrial Supplies,Equipment & Hardware,Safety & PPE,,TC121VS,TC121VS Edge Safety Glasses - Tacana Black Frame,,,,Edge Eyewear Inc (EDGSA),Edge Eyewear Inc,Edge Eyewear®,,TC121VS,,Safety & PPE,"Edge Eyewear, Safety & PPE, TC121VS, Black, Industrial Grade",SAFETY & PPE,Edge Eyewear® TC121VS Safety & PPE Black,"Edge Eyewear®, Safety & PPE, Model TC121VS, Black","Safety & PPE, TC121VS","Edge Eyewear®, Safety & PPE, Model TC121VS, Black",,,,,,,,,,,,,,,,,,,,,,,,,,Safety & PPE,Item Type,Safety & PPE,,Finish Color,Black,,,,,,,,,,,,,,,,,,,,,,,,,,,,,,,,,,,,,,,,,,,,,,,,,,,,,,,,,,,,,,,,,,,,,,,,,,,,,,,,,,,,,,,,,,,,,,,,,,,,,,,,,,,,,,,,,,,,,,,,,,,,,,,,,,,,,,,,,,,,,,,,,,,,,,,,,,,,,,,,,,,,,EDGE_EYEWEAR_TC121VS.jpg,,,,,,,,,EDGE_EYEWEAR_TC121VS_Specification_Sheet.pdf,,,,,,,,,,,,,,,,,,Yes
https://www.edgeeyewear.com/product/TC126VS,,,,,,,Industrial Supplies,Equipment & Hardware,Safety & PPE,,TC126VS,TC126VS Edge Safety Glasses - Tacana Black Frame,,,,Edge Eyewear Inc (EDGSA),Edge Eyewear Inc,Edge Eyewear®,,TC126VS,,Safety & PPE,"Edge Eyewear, Safety & PPE, TC126VS, Black, Industrial Grade",SAFETY & PPE,Edge Eyewear® TC126VS Safety & PPE Black,"Edge Eyewear®, Safety & PPE, Model TC126VS, Black","Safety & PPE, TC126VS","Edge Eyewear®, Safety & PPE, Model TC126VS, Black",,,,,,,,,,,,,,,,,,,,,,,,,,Safety & PPE,Item Type,Safety & PPE,,Finish Color,Black,,,,,,,,,,,,,,,,,,,,,,,,,,,,,,,,,,,,,,,,,,,,,,,,,,,,,,,,,,,,,,,,,,,,,,,,,,,,,,,,,,,,,,,,,,,,,,,,,,,,,,,,,,,,,,,,,,,,,,,,,,,,,,,,,,,,,,,,,,,,,,,,,,,,,,,,,,,,,,,,,,,,,EDGE_EYEWEAR_TC126VS.jpg,,,,,,,,,EDGE_EYEWEAR_TC126VS_Specification_Sheet.pdf,,,,,,,,,,,,,,,,,,Yes
https://www.edgeeyewear.com/product/MK113MPAP,,,,,,,Industrial Supplies,Equipment & Hardware,Safety & PPE,,MK113MPAP,MK113MPAP Edge Safety Glasses - Makalu Black Frame Polarized,,,,Edge Eyewear Inc (EDGSA),Edge Eyewear Inc,Edge Eyewear®,,MK113MPAP,,Safety & PPE,"Edge Eyewear, Safety & PPE, MK113MPAP, Black, Industrial Grade",SAFETY & PPE,Edge Eyewear® MK113MPAP Safety & PPE Black,"Edge Eyewear®, Safety & PPE, Model MK113MPAP, Black","Safety & PPE, MK113MPAP","Edge Eyewear®, Safety & PPE, Model MK113MPAP, Black",,,,,,,,,,,,,,,,,,,,,,,,,,Safety & PPE,Item Type,Safety & PPE,,Finish Color,Black,,,,,,,,,,,,,,,,,,,,,,,,,,,,,,,,,,,,,,,,,,,,,,,,,,,,,,,,,,,,,,,,,,,,,,,,,,,,,,,,,,,,,,,,,,,,,,,,,,,,,,,,,,,,,,,,,,,,,,,,,,,,,,,,,,,,,,,,,,,,,,,,,,,,,,,,,,,,,,,,,,,,,EDGE_EYEWEAR_MK113MPAP.jpg,,,,,,,,,EDGE_EYEWEAR_MK113MPAP_Specification_Sheet.pdf,,,,,,,,,,,,,,,,,,Yes
https://www.edgeeyewear.com/product/LS117MPAP,,,,,,,Industrial Supplies,Equipment & Hardware,Safety & PPE,,LS117MPAP,LS117MPAP Edge Safety Glasses - Lassen Black Frame Polarized,,,,Edge Eyewear Inc (EDGSA),Edge Eyewear Inc,Edge Eyewear®,,LS117MPAP,,Safety & PPE,"Edge Eyewear, Safety & PPE, LS117MPAP, Black, Industrial Grade",SAFETY & PPE,Edge Eyewear® LS117MPAP Safety & PPE Black,"Edge Eyewear®, Safety & PPE, Model LS117MPAP, Black","Safety & PPE, LS117MPAP","Edge Eyewear®, Safety & PPE, Model LS117MPAP, Black",,,,,,,,,,,,,,,,,,,,,,,,,,Safety & PPE,Item Type,Safety & PPE,,Finish Color,Black,,,,,,,,,,,,,,,,,,,,,,,,,,,,,,,,,,,,,,,,,,,,,,,,,,,,,,,,,,,,,,,,,,,,,,,,,,,,,,,,,,,,,,,,,,,,,,,,,,,,,,,,,,,,,,,,,,,,,,,,,,,,,,,,,,,,,,,,,,,,,,,,,,,,,,,,,,,,,,,,,,,,,EDGE_EYEWEAR_LS117MPAP.jpg,,,,,,,,,EDGE_EYEWEAR_LS117MPAP_Specification_Sheet.pdf,,,,,,,,,,,,,,,,,,Yes
https://www.ohiofirewatchprotectioninc.com/product/FE-EFX-6L,,,,,,,Industrial Supplies,Equipment & Hardware,Safety & PPE,,FE-EFX-6L,FEEFX6L Lith Fire Extinguisher,,,,Ohio Firewatch Protection Inc (HOLFS),Ohio Firewatch Protection Inc (HOLFS),Ohio Firewatch Protection Inc,,FE-EFX-6L,,Safety & PPE,"Ohio Firewatch Protection Inc, Safety & PPE, FE-EFX-6L, Industrial Grade",SAFETY & PPE,Ohio Firewatch Protection Inc FE-EFX-6L Safety & PPE,"Ohio Firewatch Protection Inc, Safety & PPE, Model FE-EFX-6L","Safety & PPE, FE-EFX-6L","Ohio Firewatch Protection Inc, Safety & PPE, Model FE-EFX-6L",,,,,,,,,,,,,,,,,,,,,,,,,,Safety & PPE,Item Type,Safety & PPE,,,,,,,,,,,,,,,,,,,,,,,,,,,,,,,,,,,,,,,,,,,,,,,,,,,,,,,,,,,,,,,,,,,,,,,,,,,,,,,,,,,,,,,,,,,,,,,,,,,,,,,,,,,,,,,,,,,,,,,,,,,,,,,,,,,,,,,,,,,,,,,,,,,,,,,,,,,,,,,,,,,,,,,,OHIO_FIREWATCH_PROTECTION_INC_FE-EFX-6L.jpg,,,,,,,,,OHIO_FIREWATCH_PROTECTION_INC_FE-EFX-6L_Specification_Sheet.pdf,,,,,,,,,,,,,,,,,,Yes
https://www.ohiofirewatchprotectioninc.com/product/FE-EFX-9L,,,,,,,Industrial Supplies,Equipment & Hardware,Safety & PPE,,FE-EFX-9L,FEEFX9L Lith Fire Extinguisher,,,,Ohio Firewatch Protection Inc (HOLFS),Ohio Firewatch Protection Inc (HOLFS),Ohio Firewatch Protection Inc,,FE-EFX-9L,,Safety & PPE,"Ohio Firewatch Protection Inc, Safety & PPE, FE-EFX-9L, Industrial Grade",SAFETY & PPE,Ohio Firewatch Protection Inc FE-EFX-9L Safety & PPE,"Ohio Firewatch Protection Inc, Safety & PPE, Model FE-EFX-9L","Safety & PPE, FE-EFX-9L","Ohio Firewatch Protection Inc, Safety & PPE, Model FE-EFX-9L",,,,,,,,,,,,,,,,,,,,,,,,,,Safety & PPE,Item Type,Safety & PPE,,,,,,,,,,,,,,,,,,,,,,,,,,,,,,,,,,,,,,,,,,,,,,,,,,,,,,,,,,,,,,,,,,,,,,,,,,,,,,,,,,,,,,,,,,,,,,,,,,,,,,,,,,,,,,,,,,,,,,,,,,,,,,,,,,,,,,,,,,,,,,,,,,,,,,,,,,,,,,,,,,,,,,,,OHIO_FIREWATCH_PROTECTION_INC_FE-EFX-9L.jpg,,,,,,,,,OHIO_FIREWATCH_PROTECTION_INC_FE-EFX-9L_Specification_Sheet.pdf,,,,,,,,,,,,,,,,,,Yes
https://www.firstalert.com/product/1046793,,,,,,,Industrial Supplies,Equipment & Hardware,Tools & Parts,,1046793,1046793 Smoke & CO Alarm,,,First Alert,First Alert - B R K Brands (2754),First Alert - B R K Brands,First Alert®,,1046793,,Industrial Equipment,"First Alert, 1046793, Industrial Grade, Commercial Quality, Heavy Duty",SMOKE CO ALARM,First Alert® 1046793 Smoke & CO Alarm,"First Alert®, Model 1046793",1046793,"First Alert®, Model 1046793",,,,,,,,,,,,,,,,,,,,,,,,,,Product,,,,,,,,,,,,,,,,,,,,,,,,,,,,,,,,,,,,,,,,,,,,,,,,,,,,,,,,,,,,,,,,,,,,,,,,,,,,,,,,,,,,,,,,,,,,,,,,,,,,,,,,,,,,,,,,,,,,,,,,,,,,,,,,,,,,,,,,,,,,,,,,,,,,,,,,,,,,,,,,,,,,,,,,,,FIRST_ALERT_1046793.jpg,,,,,,,,,FIRST_ALERT_1046793_Specification_Sheet.pdf,,,,,,,,,,,,,,,,,,Yes
https://www.firstalert.com/product/1046870,,,,,,,Industrial Supplies,Equipment & Hardware,Tools & Parts,,1046870,1046870 Smoke & CO Alarm,,,BRK,First Alert - B R K Brands (2754),First Alert - B R K Brands,First Alert®,,1046870,,Industrial Equipment,"First Alert, 1046870, Industrial Grade, Commercial Quality, Heavy Duty",SMOKE CO ALARM,First Alert® 1046870 Smoke & CO Alarm,"First Alert®, Model 1046870",1046870,"First Alert®, Model 1046870",,,,,,,,,,,,,,,,,,,,,,,,,,Product,,,,,,,,,,,,,,,,,,,,,,,,,,,,,,,,,,,,,,,,,,,,,,,,,,,,,,,,,,,,,,,,,,,,,,,,,,,,,,,,,,,,,,,,,,,,,,,,,,,,,,,,,,,,,,,,,,,,,,,,,,,,,,,,,,,,,,,,,,,,,,,,,,,,,,,,,,,,,,,,,,,,,,,,,,FIRST_ALERT_1046870.jpg,,,,,,,,,FIRST_ALERT_1046870_Specification_Sheet.pdf,,,,,,,,,,,,,,,,,,Yes
https://www.milwaukee.com/product/M701B-21L,,,,,,,Industrial Supplies,Equipment & Hardware,Tools & Parts,,M701B-21L,M701B-21L Milw L Black Heated Work Glove Liners,,,,Milwaukee Accessory (4031),Milwaukee Electric Tool Corp,Milwaukee®,,M701B-21L,,Industrial Equipment,"Milwaukee, M701B-21L, Black, Industrial Grade, Commercial Quality",MILW L BLACK,Milwaukee® M701B-21L Black Heated Work Glove,"Milwaukee®, Model M701B-21L, Black",M701B-21L,"Milwaukee®, Model M701B-21L, Black",,,,,,,,,,,,,,,,,,,,,,,,,,Product,Finish Color,Black,,,,,,,,,,,,,,,,,,,,,,,,,,,,,,,,,,,,,,,,,,,,,,,,,,,,,,,,,,,,,,,,,,,,,,,,,,,,,,,,,,,,,,,,,,,,,,,,,,,,,,,,,,,,,,,,,,,,,,,,,,,,,,,,,,,,,,,,,,,,,,,,,,,,,,,,,,,,,,,,,,,,,,,,MILWAUKEE_M701B-21L.jpg,,,,,,,,,MILWAUKEE_M701B-21L_Specification_Sheet.pdf,,,,,,,,,,,,,,,,,,Yes
https://www.milwaukee.com/product/M701B-21M,,,,,,,Industrial Supplies,Equipment & Hardware,Tools & Parts,,M701B-21M,M701B-21M Milw M Black Heated Work Glove Liners,,,,Milwaukee Accessory (4031),Milwaukee Electric Tool Corp,Milwaukee®,,M701B-21M,,Industrial Equipment,"Milwaukee, M701B-21M, Black, Industrial Grade, Commercial Quality",MILW M BLACK,Milwaukee® M701B-21M Black Heated Work Glove,"Milwaukee®, Model M701B-21M, Black",M701B-21M,"Milwaukee®, Model M701B-21M, Black",,,,,,,,,,,,,,,,,,,,,,,,,,Product,Finish Color,Black,,,,,,,,,,,,,,,,,,,,,,,,,,,,,,,,,,,,,,,,,,,,,,,,,,,,,,,,,,,,,,,,,,,,,,,,,,,,,,,,,,,,,,,,,,,,,,,,,,,,,,,,,,,,,,,,,,,,,,,,,,,,,,,,,,,,,,,,,,,,,,,,,,,,,,,,,,,,,,,,,,,,,,,,MILWAUKEE_M701B-21M.jpg,,,,,,,,,MILWAUKEE_M701B-21M_Specification_Sheet.pdf,,,,,,,,,,,,,,,,,,Yes
https://www.milwaukee.com/product/M701B-21S,,,,,,,Industrial Supplies,Equipment & Hardware,Tools & Parts,,M701B-21S,M701B-21S Milw S Black Heated Work Glove Liners,,,,Milwaukee Accessory (4031),Milwaukee Electric Tool Corp,Milwaukee®,,M701B-21S,,Industrial Equipment,"Milwaukee, M701B-21S, Black, Industrial Grade, Commercial Quality",MILW S BLACK,Milwaukee® M701B-21S S Black Heated Work,"Milwaukee®, Model M701B-21S, Black",M701B-21S,"Milwaukee®, Model M701B-21S, Black",,,,,,,,,,,,,,,,,,,,,,,,,,Product,Finish Color,Black,,,,,,,,,,,,,,,,,,,,,,,,,,,,,,,,,,,,,,,,,,,,,,,,,,,,,,,,,,,,,,,,,,,,,,,,,,,,,,,,,,,,,,,,,,,,,,,,,,,,,,,,,,,,,,,,,,,,,,,,,,,,,,,,,,,,,,,,,,,,,,,,,,,,,,,,,,,,,,,,,,,,,,,,MILWAUKEE_M701B-21S.jpg,,,,,,,,,MILWAUKEE_M701B-21S_Specification_Sheet.pdf,,,,,,,,,,,,,,,,,,Yes
https://www.milwaukee.com/product/M701B-21XL,,,,,,,Industrial Supplies,Equipment & Hardware,Tools & Parts,,M701B-21XL,M701B-21XL Milw XL Black Heated Work Glove Liners,,,,Milwaukee Accessory (4031),Milwaukee Electric Tool Corp,Milwaukee®,,M701B-21XL,,Industrial Equipment,"Milwaukee, M701B-21XL, Black, Industrial Grade, Commercial Quality",MILW XL BLACK,Milwaukee® M701B-21XL XL Black Heated Work,"Milwaukee®, Model M701B-21XL, Black",M701B-21XL,"Milwaukee®, Model M701B-21XL, Black",,,,,,,,,,,,,,,,,,,,,,,,,,Product,Finish Color,Black,,,,,,,,,,,,,,,,,,,,,,,,,,,,,,,,,,,,,,,,,,,,,,,,,,,,,,,,,,,,,,,,,,,,,,,,,,,,,,,,,,,,,,,,,,,,,,,,,,,,,,,,,,,,,,,,,,,,,,,,,,,,,,,,,,,,,,,,,,,,,,,,,,,,,,,,,,,,,,,,,,,,,,,,MILWAUKEE_M701B-21XL.jpg,,,,,,,,,MILWAUKEE_M701B-21XL_Specification_Sheet.pdf,,,,,,,,,,,,,,,,,,Yes
https://www.techgear5.7.com/product/MWUG42010124,,,,,,,Industrial Supplies,Equipment & Hardware,Safety & PPE,,MWUG42010124,UTW Pro Heated Glove Blk XS,,,,Tech Gear 5.7 Inc (TECGE),Tech Gear 5.7 Inc,Tech Gear 5.7®,,MWUG42010124,,Safety & PPE,"Tech Gear 5.7, Safety & PPE, MWUG42010124, Black, Industrial Grade",SAFETY & PPE,Tech Gear 5.7® MWUG42010124 Safety & PPE Black,"Tech Gear 5.7®, Safety & PPE, Model MWUG42010124, Black","Safety & PPE, MWUG42010124","Tech Gear 5.7®, Safety & PPE, Model MWUG42010124, Black",,,,,,,,,,,,,,,,,,,,,,,,,,Safety & PPE,Item Type,Safety & PPE,,Finish Color,Black,,,,,,,,,,,,,,,,,,,,,,,,,,,,,,,,,,,,,,,,,,,,,,,,,,,,,,,,,,,,,,,,,,,,,,,,,,,,,,,,,,,,,,,,,,,,,,,,,,,,,,,,,,,,,,,,,,,,,,,,,,,,,,,,,,,,,,,,,,,,,,,,,,,,,,,,,,,,,,,,,,,,,TECH_GEAR_5.7_MWUG42010124.jpg,,,,,,,,,TECH_GEAR_5.7_MWUG42010124_Specification_Sheet.pdf,,,,,,,,,,,,,,,,,,Yes
https://www.techgear5.7.com/product/MWUG42010224,,,,,,,Industrial Supplies,Equipment & Hardware,Safety & PPE,,MWUG42010224,UTW Pro Heated Glove Blk SM,,,,Tech Gear 5.7 Inc (TECGE),Tech Gear 5.7 Inc,Tech Gear 5.7®,,MWUG42010224,,Safety & PPE,"Tech Gear 5.7, Safety & PPE, MWUG42010224, Black, Industrial Grade",SAFETY & PPE,Tech Gear 5.7® MWUG42010224 Safety & PPE Black,"Tech Gear 5.7®, Safety & PPE, Model MWUG42010224, Black","Safety & PPE, MWUG42010224","Tech Gear 5.7®, Safety & PPE, Model MWUG42010224, Black",,,,,,,,,,,,,,,,,,,,,,,,,,Safety & PPE,Item Type,Safety & PPE,,Finish Color,Black,,,,,,,,,,,,,,,,,,,,,,,,,,,,,,,,,,,,,,,,,,,,,,,,,,,,,,,,,,,,,,,,,,,,,,,,,,,,,,,,,,,,,,,,,,,,,,,,,,,,,,,,,,,,,,,,,,,,,,,,,,,,,,,,,,,,,,,,,,,,,,,,,,,,,,,,,,,,,,,,,,,,,TECH_GEAR_5.7_MWUG42010224.jpg,,,,,,,,,TECH_GEAR_5.7_MWUG42010224_Specification_Sheet.pdf,,,,,,,,,,,,,,,,,,Yes
https://www.techgear5.7.com/product/MWUG42010324,,,,,,,Industrial Supplies,Equipment & Hardware,Safety & PPE,,MWUG42010324,UTW Pro Heated Glove Blk MD,,,,Tech Gear 5.7 Inc (TECGE),Tech Gear 5.7 Inc,Tech Gear 5.7®,,MWUG42010324,,Safety & PPE,"Tech Gear 5.7, Safety & PPE, MWUG42010324, Black, Industrial Grade",SAFETY & PPE,Tech Gear 5.7® MWUG42010324 Safety & PPE Black,"Tech Gear 5.7®, Safety & PPE, Model MWUG42010324, Black","Safety & PPE, MWUG42010324","Tech Gear 5.7®, Safety & PPE, Model MWUG42010324, Black",,,,,,,,,,,,,,,,,,,,,,,,,,Safety & PPE,Item Type,Safety & PPE,,Finish Color,Black,,,,,,,,,,,,,,,,,,,,,,,,,,,,,,,,,,,,,,,,,,,,,,,,,,,,,,,,,,,,,,,,,,,,,,,,,,,,,,,,,,,,,,,,,,,,,,,,,,,,,,,,,,,,,,,,,,,,,,,,,,,,,,,,,,,,,,,,,,,,,,,,,,,,,,,,,,,,,,,,,,,,,TECH_GEAR_5.7_MWUG42010324.jpg,,,,,,,,,TECH_GEAR_5.7_MWUG42010324_Specification_Sheet.pdf,,,,,,,,,,,,,,,,,,Yes
https://www.techgear5.7.com/product/MWUG42010424,,,,,,,Industrial Supplies,Equipment & Hardware,Safety & PPE,,MWUG42010424,UTW Pro Heated Glove Blk LG,,,,Tech Gear 5.7 Inc (TECGE),Tech Gear 5.7 Inc,Tech Gear 5.7®,,MWUG42010424,,Safety & PPE,"Tech Gear 5.7, Safety & PPE, MWUG42010424, Black, Industrial Grade",SAFETY & PPE,Tech Gear 5.7® MWUG42010424 Safety & PPE Black,"Tech Gear 5.7®, Safety & PPE, Model MWUG42010424, Black","Safety & PPE, MWUG42010424","Tech Gear 5.7®, Safety & PPE, Model MWUG42010424, Black",,,,,,,,,,,,,,,,,,,,,,,,,,Safety & PPE,Item Type,Safety & PPE,,Finish Color,Black,,,,,,,,,,,,,,,,,,,,,,,,,,,,,,,,,,,,,,,,,,,,,,,,,,,,,,,,,,,,,,,,,,,,,,,,,,,,,,,,,,,,,,,,,,,,,,,,,,,,,,,,,,,,,,,,,,,,,,,,,,,,,,,,,,,,,,,,,,,,,,,,,,,,,,,,,,,,,,,,,,,,,TECH_GEAR_5.7_MWUG42010424.jpg,,,,,,,,,TECH_GEAR_5.7_MWUG42010424_Specification_Sheet.pdf,,,,,,,,,,,,,,,,,,Yes
https://www.techgear5.7.com/product/MWUG42010524,,,,,,,Industrial Supplies,Equipment & Hardware,Safety & PPE,,MWUG42010524,UTW Pro Heated Glove Blk XL,,,,Tech Gear 5.7 Inc (TECGE),Tech Gear 5.7 Inc,Tech Gear 5.7®,,MWUG42010524,,Safety & PPE,"Tech Gear 5.7, Safety & PPE, MWUG42010524, Black, Industrial Grade",SAFETY & PPE,Tech Gear 5.7® MWUG42010524 Safety & PPE Black,"Tech Gear 5.7®, Safety & PPE, Model MWUG42010524, Black","Safety & PPE, MWUG42010524","Tech Gear 5.7®, Safety & PPE, Model MWUG42010524, Black",,,,,,,,,,,,,,,,,,,,,,,,,,Safety & PPE,Item Type,Safety & PPE,,Finish Color,Black,,,,,,,,,,,,,,,,,,,,,,,,,,,,,,,,,,,,,,,,,,,,,,,,,,,,,,,,,,,,,,,,,,,,,,,,,,,,,,,,,,,,,,,,,,,,,,,,,,,,,,,,,,,,,,,,,,,,,,,,,,,,,,,,,,,,,,,,,,,,,,,,,,,,,,,,,,,,,,,,,,,,,TECH_GEAR_5.7_MWUG42010524.jpg,,,,,,,,,TECH_GEAR_5.7_MWUG42010524_Specification_Sheet.pdf,,,,,,,,,,,,,,,,,,Yes
https://www.techgear5.7.com/product/MWUG42010624,,,,,,,Industrial Supplies,Equipment & Hardware,Safety & PPE,,MWUG42010624,UTW Pro Heated Glove Blk 2X,,,,Tech Gear 5.7 Inc (TECGE),Tech Gear 5.7 Inc,Tech Gear 5.7®,,MWUG42010624,,Safety & PPE,"Tech Gear 5.7, Safety & PPE, MWUG42010624, Black, Industrial Grade",SAFETY & PPE,Tech Gear 5.7® MWUG42010624 Safety & PPE Black,"Tech Gear 5.7®, Safety & PPE, Model MWUG42010624, Black","Safety & PPE, MWUG42010624","Tech Gear 5.7®, Safety & PPE, Model MWUG42010624, Black",,,,,,,,,,,,,,,,,,,,,,,,,,Safety & PPE,Item Type,Safety & PPE,,Finish Color,Black,,,,,,,,,,,,,,,,,,,,,,,,,,,,,,,,,,,,,,,,,,,,,,,,,,,,,,,,,,,,,,,,,,,,,,,,,,,,,,,,,,,,,,,,,,,,,,,,,,,,,,,,,,,,,,,,,,,,,,,,,,,,,,,,,,,,,,,,,,,,,,,,,,,,,,,,,,,,,,,,,,,,,TECH_GEAR_5.7_MWUG42010624.jpg,,,,,,,,,TECH_GEAR_5.7_MWUG42010624_Specification_Sheet.pdf,,,,,,,,,,,,,,,,,,Yes
https://www.techgear5.7.com/product/MWUG36010225,,,,,,,Industrial Supplies,Equipment & Hardware,Safety & PPE,,MWUG36010225,MWUG36010225 BLK SM Aerial Snow Heated Glove,,,,Tech Gear 5.7 Inc (TECGE),Tech Gear 5.7 Inc,Tech Gear 5.7®,,MWUG36010225,,Safety & PPE,"Tech Gear 5.7, Safety & PPE, MWUG36010225, Black, Industrial Grade",SAFETY & PPE,Tech Gear 5.7® MWUG36010225 Safety & PPE Black,"Tech Gear 5.7®, Safety & PPE, Model MWUG36010225, Black","Safety & PPE, MWUG36010225","Tech Gear 5.7®, Safety & PPE, Model MWUG36010225, Black",,,,,,,,,,,,,,,,,,,,,,,,,,Safety & PPE,Item Type,Safety & PPE,,Finish Color,Black,,,,,,,,,,,,,,,,,,,,,,,,,,,,,,,,,,,,,,,,,,,,,,,,,,,,,,,,,,,,,,,,,,,,,,,,,,,,,,,,,,,,,,,,,,,,,,,,,,,,,,,,,,,,,,,,,,,,,,,,,,,,,,,,,,,,,,,,,,,,,,,,,,,,,,,,,,,,,,,,,,,,,TECH_GEAR_5.7_MWUG36010225.jpg,,,,,,,,,TECH_GEAR_5.7_MWUG36010225_Specification_Sheet.pdf,,,,,,,,,,,,,,,,,,Yes
https://www.techgear5.7.com/product/MWUG36010325,,,,,,,Industrial Supplies,Equipment & Hardware,Safety & PPE,,MWUG36010325,MWUG36010325 BLK MD Aerial Snow Heated Glove,,,,Tech Gear 5.7 Inc (TECGE),Tech Gear 5.7 Inc,Tech Gear 5.7®,,MWUG36010325,,Safety & PPE,"Tech Gear 5.7, Safety & PPE, MWUG36010325, Black, Industrial Grade",SAFETY & PPE,Tech Gear 5.7® MWUG36010325 Safety & PPE Black,"Tech Gear 5.7®, Safety & PPE, Model MWUG36010325, Black","Safety & PPE, MWUG36010325","Tech Gear 5.7®, Safety & PPE, Model MWUG36010325, Black",,,,,,,,,,,,,,,,,,,,,,,,,,Safety & PPE,Item Type,Safety & PPE,,Finish Color,Black,,,,,,,,,,,,,,,,,,,,,,,,,,,,,,,,,,,,,,,,,,,,,,,,,,,,,,,,,,,,,,,,,,,,,,,,,,,,,,,,,,,,,,,,,,,,,,,,,,,,,,,,,,,,,,,,,,,,,,,,,,,,,,,,,,,,,,,,,,,,,,,,,,,,,,,,,,,,,,,,,,,,,TECH_GEAR_5.7_MWUG36010325.jpg,,,,,,,,,TECH_GEAR_5.7_MWUG36010325_Specification_Sheet.pdf,,,,,,,,,,,,,,,,,,Yes
https://www.techgear5.7.com/product/MWUG36010425,,,,,,,Industrial Supplies,Equipment & Hardware,Safety & PPE,,MWUG36010425,MWUG36010425 BLK LG Aerial Snow Heated Glove,,,,Tech Gear 5.7 Inc (TECGE),Tech Gear 5.7 Inc,Tech Gear 5.7®,,MWUG36010425,,Safety & PPE,"Tech Gear 5.7, Safety & PPE, MWUG36010425, Black, Industrial Grade",SAFETY & PPE,Tech Gear 5.7® MWUG36010425 Safety & PPE Black,"Tech Gear 5.7®, Safety & PPE, Model MWUG36010425, Black","Safety & PPE, MWUG36010425","Tech Gear 5.7®, Safety & PPE, Model MWUG36010425, Black",,,,,,,,,,,,,,,,,,,,,,,,,,Safety & PPE,Item Type,Safety & PPE,,Finish Color,Black,,,,,,,,,,,,,,,,,,,,,,,,,,,,,,,,,,,,,,,,,,,,,,,,,,,,,,,,,,,,,,,,,,,,,,,,,,,,,,,,,,,,,,,,,,,,,,,,,,,,,,,,,,,,,,,,,,,,,,,,,,,,,,,,,,,,,,,,,,,,,,,,,,,,,,,,,,,,,,,,,,,,,TECH_GEAR_5.7_MWUG36010425.jpg,,,,,,,,,TECH_GEAR_5.7_MWUG36010425_Specification_Sheet.pdf,,,,,,,,,,,,,,,,,,Yes
https://www.techgear5.7.com/product/MWUG36010525,,,,,,,Industrial Supplies,Equipment & Hardware,Safety & PPE,,MWUG36010525,MWUG36010525 BLK XL Aerial Snow Heated Glove,,,,Tech Gear 5.7 Inc (TECGE),Tech Gear 5.7 Inc,Tech Gear 5.7®,,MWUG36010525,,Safety & PPE,"Tech Gear 5.7, Safety & PPE, MWUG36010525, Black, Industrial Grade",SAFETY & PPE,Tech Gear 5.7® MWUG36010525 Safety & PPE Black,"Tech Gear 5.7®, Safety & PPE, Model MWUG36010525, Black","Safety & PPE, MWUG36010525","Tech Gear 5.7®, Safety & PPE, Model MWUG36010525, Black",,,,,,,,,,,,,,,,,,,,,,,,,,Safety & PPE,Item Type,Safety & PPE,,Finish Color,Black,,,,,,,,,,,,,,,,,,,,,,,,,,,,,,,,,,,,,,,,,,,,,,,,,,,,,,,,,,,,,,,,,,,,,,,,,,,,,,,,,,,,,,,,,,,,,,,,,,,,,,,,,,,,,,,,,,,,,,,,,,,,,,,,,,,,,,,,,,,,,,,,,,,,,,,,,,,,,,,,,,,,,TECH_GEAR_5.7_MWUG36010525.jpg,,,,,,,,,TECH_GEAR_5.7_MWUG36010525_Specification_Sheet.pdf,,,,,,,,,,,,,,,,,,Yes
https://www.techgear5.7.com/product/MWUG36010625,,,,,,,Industrial Supplies,Equipment & Hardware,Safety & PPE,,MWUG36010625,MWUG36010625 BLK 2X Aerial Snow Heated Glove,,,,Tech Gear 5.7 Inc (TECGE),Tech Gear 5.7 Inc,Tech Gear 5.7®,,MWUG36010625,,Safety & PPE,"Tech Gear 5.7, Safety & PPE, MWUG36010625, Black, Industrial Grade",SAFETY & PPE,Tech Gear 5.7® MWUG36010625 Safety & PPE Black,"Tech Gear 5.7®, Safety & PPE, Model MWUG36010625, Black","Safety & PPE, MWUG36010625","Tech Gear 5.7®, Safety & PPE, Model MWUG36010625, Black",,,,,,,,,,,,,,,,,,,,,,,,,,Safety & PPE,Item Type,Safety & PPE,,Finish Color,Black,,,,,,,,,,,,,,,,,,,,,,,,,,,,,,,,,,,,,,,,,,,,,,,,,,,,,,,,,,,,,,,,,,,,,,,,,,,,,,,,,,,,,,,,,,,,,,,,,,,,,,,,,,,,,,,,,,,,,,,,,,,,,,,,,,,,,,,,,,,,,,,,,,,,,,,,,,,,,,,,,,,,,TECH_GEAR_5.7_MWUG36010625.jpg,,,,,,,,,TECH_GEAR_5.7_MWUG36010625_Specification_Sheet.pdf,,,,,,,,,,,,,,,,,,Yes
https://www.dewalt.com/product/DPG15,,,,,,,Industrial Supplies,Equipment & Hardware,Safety & PPE,,DPG15,DPG15 Dewalt AM/FM Hearing Protector,,,,Radians (7363),Black & Decker/dewlt,DEWALT®,,DPG15,,Safety & PPE,"DEWALT, Safety & PPE, DPG15, Industrial Grade, Commercial Quality",SAFETY & PPE,DEWALT® DPG15 Safety & PPE,"DEWALT®, Safety & PPE, Model DPG15","Safety & PPE, DPG15","DEWALT®, Safety & PPE, Model DPG15",,,,,,,,,,,,,,,,,,,,,,,,,,Safety & PPE,Item Type,Safety & PPE,,,,,,,,,,,,,,,,,,,,,,,,,,,,,,,,,,,,,,,,,,,,,,,,,,,,,,,,,,,,,,,,,,,,,,,,,,,,,,,,,,,,,,,,,,,,,,,,,,,,,,,,,,,,,,,,,,,,,,,,,,,,,,,,,,,,,,,,,,,,,,,,,,,,,,,,,,,,,,,,,,,,,,,,DEWALT_DPG15.jpg,,,,,,,,,DEWALT_DPG15_Specification_Sheet.pdf,,,,,,,,,,,,,,,,,,Yes
https://www.milwaukee.com/product/F200B-21L,,,,,,,Industrial Supplies,Equipment & Hardware,Safety & PPE,,F200B-21L,F200B-21L Milw M12 Womens - BLK Heated Hoodie Kit L,,,,Milwaukee Accessory (4031),Milwaukee Electric Tool Corp,Milwaukee®,M12,F200B-21L,,Safety & PPE,"Milwaukee, Safety & PPE, M12, F200B-21L, Black, Industrial Grade",SAFETY & PPE,Milwaukee® M12 F200B-21L Safety & PPE Black,"Milwaukee®, M12, Safety & PPE, Model F200B-21L, Black, Kit","M12 Safety & PPE, F200B-21L","Milwaukee®, M12, Safety & PPE, Model F200B-21L, Black, Kit",,,,,,,,,,,,,,,,,,,,,,,,,,Safety & PPE,Item Type,Safety & PPE,,Series,M12,,Finish Color,Black,,Configuration,Kit,,,,,,,,,,,,,,,,,,,,,,,,,,,,,,,,,,,,,,,,,,,,,,,,,,,,,,,,,,,,,,,,,,,,,,,,,,,,,,,,,,,,,,,,,,,,,,,,,,,,,,,,,,,,,,,,,,,,,,,,,,,,,,,,,,,,,,,,,,,,,,,,,,,,,,,,,,,,,,,MILWAUKEE_F200B-21L.jpg,,,,,,,,,MILWAUKEE_F200B-21L_Specification_Sheet.pdf,,,,,,,,,,,,,,,,,,Yes
https://www.milwaukee.com/product/F200B-21M,,,,,,,Industrial Supplies,Equipment & Hardware,Safety & PPE,,F200B-21M,F200B-21M Milw M12 Womens - BLK Heated Hoodie Kit M,,,,Milwaukee Accessory (4031),Milwaukee Electric Tool Corp,Milwaukee®,M12,F200B-21M,,Safety & PPE,"Milwaukee, Safety & PPE, M12, F200B-21M, Black, Industrial Grade",SAFETY & PPE,Milwaukee® M12 F200B-21M Safety & PPE Black,"Milwaukee®, M12, Safety & PPE, Model F200B-21M, Black, Kit","M12 Safety & PPE, F200B-21M","Milwaukee®, M12, Safety & PPE, Model F200B-21M, Black, Kit",,,,,,,,,,,,,,,,,,,,,,,,,,Safety & PPE,Item Type,Safety & PPE,,Series,M12,,Finish Color,Black,,Configuration,Kit,,,,,,,,,,,,,,,,,,,,,,,,,,,,,,,,,,,,,,,,,,,,,,,,,,,,,,,,,,,,,,,,,,,,,,,,,,,,,,,,,,,,,,,,,,,,,,,,,,,,,,,,,,,,,,,,,,,,,,,,,,,,,,,,,,,,,,,,,,,,,,,,,,,,,,,,,,,,,,,MILWAUKEE_F200B-21M.jpg,,,,,,,,,MILWAUKEE_F200B-21M_Specification_Sheet.pdf,,,,,,,,,,,,,,,,,,Yes
https://www.milwaukee.com/product/M200B-21L,,,,,,,Industrial Supplies,Equipment & Hardware,Safety & PPE,,M200B-21L,M200B-21L Milw M12 BLK - Heated Hoodie Kit L,,,,Milwaukee Accessory (4031),Milwaukee Electric Tool Corp,Milwaukee®,M12,M200B-21L,,Safety & PPE,"Milwaukee, Safety & PPE, M12, M200B-21L, Black, Industrial Grade",SAFETY & PPE,Milwaukee® M12 M200B-21L Safety & PPE Black,"Milwaukee®, M12, Safety & PPE, Model M200B-21L, Black, Kit","M12 Safety & PPE, M200B-21L","Milwaukee®, M12, Safety & PPE, Model M200B-21L, Black, Kit",,,,,,,,,,,,,,,,,,,,,,,,,,Safety & PPE,Item Type,Safety & PPE,,Series,M12,,Finish Color,Black,,Configuration,Kit,,,,,,,,,,,,,,,,,,,,,,,,,,,,,,,,,,,,,,,,,,,,,,,,,,,,,,,,,,,,,,,,,,,,,,,,,,,,,,,,,,,,,,,,,,,,,,,,,,,,,,,,,,,,,,,,,,,,,,,,,,,,,,,,,,,,,,,,,,,,,,,,,,,,,,,,,,,,,,,MILWAUKEE_M200B-21L.jpg,,,,,,,,,MILWAUKEE_M200B-21L_Specification_Sheet.pdf,,,,,,,,,,,,,,,,,,Yes
https://www.milwaukee.com/product/M200B-21M,,,,,,,Industrial Supplies,Equipment & Hardware,Safety & PPE,,M200B-21M,M200B-21M Milw M12 BLK - Heated Hoodie Kit M,,,,Milwaukee Accessory (4031),Milwaukee Electric Tool Corp,Milwaukee®,M12,M200B-21M,,Safety & PPE,"Milwaukee, Safety & PPE, M12, M200B-21M, Black, Industrial Grade",SAFETY & PPE,Milwaukee® M12 M200B-21M Safety & PPE Black,"Milwaukee®, M12, Safety & PPE, Model M200B-21M, Black, Kit","M12 Safety & PPE, M200B-21M","Milwaukee®, M12, Safety & PPE, Model M200B-21M, Black, Kit",,,,,,,,,,,,,,,,,,,,,,,,,,Safety & PPE,Item Type,Safety & PPE,,Series,M12,,Finish Color,Black,,Configuration,Kit,,,,,,,,,,,,,,,,,,,,,,,,,,,,,,,,,,,,,,,,,,,,,,,,,,,,,,,,,,,,,,,,,,,,,,,,,,,,,,,,,,,,,,,,,,,,,,,,,,,,,,,,,,,,,,,,,,,,,,,,,,,,,,,,,,,,,,,,,,,,,,,,,,,,,,,,,,,,,,,MILWAUKEE_M200B-21M.jpg,,,,,,,,,MILWAUKEE_M200B-21M_Specification_Sheet.pdf,,,,,,,,,,,,,,,,,,Yes
https://www.milwaukee.com/product/M200B-21XL,,,,,,,Industrial Supplies,Equipment & Hardware,Safety & PPE,,M200B-21XL,M200B-21XL Milw M12 BLK - Heated Hoodie Kit XL,,,,Milwaukee Accessory (4031),Milwaukee Electric Tool Corp,Milwaukee®,M12,M200B-21XL,,Safety & PPE,"Milwaukee, Safety & PPE, M12, M200B-21XL, Black, Industrial Grade",SAFETY & PPE,Milwaukee® M12 M200B-21XL Safety & PPE Black,"Milwaukee®, M12, Safety & PPE, Model M200B-21XL, Black, Kit","M12 Safety & PPE, M200B-21XL","Milwaukee®, M12, Safety & PPE, Model M200B-21XL, Black, Kit",,,,,,,,,,,,,,,,,,,,,,,,,,Safety & PPE,Item Type,Safety & PPE,,Series,M12,,Finish Color,Black,,Configuration,Kit,,,,,,,,,,,,,,,,,,,,,,,,,,,,,,,,,,,,,,,,,,,,,,,,,,,,,,,,,,,,,,,,,,,,,,,,,,,,,,,,,,,,,,,,,,,,,,,,,,,,,,,,,,,,,,,,,,,,,,,,,,,,,,,,,,,,,,,,,,,,,,,,,,,,,,,,,,,,,,,MILWAUKEE_M200B-21XL.jpg,,,,,,,,,MILWAUKEE_M200B-21XL_Specification_Sheet.pdf,,,,,,,,,,,,,,,,,,Yes
https://www.milwaukee.com/product/M200G-21L,,,,,,,Industrial Supplies,Equipment & Hardware,Safety & PPE,,M200G-21L,M200G-21L Milw M12 Gray - Heated Hoodie Kit L,,,,Milwaukee Accessory (4031),Milwaukee Electric Tool Corp,Milwaukee®,M12,M200G-21L,,Safety & PPE,"Milwaukee, Safety & PPE, M12, M200G-21L, Industrial Grade, Commercial Quality",SAFETY & PPE,Milwaukee® M12 M200G-21L Safety & PPE,"Milwaukee®, M12, Safety & PPE, Model M200G-21L, Kit","M12 Safety & PPE, M200G-21L","Milwaukee®, M12, Safety & PPE, Model M200G-21L, Kit",,,,,,,,,,,,,,,,,,,,,,,,,,Safety & PPE,Item Type,Safety & PPE,,Series,M12,,Configuration,Kit,,,,,,,,,,,,,,,,,,,,,,,,,,,,,,,,,,,,,,,,,,,,,,,,,,,,,,,,,,,,,,,,,,,,,,,,,,,,,,,,,,,,,,,,,,,,,,,,,,,,,,,,,,,,,,,,,,,,,,,,,,,,,,,,,,,,,,,,,,,,,,,,,,,,,,,,,,,,,,,,,,MILWAUKEE_M200G-21L.jpg,,,,,,,,,MILWAUKEE_M200G-21L_Specification_Sheet.pdf,,,,,,,,,,,,,,,,,,Yes
https://www.milwaukee.com/product/M200G-21M,,,,,,,Industrial Supplies,Equipment & Hardware,Safety & PPE,,M200G-21M,M200G-21M Milw M12 Gray - Heated Hoodie Kit M,,,,Milwaukee Accessory (4031),Milwaukee Electric Tool Corp,Milwaukee®,M12,M200G-21M,,Safety & PPE,"Milwaukee, Safety & PPE, M12, M200G-21M, Industrial Grade, Commercial Quality",SAFETY & PPE,Milwaukee® M12 M200G-21M Safety & PPE,"Milwaukee®, M12, Safety & PPE, Model M200G-21M, Kit","M12 Safety & PPE, M200G-21M","Milwaukee®, M12, Safety & PPE, Model M200G-21M, Kit",,,,,,,,,,,,,,,,,,,,,,,,,,Safety & PPE,Item Type,Safety & PPE,,Series,M12,,Configuration,Kit,,,,,,,,,,,,,,,,,,,,,,,,,,,,,,,,,,,,,,,,,,,,,,,,,,,,,,,,,,,,,,,,,,,,,,,,,,,,,,,,,,,,,,,,,,,,,,,,,,,,,,,,,,,,,,,,,,,,,,,,,,,,,,,,,,,,,,,,,,,,,,,,,,,,,,,,,,,,,,,,,,MILWAUKEE_M200G-21M.jpg,,,,,,,,,MILWAUKEE_M200G-21M_Specification_Sheet.pdf,,,,,,,,,,,,,,,,,,Yes
https://www.milwaukee.com/product/M200G-21XL,,,,,,,Industrial Supplies,Equipment & Hardware,Safety & PPE,,M200G-21XL,M200G-21XL Milw M12 Gray - Heated Hoodie Kit XL,,,,Milwaukee Accessory (4031),Milwaukee Electric Tool Corp,Milwaukee®,M12,M200G-21XL,,Safety & PPE,"Milwaukee, Safety & PPE, M12, M200G-21XL, Industrial Grade, Commercial Quality",SAFETY & PPE,Milwaukee® M12 M200G-21XL Safety & PPE,"Milwaukee®, M12, Safety & PPE, Model M200G-21XL, Kit","M12 Safety & PPE, M200G-21XL","Milwaukee®, M12, Safety & PPE, Model M200G-21XL, Kit",,,,,,,,,,,,,,,,,,,,,,,,,,Safety & PPE,Item Type,Safety & PPE,,Series,M12,,Configuration,Kit,,,,,,,,,,,,,,,,,,,,,,,,,,,,,,,,,,,,,,,,,,,,,,,,,,,,,,,,,,,,,,,,,,,,,,,,,,,,,,,,,,,,,,,,,,,,,,,,,,,,,,,,,,,,,,,,,,,,,,,,,,,,,,,,,,,,,,,,,,,,,,,,,,,,,,,,,,,,,,,,,,MILWAUKEE_M200G-21XL.jpg,,,,,,,,,MILWAUKEE_M200G-21XL_Specification_Sheet.pdf,,,,,,,,,,,,,,,,,,Yes
https://www.milwaukee.com/product/48-11-2330,,,,,,,Industrial Supplies,Equipment & Hardware,Tools & Parts,,48-11-2330,48-11-2330 Milw Heated Gear Power Source,,,,Milwaukee Accessory (4031),Milwaukee Electric Tool Corp,Milwaukee®,,48-11-2330,,Industrial Equipment,"Milwaukee, 48-11-2330, Industrial Grade, Commercial Quality, Heavy Duty",MILW HEATED GEAR,Milwaukee® 48-11-2330 Heated Gear Power Source,"Milwaukee®, Model 48-11-2330",48-11-2330,"Milwaukee®, Model 48-11-2330",,,,,,,,,,,,,,,,,,,,,,,,,,Product,,,,,,,,,,,,,,,,,,,,,,,,,,,,,,,,,,,,,,,,,,,,,,,,,,,,,,,,,,,,,,,,,,,,,,,,,,,,,,,,,,,,,,,,,,,,,,,,,,,,,,,,,,,,,,,,,,,,,,,,,,,,,,,,,,,,,,,,,,,,,,,,,,,,,,,,,,,,,,,,,,,,,,,,,,MILWAUKEE_48-11-2330.jpg,,,,,,,,,MILWAUKEE_48-11-2330_Specification_Sheet.pdf,,,,,,,,,,,,,,,,,,Yes
https://www.dewalt.com/product/DCBP250C,,,,,,,Industrial Supplies,Equipment & Hardware,Tools & Parts,,DCBP250C,DCBP520C Dewalt Starter Kit,,,DEWALT,Black & Decker/dewlt (2585),Black & Decker/dewlt,DEWALT®,,DCBP250C,,Industrial Equipment,"DEWALT, DCBP250C, Industrial Grade, Commercial Quality, Professional Performance",DCBP520C DEWALT STARTER,DEWALT® DCBP250C DCBP520C Starter Kit,"DEWALT®, Model DCBP250C, Kit",DCBP250C,"DEWALT®, Model DCBP250C, Kit",,,,,,,,,,,,,,,,,,,,,,,,,,Product,Configuration,Kit,,,,,,,,,,,,,,,,,,,,,,,,,,,,,,,,,,,,,,,,,,,,,,,,,,,,,,,,,,,,,,,,,,,,,,,,,,,,,,,,,,,,,,,,,,,,,,,,,,,,,,,,,,,,,,,,,,,,,,,,,,,,,,,,,,,,,,,,,,,,,,,,,,,,,,,,,,,,,,,,,,,,,,,,DEWALT_DCBP250C.jpg,,,,,,,,,DEWALT_DCBP250C_Specification_Sheet.pdf,,,,,,,,,,,,,,,,,,Yes
https://www.industrialstandard.com/product/5328,,,,,,,Industrial Supplies,Equipment & Hardware,Tools & Parts,,5328,5328 Lg. Leather Phone Holster - Clip-on,,,,,Industrial Standard,Industrial Standard,,5328,,Industrial Equipment,"Industrial Standard, 5328, Industrial Grade, Commercial Quality",LG. LEATHER PHONE,Industrial Standard 5328 Lg. Leather Phone Holster,"Industrial Standard, Model 5328",5328,"Industrial Standard, Model 5328",,,,,,,,,,,,,,,,,,,,,,,,,,Product,,,,,,,,,,,,,,,,,,,,,,,,,,,,,,,,,,,,,,,,,,,,,,,,,,,,,,,,,,,,,,,,,,,,,,,,,,,,,,,,,,,,,,,,,,,,,,,,,,,,,,,,,,,,,,,,,,,,,,,,,,,,,,,,,,,,,,,,,,,,,,,,,,,,,,,,,,,,,,,,,,,,,,,,,,INDUSTRIAL_STANDARD_5328.jpg,,,,,,,,,INDUSTRIAL_STANDARD_5328_Specification_Sheet.pdf,,,,,,,,,,,,,,,,,,Yes
https://www.milwaukee.com/product/3200-20,,,,,,,Industrial Supplies,Equipment & Hardware,Tools & Parts,,3200-20,3200-20 Milw Voltage Detector,,,,Milwaukee Accessory (4031),Milwaukee Electric Tool Corp,Milwaukee®,,3200-20,,Industrial Equipment,"Milwaukee, 3200-20, Industrial Grade, Commercial Quality, Heavy Duty",MILW VOLTAGE DETECTOR,Milwaukee® 3200-20 Voltage Detector,"Milwaukee®, Model 3200-20",3200-20,"Milwaukee®, Model 3200-20",,,,,,,,,,,,,,,,,,,,,,,,,,Product,,,,,,,,,,,,,,,,,,,,,,,,,,,,,,,,,,,,,,,,,,,,,,,,,,,,,,,,,,,,,,,,,,,,,,,,,,,,,,,,,,,,,,,,,,,,,,,,,,,,,,,,,,,,,,,,,,,,,,,,,,,,,,,,,,,,,,,,,,,,,,,,,,,,,,,,,,,,,,,,,,,,,,,,,,MILWAUKEE_3200-20.jpg,,,,,,,,,MILWAUKEE_3200-20_Specification_Sheet.pdf,,,,,,,,,,,,,,,,,,Yes
https://www.milwaukee.com/product/3202-20,,,,,,,Industrial Supplies,Equipment & Hardware,Tools & Parts,,3202-20,3202-20 Milw Voltage Detector w/ LED,,,,Milwaukee Accessory (4031),Milwaukee Electric Tool Corp,Milwaukee®,,3202-20,,Industrial Equipment,"Milwaukee, 3202-20, Industrial Grade, Commercial Quality, Heavy Duty",MILW VOLTAGE DETECTOR,Milwaukee® 3202-20 Voltage Detector w/ LED,"Milwaukee®, Model 3202-20",3202-20,"Milwaukee®, Model 3202-20",,,,,,,,,,,,,,,,,,,,,,,,,,Product,,,,,,,,,,,,,,,,,,,,,,,,,,,,,,,,,,,,,,,,,,,,,,,,,,,,,,,,,,,,,,,,,,,,,,,,,,,,,,,,,,,,,,,,,,,,,,,,,,,,,,,,,,,,,,,,,,,,,,,,,,,,,,,,,,,,,,,,,,,,,,,,,,,,,,,,,,,,,,,,,,,,,,,,,,MILWAUKEE_3202-20.jpg,,,,,,,,,MILWAUKEE_3202-20_Specification_Sheet.pdf,,,,,,,,,,,,,,,,,,Yes
https://www.milwaukee.com/product/3203-20,,,,,,,Industrial Supplies,Equipment & Hardware,Cooking Appliance,,3203-20,3203-20 Milw Dual Range Voltage Detector w/ LED,,,,Milwaukee Accessory (4031),Milwaukee Electric Tool Corp,Milwaukee®,,3203-20,,Cooking Appliance,"Milwaukee, Cooking Appliance, 3203-20, Industrial Grade, Commercial Quality",COOKING APPLIANCE,Milwaukee® 3203-20 Cooking Appliance,"Milwaukee®, Cooking Appliance, Model 3203-20","Cooking Appliance, 3203-20","Milwaukee®, Cooking Appliance, Model 3203-20",,,,,,,,,,,,,,,,,,,,,,,,,,Cooking Appliance,Item Type,Cooking Appliance,,,,,,,,,,,,,,,,,,,,,,,,,,,,,,,,,,,,,,,,,,,,,,,,,,,,,,,,,,,,,,,,,,,,,,,,,,,,,,,,,,,,,,,,,,,,,,,,,,,,,,,,,,,,,,,,,,,,,,,,,,,,,,,,,,,,,,,,,,,,,,,,,,,,,,,,,,,,,,,,,,,,,,,,MILWAUKEE_3203-20.jpg,,,,,,,,,MILWAUKEE_3203-20_Specification_Sheet.pdf,,,,,,,,,,,,,,,,,,Yes
https://www.woodpeckers.com/product/BC-12300,,,,,,,Industrial Supplies,Equipment & Hardware,Tools & Parts,,BC-12300,"BC-12300 BigCal 12""/300mm",,,,Woodpeckers Inc (WOODP),Woodpeckers Inc,Woodpeckers®,,BC-12300,,Industrial Equipment,"Woodpeckers, BC-12300, Industrial Grade, Commercial Quality, Heavy Duty",BIGCAL 12 IN/300,Woodpeckers® BC-12300 BigCal 12 in/300 mm,"Woodpeckers®, Model BC-12300",BC-12300,"Woodpeckers®, Model BC-12300",,,,,,,,,,,,,,,,,,,,,,,,,,Product,,,,,,,,,,,,,,,,,,,,,,,,,,,,,,,,,,,,,,,,,,,,,,,,,,,,,,,,,,,,,,,,,,,,,,,,,,,,,,,,,,,,,,,,,,,,,,,,,,,,,,,,,,,,,,,,,,,,,,,,,,,,,,,,,,,,,,,,,,,,,,,,,,,,,,,,,,,,,,,,,,,,,,,,,,WOODPECKERS_BC-12300.jpg,,,,,,,,,WOODPECKERS_BC-12300_Specification_Sheet.pdf,,,,,,,,,,,,,,,,,,Yes
https://www.woodpeckers.com/product/BC-24600,,,,,,,Industrial Supplies,Equipment & Hardware,Tools & Parts,,BC-24600,"BC-24600 BigCal 24""/600mm",,,,Woodpeckers Inc (WOODP),Woodpeckers Inc,Woodpeckers®,,BC-24600,,Industrial Equipment,"Woodpeckers, BC-24600, Industrial Grade, Commercial Quality, Heavy Duty",BIGCAL 24 IN/600,Woodpeckers® BC-24600 BigCal 24 in/600 mm,"Woodpeckers®, Model BC-24600",BC-24600,"Woodpeckers®, Model BC-24600",,,,,,,,,,,,,,,,,,,,,,,,,,Product,,,,,,,,,,,,,,,,,,,,,,,,,,,,,,,,,,,,,,,,,,,,,,,,,,,,,,,,,,,,,,,,,,,,,,,,,,,,,,,,,,,,,,,,,,,,,,,,,,,,,,,,,,,,,,,,,,,,,,,,,,,,,,,,,,,,,,,,,,,,,,,,,,,,,,,,,,,,,,,,,,,,,,,,,,WOODPECKERS_BC-24600.jpg,,,,,,,,,WOODPECKERS_BC-24600_Specification_Sheet.pdf,,,,,,,,,,,,,,,,,,Yes
https://www.dewalt.com/product/DW08302CG,,,,,,,Industrial Supplies,Equipment & Hardware,Tools & Parts,,DW08302CG,DW08302CG Dewalt Laser - Green 3 Spot,,,DEWALT,Black & Decker/dewlt (2585),Black & Decker/dewlt,DEWALT®,,DW08302CG,,Industrial Equipment,"DEWALT, DW08302CG, Industrial Grade, Commercial Quality, Heavy Duty",DEWALT LASER -,DEWALT® DW08302CG Laser - Green 3,"DEWALT®, Model DW08302CG",DW08302CG,"DEWALT®, Model DW08302CG",,,,,,,,,,,,,,,,,,,,,,,,,,Product,,,,,,,,,,,,,,,,,,,,,,,,,,,,,,,,,,,,,,,,,,,,,,,,,,,,,,,,,,,,,,,,,,,,,,,,,,,,,,,,,,,,,,,,,,,,,,,,,,,,,,,,,,,,,,,,,,,,,,,,,,,,,,,,,,,,,,,,,,,,,,,,,,,,,,,,,,,,,,,,,,,,,,,,,,DEWALT_DW08302CG.jpg,,,,,,,,,DEWALT_DW08302CG_Specification_Sheet.pdf,,,,,,,,,,,,,,,,,,Yes
https://www.bosch.com/product/GCL165-42GL,,,,,,,Industrial Supplies,Equipment & Hardware,Tools & Parts,,GCL165-42GL,GCL165--42GL Cross Line Laser,,,,Robt Bosch Tool Corp (6564),Robert Bosch Tool Corporation,Bosch®,,GCL165-42GL,,Industrial Equipment,"Bosch, GCL165-42GL, Industrial Grade, Commercial Quality, Heavy Duty",GCL165 - 42GL,Bosch® GCL165-42GL GCL165 - 42GL Cross,"Bosch®, Model GCL165-42GL",GCL165-42GL,"Bosch®, Model GCL165-42GL",,,,,,,,,,,,,,,,,,,,,,,,,,Product,,,,,,,,,,,,,,,,,,,,,,,,,,,,,,,,,,,,,,,,,,,,,,,,,,,,,,,,,,,,,,,,,,,,,,,,,,,,,,,,,,,,,,,,,,,,,,,,,,,,,,,,,,,,,,,,,,,,,,,,,,,,,,,,,,,,,,,,,,,,,,,,,,,,,,,,,,,,,,,,,,,,,,,,,,BOSCH_GCL165-42GL.jpg,,,,,,,,,BOSCH_GCL165-42GL_Specification_Sheet.pdf,,,,,,,,,,,,,,,,,,Yes
https://www.dewalt.com/product/DW08802CG,,,,,,,Industrial Supplies,Equipment & Hardware,Tools & Parts,,DW08802CG,DW08802CG Dewalt Laser Green - Self-Level Cross Line,,,DEWALT,Black & Decker/dewlt (2585),Black & Decker/dewlt,DEWALT®,,DW08802CG,,Industrial Equipment,"DEWALT, DW08802CG, Industrial Grade, Commercial Quality, Heavy Duty",DEWALT LASER GREEN,DEWALT® DW08802CG Laser Green - Self-Level,"DEWALT®, Model DW08802CG",DW08802CG,"DEWALT®, Model DW08802CG",,,,,,,,,,,,,,,,,,,,,,,,,,Product,,,,,,,,,,,,,,,,,,,,,,,,,,,,,,,,,,,,,,,,,,,,,,,,,,,,,,,,,,,,,,,,,,,,,,,,,,,,,,,,,,,,,,,,,,,,,,,,,,,,,,,,,,,,,,,,,,,,,,,,,,,,,,,,,,,,,,,,,,,,,,,,,,,,,,,,,,,,,,,,,,,,,,,,,,DEWALT_DW08802CG.jpg,,,,,,,,,DEWALT_DW08802CG_Specification_Sheet.pdf,,,,,,,,,,,,,,,,,,Yes
https://www.dewalt.com/product/DW088CG,,,,,,,Industrial Supplies,Equipment & Hardware,Tools & Parts,,DW088CG,DW088CG Dewalt Laser - Green Cross Line,,,DEWALT,Black & Decker/dewlt (2585),Black & Decker/dewlt,DEWALT®,,DW088CG,,Industrial Equipment,"DEWALT, DW088CG, Industrial Grade, Commercial Quality, Professional Performance",DEWALT LASER -,DEWALT® DW088CG Laser - Green Cross,"DEWALT®, Model DW088CG",DW088CG,"DEWALT®, Model DW088CG",,,,,,,,,,,,,,,,,,,,,,,,,,Product,,,,,,,,,,,,,,,,,,,,,,,,,,,,,,,,,,,,,,,,,,,,,,,,,,,,,,,,,,,,,,,,,,,,,,,,,,,,,,,,,,,,,,,,,,,,,,,,,,,,,,,,,,,,,,,,,,,,,,,,,,,,,,,,,,,,,,,,,,,,,,,,,,,,,,,,,,,,,,,,,,,,,,,,,,DEWALT_DW088CG.jpg,,,,,,,,,DEWALT_DW088CG_Specification_Sheet.pdf,,,,,,,,,,,,,,,,,,Yes
https://www.dewalt.com/product/DW089CG,,,,,,,Industrial Supplies,Equipment & Hardware,Cooking Appliance,,DW089CG,DW089CG Dewalt Laser Level - 3 Line 30ft Range,,,DEWALT,Black & Decker/dewlt (2585),Black & Decker/dewlt,DEWALT®,,DW089CG,,Cooking Appliance,"DEWALT, Cooking Appliance, DW089CG, Industrial Grade, Commercial Quality",COOKING APPLIANCE,DEWALT® DW089CG Cooking Appliance,"DEWALT®, Cooking Appliance, Model DW089CG","Cooking Appliance, DW089CG","DEWALT®, Cooking Appliance, Model DW089CG",,,,,,,,,,,,,,,,,,,,,,,,,,Cooking Appliance,Item Type,Cooking Appliance,,,,,,,,,,,,,,,,,,,,,,,,,,,,,,,,,,,,,,,,,,,,,,,,,,,,,,,,,,,,,,,,,,,,,,,,,,,,,,,,,,,,,,,,,,,,,,,,,,,,,,,,,,,,,,,,,,,,,,,,,,,,,,,,,,,,,,,,,,,,,,,,,,,,,,,,,,,,,,,,,,,,,,,,DEWALT_DW089CG.jpg,,,,,,,,,DEWALT_DW089CG_Specification_Sheet.pdf,,,,,,,,,,,,,,,,,,Yes
https://www.dewalt.com/product/DCLE34520GB,,,,,,,Industrial Supplies,Equipment & Hardware,Tools & Parts,,DCLE34520GB,DCLE34520GB Dewalt Laser 20V - Cross Line 5 Spot (Bare),,,DEWALT,Black & Decker/dewlt (2585),Black & Decker/dewlt,DEWALT®,,DCLE34520GB,,Industrial Equipment,"DEWALT, DCLE34520GB, 20 V, Industrial Grade, Commercial Quality",DEWALT LASER 20 20V,DEWALT® DCLE34520GB Laser 20 V -,"DEWALT®, Model DCLE34520GB, 20 V, Bare Tool",DCLE34520GB,"DEWALT®, Model DCLE34520GB, 20 V, Bare Tool",,,,,,,,,,,,,,,,,,,,,,,,,,Product,Voltage,20,V,Configuration,Bare Tool,,,,,,,,,,,,,,,,,,,,,,,,,,,,,,,,,,,,,,,,,,,,,,,,,,,,,,,,,,,,,,,,,,,,,,,,,,,,,,,,,,,,,,,,,,,,,,,,,,,,,,,,,,,,,,,,,,,,,,,,,,,,,,,,,,,,,,,,,,,,,,,,,,,,,,,,,,,,,,,,,,,,,DEWALT_DCLE34520GB.jpg,,,,,,,,,DEWALT_DCLE34520GB_Specification_Sheet.pdf,,,,,,,,,,,,,,,,,,Yes
https://www.dewalt.com/product/DCLE34031B,,,,,,,Industrial Supplies,Equipment & Hardware,Tools & Parts,,DCLE34031B,DCLE34031B Dewalt Line Laser - 20V Self-Leveling (Bare),,,DEWALT,Black & Decker/dewlt (2585),Black & Decker/dewlt,DEWALT®,,DCLE34031B,,Industrial Equipment,"DEWALT, DCLE34031B, 20 V, Industrial Grade, Commercial Quality",DEWALT LINE LASER 20V,DEWALT® DCLE34031B Line Laser - 20 20 V,"DEWALT®, Model DCLE34031B, 20 V, Bare Tool",DCLE34031B,"DEWALT®, Model DCLE34031B, 20 V, Bare Tool",,,,,,,,,,,,,,,,,,,,,,,,,,Product,Voltage,20,V,Configuration,Bare Tool,,,,,,,,,,,,,,,,,,,,,,,,,,,,,,,,,,,,,,,,,,,,,,,,,,,,,,,,,,,,,,,,,,,,,,,,,,,,,,,,,,,,,,,,,,,,,,,,,,,,,,,,,,,,,,,,,,,,,,,,,,,,,,,,,,,,,,,,,,,,,,,,,,,,,,,,,,,,,,,,,,,,,DEWALT_DCLE34031B.jpg,,,,,,,,,DEWALT_DCLE34031B_Specification_Sheet.pdf,,,,,,,,,,,,,,,,,,Yes
https://www.dewalt.com/product/DW0822CG,,,,,,,Industrial Supplies,Equipment & Hardware,Tools & Parts,,DW0822CG,DW0822CG Dewalt Cross Line - Plumb Spots Laser-Green,,,DEWALT,Black & Decker/dewlt (2585),Black & Decker/dewlt,DEWALT®,,DW0822CG,,Industrial Equipment,"DEWALT, DW0822CG, Industrial Grade, Commercial Quality, Professional Performance",DEWALT CROSS LINE,DEWALT® DW0822CG Cross Line - Plumb,"DEWALT®, Model DW0822CG",DW0822CG,"DEWALT®, Model DW0822CG",,,,,,,,,,,,,,,,,,,,,,,,,,Product,,,,,,,,,,,,,,,,,,,,,,,,,,,,,,,,,,,,,,,,,,,,,,,,,,,,,,,,,,,,,,,,,,,,,,,,,,,,,,,,,,,,,,,,,,,,,,,,,,,,,,,,,,,,,,,,,,,,,,,,,,,,,,,,,,,,,,,,,,,,,,,,,,,,,,,,,,,,,,,,,,,,,,,,,,DEWALT_DW0822CG.jpg,,,,,,,,,DEWALT_DW0822CG_Specification_Sheet.pdf,,,,,,,,,,,,,,,,,,Yes
https://www.u.s.tape.com/product/25459,,,,,,,Industrial Supplies,Equipment & Hardware,Tools & Parts,,25459,25459 Mason Line Brd Orange - 500',,,,U S Tape Company (6694),U S Tape Company Inc,U.S. Tape®,,25459,,Industrial Equipment,"U.S. Tape, 25459, Industrial Grade, Commercial Quality, Professional Performance",MASON LINE BRD,U.S. Tape® 25459 Mason Line Brd Orange,"U.S. Tape®, Model 25459",25459,"U.S. Tape®, Model 25459",,,,,,,,,,,,,,,,,,,,,,,,,,Product,,,,,,,,,,,,,,,,,,,,,,,,,,,,,,,,,,,,,,,,,,,,,,,,,,,,,,,,,,,,,,,,,,,,,,,,,,,,,,,,,,,,,,,,,,,,,,,,,,,,,,,,,,,,,,,,,,,,,,,,,,,,,,,,,,,,,,,,,,,,,,,,,,,,,,,,,,,,,,,,,,,,,,,,,,U.S._TAPE_25459.jpg,,,,,,,,,U.S._TAPE_25459_Specification_Sheet.pdf,,,,,,,,,,,,,,,,,,Yes
https://www.u.s.tape.com/product/35459,,,,,,,Industrial Supplies,Equipment & Hardware,Tools & Parts,,35459,35459 Mason Line Brd Orange - 500' Replacement,,,,U S Tape Company (6694),U S Tape Company Inc,U.S. Tape®,,35459,,Industrial Equipment,"U.S. Tape, 35459, Industrial Grade, Commercial Quality, Professional Performance",MASON LINE BRD,U.S. Tape® 35459 Mason Line Brd Orange,"U.S. Tape®, Model 35459",35459,"U.S. Tape®, Model 35459",,,,,,,,,,,,,,,,,,,,,,,,,,Product,,,,,,,,,,,,,,,,,,,,,,,,,,,,,,,,,,,,,,,,,,,,,,,,,,,,,,,,,,,,,,,,,,,,,,,,,,,,,,,,,,,,,,,,,,,,,,,,,,,,,,,,,,,,,,,,,,,,,,,,,,,,,,,,,,,,,,,,,,,,,,,,,,,,,,,,,,,,,,,,,,,,,,,,,,U.S._TAPE_35459.jpg,,,,,,,,,U.S._TAPE_35459_Specification_Sheet.pdf,,,,,,,,,,,,,,,,,,Yes
https://www.u.s.tape.com/product/25759,,,,,,,Industrial Supplies,Equipment & Hardware,Tools & Parts,,25759,25759 Mason Line Brd Orange - 1000',,,,U S Tape Company (6694),U S Tape Company Inc,U.S. Tape®,,25759,,Industrial Equipment,"U.S. Tape, 25759, Industrial Grade, Commercial Quality, Professional Performance",MASON LINE BRD,U.S. Tape® 25759 Mason Line Brd Orange,"U.S. Tape®, Model 25759",25759,"U.S. Tape®, Model 25759",,,,,,,,,,,,,,,,,,,,,,,,,,Product,,,,,,,,,,,,,,,,,,,,,,,,,,,,,,,,,,,,,,,,,,,,,,,,,,,,,,,,,,,,,,,,,,,,,,,,,,,,,,,,,,,,,,,,,,,,,,,,,,,,,,,,,,,,,,,,,,,,,,,,,,,,,,,,,,,,,,,,,,,,,,,,,,,,,,,,,,,,,,,,,,,,,,,,,,U.S._TAPE_25759.jpg,,,,,,,,,U.S._TAPE_25759_Specification_Sheet.pdf,,,,,,,,,,,,,,,,,,Yes
https://www.u.s.tape.com/product/35112,,,,,,,Industrial Supplies,Equipment & Hardware,Tools & Parts,,35112,35112 Mason Line Twist Yellow - 270',,,,U S Tape Company (6694),U S Tape Company Inc,U.S. Tape®,,35112,,Industrial Equipment,"U.S. Tape, 35112, Industrial Grade, Commercial Quality, Professional Performance",MASON LINE TWIST,U.S. Tape® 35112 Mason Line Twist Yellow,"U.S. Tape®, Model 35112",35112,"U.S. Tape®, Model 35112",,,,,,,,,,,,,,,,,,,,,,,,,,Product,,,,,,,,,,,,,,,,,,,,,,,,,,,,,,,,,,,,,,,,,,,,,,,,,,,,,,,,,,,,,,,,,,,,,,,,,,,,,,,,,,,,,,,,,,,,,,,,,,,,,,,,,,,,,,,,,,,,,,,,,,,,,,,,,,,,,,,,,,,,,,,,,,,,,,,,,,,,,,,,,,,,,,,,,,U.S._TAPE_35112.jpg,,,,,,,,,U.S._TAPE_35112_Specification_Sheet.pdf,,,,,,,,,,,,,,,,,,Yes
https://www.u.s.tape.com/product/35115,,,,,,,Industrial Supplies,Equipment & Hardware,Tools & Parts,,35115,35115 Mason Line Twist Green - 270',,,,U S Tape Company (6694),U S Tape Company Inc,U.S. Tape®,,35115,,Industrial Equipment,"U.S. Tape, 35115, Industrial Grade, Commercial Quality, Professional Performance",MASON LINE TWIST,U.S. Tape® 35115 Mason Line Twist Green,"U.S. Tape®, Model 35115",35115,"U.S. Tape®, Model 35115",,,,,,,,,,,,,,,,,,,,,,,,,,Product,,,,,,,,,,,,,,,,,,,,,,,,,,,,,,,,,,,,,,,,,,,,,,,,,,,,,,,,,,,,,,,,,,,,,,,,,,,,,,,,,,,,,,,,,,,,,,,,,,,,,,,,,,,,,,,,,,,,,,,,,,,,,,,,,,,,,,,,,,,,,,,,,,,,,,,,,,,,,,,,,,,,,,,,,,U.S._TAPE_35115.jpg,,,,,,,,,U.S._TAPE_35115_Specification_Sheet.pdf,,,,,,,,,,,,,,,,,,Yes
https://www.u.s.tape.com/product/25168,,,,,,,Industrial Supplies,Equipment & Hardware,Tools & Parts,,25168,25168 Mason Line Brd Green - 250',CENTURY COMPONENTS,,,U S Tape Company (6694),U S Tape Company Inc,U.S. Tape®,,25168,,Industrial Equipment,"U.S. Tape, 25168, Industrial Grade, Commercial Quality, Professional Performance",MASON LINE BRD,U.S. Tape® 25168 Mason Line Brd Green,"U.S. Tape®, Model 25168",25168,"U.S. Tape®, Model 25168",,,,,,,,,,,,,,,,,,,,,,,,,,Product,,,,,,,,,,,,,,,,,,,,,,,,,,,,,,,,,,,,,,,,,,,,,,,,,,,,,,,,,,,,,,,,,,,,,,,,,,,,,,,,,,,,,,,,,,,,,,,,,,,,,,,,,,,,,,,,,,,,,,,,,,,,,,,,,,,,,,,,,,,,,,,,,,,,,,,,,,,,,,,,,,,,,,,,,,U.S._TAPE_25168.jpg,,,,,,,,,U.S._TAPE_25168_Specification_Sheet.pdf,,,,,,,,,,,,,,,,,,Yes
https://www.u.s.tape.com/product/35468,,,,,,,Industrial Supplies,Equipment & Hardware,Tools & Parts,,35468,35468 Mason Line Brd Green - 500' Replacement,,,,U S Tape Company (6694),U S Tape Company Inc,U.S. Tape®,,35468,,Industrial Equipment,"U.S. Tape, 35468, Industrial Grade, Commercial Quality, Professional Performance",MASON LINE BRD,U.S. Tape® 35468 Mason Line Brd Green,"U.S. Tape®, Model 35468",35468,"U.S. Tape®, Model 35468",,,,,,,,,,,,,,,,,,,,,,,,,,Product,,,,,,,,,,,,,,,,,,,,,,,,,,,,,,,,,,,,,,,,,,,,,,,,,,,,,,,,,,,,,,,,,,,,,,,,,,,,,,,,,,,,,,,,,,,,,,,,,,,,,,,,,,,,,,,,,,,,,,,,,,,,,,,,,,,,,,,,,,,,,,,,,,,,,,,,,,,,,,,,,,,,,,,,,,U.S._TAPE_35468.jpg,,,,,,,,,U.S._TAPE_35468_Specification_Sheet.pdf,,,,,,,,,,,,,,,,,,Yes
https://www.u.s.tape.com/product/35494,,,,,,,Industrial Supplies,Equipment & Hardware,Tools & Parts,,35494,35494 Mason Line Brd Blk/Yellw - 500' Replacement,,,,U S Tape Company (6694),U S Tape Company Inc,U.S. Tape®,,35494,,Industrial Equipment,"U.S. Tape, 35494, Black, Industrial Grade, Commercial Quality",MASON LINE BRD,U.S. Tape® 35494 Mason Line Brd Blk/Yellw Black,"U.S. Tape®, Model 35494, Black",35494,"U.S. Tape®, Model 35494, Black",,,,,,,,,,,,,,,,,,,,,,,,,,Product,Finish Color,Black,,,,,,,,,,,,,,,,,,,,,,,,,,,,,,,,,,,,,,,,,,,,,,,,,,,,,,,,,,,,,,,,,,,,,,,,,,,,,,,,,,,,,,,,,,,,,,,,,,,,,,,,,,,,,,,,,,,,,,,,,,,,,,,,,,,,,,,,,,,,,,,,,,,,,,,,,,,,,,,,,,,,,,,,U.S._TAPE_35494.jpg,,,,,,,,,U.S._TAPE_35494_Specification_Sheet.pdf,,,,,,,,,,,,,,,,,,Yes
https://www.milwaukee.com/product/MLSQ0120,,,,,,,Industrial Supplies,Equipment & Hardware,Tools & Parts,,MLSQ0120,"MLSQ0120 Milw 12"" RafterSquare",,,,Milwaukee Accessory (4031),Milwaukee Electric Tool Corp,Milwaukee®,,MLSQ0120,,Industrial Equipment,"Milwaukee, MLSQ0120, Industrial Grade, Commercial Quality, Heavy Duty",MILW 12 IN,Milwaukee® MLSQ0120 12 in RafterSquare,"Milwaukee®, Model MLSQ0120",MLSQ0120,"Milwaukee®, Model MLSQ0120",,,,,,,,,,,,,,,,,,,,,,,,,,Product,,,,,,,,,,,,,,,,,,,,,,,,,,,,,,,,,,,,,,,,,,,,,,,,,,,,,,,,,,,,,,,,,,,,,,,,,,,,,,,,,,,,,,,,,,,,,,,,,,,,,,,,,,,,,,,,,,,,,,,,,,,,,,,,,,,,,,,,,,,,,,,,,,,,,,,,,,,,,,,,,,,,,,,,,,MILWAUKEE_MLSQ0120.jpg,,,,,,,,,MILWAUKEE_MLSQ0120_Specification_Sheet.pdf,,,,,,,,,,,,,,,,,,Yes
https://www.milwaukee.com/product/MLSQ1120,,,,,,,Industrial Supplies,Equipment & Hardware,Tools & Parts,,MLSQ1120,MLSQ1120 Milw 300mm Rafter - Square (Metric),,,,Milwaukee Accessory (4031),Milwaukee Electric Tool Corp,Milwaukee®,,MLSQ1120,,Industrial Equipment,"Milwaukee, MLSQ1120, Industrial Grade, Commercial Quality, Heavy Duty",MILW 300 MM,Milwaukee® MLSQ1120 300 mm Rafter -,"Milwaukee®, Model MLSQ1120",MLSQ1120,"Milwaukee®, Model MLSQ1120",,,,,,,,,,,,,,,,,,,,,,,,,,Product,,,,,,,,,,,,,,,,,,,,,,,,,,,,,,,,,,,,,,,,,,,,,,,,,,,,,,,,,,,,,,,,,,,,,,,,,,,,,,,,,,,,,,,,,,,,,,,,,,,,,,,,,,,,,,,,,,,,,,,,,,,,,,,,,,,,,,,,,,,,,,,,,,,,,,,,,,,,,,,,,,,,,,,,,,MILWAUKEE_MLSQ1120.jpg,,,,,,,,,MILWAUKEE_MLSQ1120_Specification_Sheet.pdf,,,,,,,,,,,,,,,,,,Yes
https://www.amanatool.com/product/55227,,,,,,,Industrial Supplies,Equipment & Hardware,Tools & Parts,,55227,"55227 Amana Countersink/Stop 1/8"" Drill TB",,,,Amana Tool Corp (AMATO),Amana Tool Corp,Amana Tool®,,55227,,Industrial Equipment,"Amana Tool, 55227, Industrial Grade, Commercial Quality, Heavy Duty",AMANA COUNTERSINK/STOP 1/8,Amana Tool® 55227 Countersink/Stop 1/8 in Drill,"Amana Tool®, Model 55227",55227,"Amana Tool®, Model 55227",,,,,,,,,,,,,,,,,,,,,,,,,,Product,,,,,,,,,,,,,,,,,,,,,,,,,,,,,,,,,,,,,,,,,,,,,,,,,,,,,,,,,,,,,,,,,,,,,,,,,,,,,,,,,,,,,,,,,,,,,,,,,,,,,,,,,,,,,,,,,,,,,,,,,,,,,,,,,,,,,,,,,,,,,,,,,,,,,,,,,,,,,,,,,,,,,,,,,,AMANA_TOOL_55227.jpg,,,,,,,,,AMANA_TOOL_55227_Specification_Sheet.pdf,,,,,,,,,,,,,,,,,,Yes
https://www.industrialstandard.com/product/37300952,,,,,,,Industrial Supplies,Equipment & Hardware,Tools & Parts,,37300952,"095842 Fisch Plug Cutter 3/8""",,,,,Industrial Standard,Industrial Standard,,37300952,,Industrial Equipment,"Industrial Standard, 37300952, Industrial Grade, Commercial Quality",095842 FISCH PLUG,Industrial Standard 37300952 095842 Fisch Plug Cutter,"Industrial Standard, Model 37300952",37300952,"Industrial Standard, Model 37300952",,,,,,,,,,,,,,,,,,,,,,,,,,Product,,,,,,,,,,,,,,,,,,,,,,,,,,,,,,,,,,,,,,,,,,,,,,,,,,,,,,,,,,,,,,,,,,,,,,,,,,,,,,,,,,,,,,,,,,,,,,,,,,,,,,,,,,,,,,,,,,,,,,,,,,,,,,,,,,,,,,,,,,,,,,,,,,,,,,,,,,,,,,,,,,,,,,,,,,INDUSTRIAL_STANDARD_37300952.jpg,,,,,,,,,INDUSTRIAL_STANDARD_37300952_Specification_Sheet.pdf,,,,,,,,,,,,,,,,,,Yes
https://www.whitesidemachine&repairco.com/product/6008,,,,,,,Industrial Supplies,Equipment & Hardware,Tools & Parts,,6008,6008 Whiteside Router Bit,,,,Whiteside Machine & Repair Co (WHIMA),Whiteside Machine & Repair Co (WHIMA),Whiteside Machine & Repair Co,,6008,,Industrial Equipment,"Whiteside Machine & Repair Co, 6008, Industrial Grade, Commercial Quality",WHITESIDE ROUTER BIT,Whiteside Machine & Repair Co 6008 Router Bit,"Whiteside Machine & Repair Co, Model 6008",6008,"Whiteside Machine & Repair Co, Model 6008",,,,,,,,,,,,,,,,,,,,,,,,,,Product,,,,,,,,,,,,,,,,,,,,,,,,,,,,,,,,,,,,,,,,,,,,,,,,,,,,,,,,,,,,,,,,,,,,,,,,,,,,,,,,,,,,,,,,,,,,,,,,,,,,,,,,,,,,,,,,,,,,,,,,,,,,,,,,,,,,,,,,,,,,,,,,,,,,,,,,,,,,,,,,,,,,,,,,,,WHITESIDE_MACHINE_&_REPAIR_CO_6008.jpg,,,,,,,,,WHITESIDE_MACHINE_&_REPAIR_CO_6008_Specification_Sheet.pdf,,,,,,,,,,,,,,,,,,Yes
https://www.whitesidemachine&repairco.com/product/6009,,,,,,,Industrial Supplies,Equipment & Hardware,Tools & Parts,,6009,6009 Whiteside Router Bit,,,,Whiteside Machine & Repair Co (WHIMA),Whiteside Machine & Repair Co (WHIMA),Whiteside Machine & Repair Co,,6009,,Industrial Equipment,"Whiteside Machine & Repair Co, 6009, Industrial Grade, Commercial Quality",WHITESIDE ROUTER BIT,Whiteside Machine & Repair Co 6009 Router Bit,"Whiteside Machine & Repair Co, Model 6009",6009,"Whiteside Machine & Repair Co, Model 6009",,,,,,,,,,,,,,,,,,,,,,,,,,Product,,,,,,,,,,,,,,,,,,,,,,,,,,,,,,,,,,,,,,,,,,,,,,,,,,,,,,,,,,,,,,,,,,,,,,,,,,,,,,,,,,,,,,,,,,,,,,,,,,,,,,,,,,,,,,,,,,,,,,,,,,,,,,,,,,,,,,,,,,,,,,,,,,,,,,,,,,,,,,,,,,,,,,,,,,WHITESIDE_MACHINE_&_REPAIR_CO_6009.jpg,,,,,,,,,WHITESIDE_MACHINE_&_REPAIR_CO_6009_Specification_Sheet.pdf,,,,,,,,,,,,,,,,,,Yes
https://www.whitesidemachine&repairco.com/product/3000A,,,,,,,Industrial Supplies,Equipment & Hardware,Tools & Parts,,3000A,3000A Whiteside Router Bit,,,,Whiteside Machine & Repair Co (WHIMA),Whiteside Machine & Repair Co (WHIMA),Whiteside Machine & Repair Co,,3000A,,Industrial Equipment,"Whiteside Machine & Repair Co, 3000A, Industrial Grade, Commercial Quality",WHITESIDE ROUTER BIT,Whiteside Machine & Repair Co 3000A Router Bit,"Whiteside Machine & Repair Co, Model 3000A",3000A,"Whiteside Machine & Repair Co, Model 3000A",,,,,,,,,,,,,,,,,,,,,,,,,,Product,,,,,,,,,,,,,,,,,,,,,,,,,,,,,,,,,,,,,,,,,,,,,,,,,,,,,,,,,,,,,,,,,,,,,,,,,,,,,,,,,,,,,,,,,,,,,,,,,,,,,,,,,,,,,,,,,,,,,,,,,,,,,,,,,,,,,,,,,,,,,,,,,,,,,,,,,,,,,,,,,,,,,,,,,,WHITESIDE_MACHINE_&_REPAIR_CO_3000A.jpg,,,,,,,,,WHITESIDE_MACHINE_&_REPAIR_CO_3000A_Specification_Sheet.pdf,,,,,,,,,,,,,,,,,,Yes
https://www.mirka.com/product/MID6630201US,,,,,,,Industrial Supplies,Equipment & Hardware,Power Tool,,MID6630201US,MID6630201US Deos663XCV Sander,,,,Mirka Abrasives Inc (MIRUS),Mirka Abrasives Inc,Mirka®,,MID6630201US,,Power Tool,"Mirka, Power Tool, MID6630201US, Industrial Grade, Commercial Quality",POWER TOOL,Mirka® MID6630201US Power Tool,"Mirka®, Power Tool, Model MID6630201US","Power Tool, MID6630201US","Mirka®, Power Tool, Model MID6630201US",,,,,,,,,,,,,,,,,,,,,,,,,,Power Tool,Item Type,Power Tool,,,,,,,,,,,,,,,,,,,,,,,,,,,,,,,,,,,,,,,,,,,,,,,,,,,,,,,,,,,,,,,,,,,,,,,,,,,,,,,,,,,,,,,,,,,,,,,,,,,,,,,,,,,,,,,,,,,,,,,,,,,,,,,,,,,,,,,,,,,,,,,,,,,,,,,,,,,,,,,,,,,,,,,,MIRKA_MID6630201US.jpg,,,,,,,,,MIRKA_MID6630201US_Specification_Sheet.pdf,,,,,,,,,,,,,,,,,,Yes
https://www.dewalt.com/product/DCF6202,,,,,,,Industrial Supplies,Equipment & Hardware,Tools & Parts,,DCF6202,DCF6202 Dewalt Collated Attach,,,DEWALT,Black & Decker/dewlt (2585),Black & Decker/dewlt,DEWALT®,,DCF6202,,Industrial Equipment,"DEWALT, DCF6202, Industrial Grade, Commercial Quality, Professional Performance",DEWALT COLLATED ATTACHMENT,DEWALT® DCF6202 Collated Attachment,"DEWALT®, Model DCF6202",DCF6202,"DEWALT®, Model DCF6202",,,,,,,,,,,,,,,,,,,,,,,,,,Product,,,,,,,,,,,,,,,,,,,,,,,,,,,,,,,,,,,,,,,,,,,,,,,,,,,,,,,,,,,,,,,,,,,,,,,,,,,,,,,,,,,,,,,,,,,,,,,,,,,,,,,,,,,,,,,,,,,,,,,,,,,,,,,,,,,,,,,,,,,,,,,,,,,,,,,,,,,,,,,,,,,,,,,,,,DEWALT_DCF6202.jpg,,,,,,,,,DEWALT_DCF6202_Specification_Sheet.pdf,,,,,,,,,,,,,,,,,,Yes
https://www.u.s.tape.com/product/25468,,,,,,,Industrial Supplies,Equipment & Hardware,Tools & Parts,,25468,25468 Mason Line Brd Green - 500',,,,U S Tape Company (6694),U S Tape Company Inc,U.S. Tape®,,25468,,Industrial Equipment,"U.S. Tape, 25468, Industrial Grade, Commercial Quality, Professional Performance",MASON LINE BRD,U.S. Tape® 25468 Mason Line Brd Green,"U.S. Tape®, Model 25468",25468,"U.S. Tape®, Model 25468",,,,,,,,,,,,,,,,,,,,,,,,,,Product,,,,,,,,,,,,,,,,,,,,,,,,,,,,,,,,,,,,,,,,,,,,,,,,,,,,,,,,,,,,,,,,,,,,,,,,,,,,,,,,,,,,,,,,,,,,,,,,,,,,,,,,,,,,,,,,,,,,,,,,,,,,,,,,,,,,,,,,,,,,,,,,,,,,,,,,,,,,,,,,,,,,,,,,,,U.S._TAPE_25468.jpg,,,,,,,,,U.S._TAPE_25468_Specification_Sheet.pdf,,,,,,,,,,,,,,,,,,Yes
https://www.u.s.tape.com/product/25762,,,,,,,Industrial Supplies,Equipment & Hardware,Tools & Parts,,25762,25762 Mason Line Brd Pink - 1000',,,,U S Tape Company (6694),U S Tape Company Inc,U.S. Tape®,,25762,,Industrial Equipment,"U.S. Tape, 25762, Industrial Grade, Commercial Quality, Professional Performance",MASON LINE BRD,U.S. Tape® 25762 Mason Line Brd Pink,"U.S. Tape®, Model 25762",25762,"U.S. Tape®, Model 25762",,,,,,,,,,,,,,,,,,,,,,,,,,Product,,,,,,,,,,,,,,,,,,,,,,,,,,,,,,,,,,,,,,,,,,,,,,,,,,,,,,,,,,,,,,,,,,,,,,,,,,,,,,,,,,,,,,,,,,,,,,,,,,,,,,,,,,,,,,,,,,,,,,,,,,,,,,,,,,,,,,,,,,,,,,,,,,,,,,,,,,,,,,,,,,,,,,,,,,U.S._TAPE_25762.jpg,,,,,,,,,U.S._TAPE_25762_Specification_Sheet.pdf,,,,,,,,,,,,,,,,,,Yes
https://www.nicholson.com/product/21839NN,,,,,,,Industrial Supplies,Equipment & Hardware,Tools & Parts,,21839NN,"21839NN File Bstd Mill 10""",,,Nicholson,,Nicholson,Nicholson,,21839NN,,Industrial Equipment,"Nicholson, 21839NN, Industrial Grade, Commercial Quality, Heavy Duty",FILE BASTARD MILL,Nicholson 21839NN File Bastard Mill 10,"Nicholson, Model 21839NN",21839NN,"Nicholson, Model 21839NN",,,,,,,,,,,,,,,,,,,,,,,,,,Product,,,,,,,,,,,,,,,,,,,,,,,,,,,,,,,,,,,,,,,,,,,,,,,,,,,,,,,,,,,,,,,,,,,,,,,,,,,,,,,,,,,,,,,,,,,,,,,,,,,,,,,,,,,,,,,,,,,,,,,,,,,,,,,,,,,,,,,,,,,,,,,,,,,,,,,,,,,,,,,,,,,,,,,,,,NICHOLSON_21839NN.jpg,,,,,,,,,NICHOLSON_21839NN_Specification_Sheet.pdf,,,,,,,,,,,,,,,,,,Yes
https://www.marshalltown.com/product/VN56920,,,,,,,Industrial Supplies,Equipment & Hardware,Circular Saw Blade,,VN56920,"VN56920 10 1/2"" Saw Blade",,,,Marshalltown Trowel (5155),Marshalltown Trowel Co,Marshalltown®,,VN56920,,Circular Saw Blade,"Marshalltown, Circular Saw Blade, VN56920, Industrial Grade, Commercial Quality",CIRCULAR SAW BLADE,Marshalltown® VN56920 Circular Saw Blade,"Marshalltown®, Circular Saw Blade, Model VN56920","Circular Saw Blade, VN56920","Marshalltown®, Circular Saw Blade, Model VN56920",,,,,,,,,,,,,,,,,,,,,,,,,,Circular Saw Blade,Item Type,Circular Saw Blade,,,,,,,,,,,,,,,,,,,,,,,,,,,,,,,,,,,,,,,,,,,,,,,,,,,,,,,,,,,,,,,,,,,,,,,,,,,,,,,,,,,,,,,,,,,,,,,,,,,,,,,,,,,,,,,,,,,,,,,,,,,,,,,,,,,,,,,,,,,,,,,,,,,,,,,,,,,,,,,,,,,,,,,,MARSHALLTOWN_VN56920.jpg,,,,,,,,,MARSHALLTOWN_VN56920_Specification_Sheet.pdf,,,,,,,,,,,,,,,,,,Yes
https://www.wera.com/product/133164,,,,,,,Industrial Supplies,Equipment & Hardware,Tools & Parts,,133164,133164 950/9 Hex Plus Spks - Multicolor,,,,Wera Tools NA Inc (WERTO),Wera Tools NA Inc,Wera®,,133164,,Industrial Equipment,"Wera, 133164, Industrial Grade, Commercial Quality, Professional Performance",950/9 HEX PLUS,Wera® 133164 950/9 Hex Plus Spokes,"Wera®, Model 133164",133164,"Wera®, Model 133164",,,,,,,,,,,,,,,,,,,,,,,,,,Product,,,,,,,,,,,,,,,,,,,,,,,,,,,,,,,,,,,,,,,,,,,,,,,,,,,,,,,,,,,,,,,,,,,,,,,,,,,,,,,,,,,,,,,,,,,,,,,,,,,,,,,,,,,,,,,,,,,,,,,,,,,,,,,,,,,,,,,,,,,,,,,,,,,,,,,,,,,,,,,,,,,,,,,,,,WERA_133164.jpg,,,,,,,,,WERA_133164_Specification_Sheet.pdf,,,,,,,,,,,,,,,,,,Yes
https://www.dewalt.com/product/DWHT10993,,,,,,,Industrial Supplies,Equipment & Hardware,Tools & Parts,,DWHT10993,DWHT10993 Folding Knife,,,DEWALT,Black & Decker/dewlt (2585),Black & Decker/dewlt,DEWALT®,,DWHT10993,,Industrial Equipment,"DEWALT, DWHT10993, Industrial Grade, Commercial Quality, Heavy Duty",FOLDING KNIFE,DEWALT® DWHT10993 Folding Knife,"DEWALT®, Model DWHT10993",DWHT10993,"DEWALT®, Model DWHT10993",,,,,,,,,,,,,,,,,,,,,,,,,,Product,,,,,,,,,,,,,,,,,,,,,,,,,,,,,,,,,,,,,,,,,,,,,,,,,,,,,,,,,,,,,,,,,,,,,,,,,,,,,,,,,,,,,,,,,,,,,,,,,,,,,,,,,,,,,,,,,,,,,,,,,,,,,,,,,,,,,,,,,,,,,,,,,,,,,,,,,,,,,,,,,,,,,,,,,,DEWALT_DWHT10993.jpg,,,,,,,,,DEWALT_DWHT10993_Specification_Sheet.pdf,,,,,,,,,,,,,,,,,,Yes
https://www.dewalt.com/product/DWHT10994,,,,,,,Industrial Supplies,Equipment & Hardware,Tools & Parts,,DWHT10994,DWHT10994 Folding Knife,,,DEWALT,Black & Decker/dewlt (2585),Black & Decker/dewlt,DEWALT®,,DWHT10994,,Industrial Equipment,"DEWALT, DWHT10994, Industrial Grade, Commercial Quality, Heavy Duty",FOLDING KNIFE,DEWALT® DWHT10994 Folding Knife,"DEWALT®, Model DWHT10994",DWHT10994,"DEWALT®, Model DWHT10994",,,,,,,,,,,,,,,,,,,,,,,,,,Product,,,,,,,,,,,,,,,,,,,,,,,,,,,,,,,,,,,,,,,,,,,,,,,,,,,,,,,,,,,,,,,,,,,,,,,,,,,,,,,,,,,,,,,,,,,,,,,,,,,,,,,,,,,,,,,,,,,,,,,,,,,,,,,,,,,,,,,,,,,,,,,,,,,,,,,,,,,,,,,,,,,,,,,,,,DEWALT_DWHT10994.jpg,,,,,,,,,DEWALT_DWHT10994_Specification_Sheet.pdf,,,,,,,,,,,,,,,,,,Yes
https://www.vessel.com/product/QB22RU,,,,,,,Industrial Supplies,Equipment & Hardware,Tools & Parts,,QB22RU,QB22RU Vessel Carrying Bit Holder (Red),,,,Vessel Tools USA Inc (VESTO),Vessel Tools USA Inc,Vessel®,,QB22RU,,Industrial Equipment,"Vessel, QB22RU, Industrial Grade, Commercial Quality, Professional Performance",VESSEL CARRYING BIT,Vessel® QB22RU Carrying Bit Holder (Red),"Vessel®, Model QB22RU",QB22RU,"Vessel®, Model QB22RU",,,,,,,,,,,,,,,,,,,,,,,,,,Product,,,,,,,,,,,,,,,,,,,,,,,,,,,,,,,,,,,,,,,,,,,,,,,,,,,,,,,,,,,,,,,,,,,,,,,,,,,,,,,,,,,,,,,,,,,,,,,,,,,,,,,,,,,,,,,,,,,,,,,,,,,,,,,,,,,,,,,,,,,,,,,,,,,,,,,,,,,,,,,,,,,,,,,,,,VESSEL_QB22RU.jpg,,,,,,,,,VESSEL_QB22RU_Specification_Sheet.pdf,,,,,,,,,,,,,,,,,,Yes
https://www.vessel.com/product/QB22KU,,,,,,,Industrial Supplies,Equipment & Hardware,Tools & Parts,,QB22KU,QB22KU Vessel Carrying Bit Holder (Black),,,,Vessel Tools USA Inc (VESTO),Vessel Tools USA Inc,Vessel®,,QB22KU,,Industrial Equipment,"Vessel, QB22KU, Black, Industrial Grade, Commercial Quality, Heavy Duty",VESSEL CARRYING BIT,Vessel® QB22KU Carrying Bit Holder (Black),"Vessel®, Model QB22KU, Black",QB22KU,"Vessel®, Model QB22KU, Black",,,,,,,,,,,,,,,,,,,,,,,,,,Product,Finish Color,Black,,,,,,,,,,,,,,,,,,,,,,,,,,,,,,,,,,,,,,,,,,,,,,,,,,,,,,,,,,,,,,,,,,,,,,,,,,,,,,,,,,,,,,,,,,,,,,,,,,,,,,,,,,,,,,,,,,,,,,,,,,,,,,,,,,,,,,,,,,,,,,,,,,,,,,,,,,,,,,,,,,,,,,,,VESSEL_QB22KU.jpg,,,,,,,,,VESSEL_QB22KU_Specification_Sheet.pdf,,,,,,,,,,,,,,,,,,Yes
https://www.malco.com/product/AVM6EV,,,,,,,Industrial Supplies,Equipment & Hardware,Tools & Parts,,AVM6EV,AVM6 EV Mini Snip Red,,,,Malco Prod (2370),Malco Products SBC,Malco®,,AVM6EV,,Industrial Equipment,"Malco, AVM6EV, Industrial Grade, Commercial Quality, Professional Performance",AVM6 EV MINI,Malco® AVM6EV AVM6 EV Mini Snip,"Malco®, Model AVM6EV",AVM6EV,"Malco®, Model AVM6EV",,,,,,,,,,,,,,,,,,,,,,,,,,Product,,,,,,,,,,,,,,,,,,,,,,,,,,,,,,,,,,,,,,,,,,,,,,,,,,,,,,,,,,,,,,,,,,,,,,,,,,,,,,,,,,,,,,,,,,,,,,,,,,,,,,,,,,,,,,,,,,,,,,,,,,,,,,,,,,,,,,,,,,,,,,,,,,,,,,,,,,,,,,,,,,,,,,,,,,MALCO_AVM6EV.jpg,,,,,,,,,MALCO_AVM6EV_Specification_Sheet.pdf,,,,,,,,,,,,,,,,,,Yes
https://www.malco.com/product/AVM6EV,,,,,,,Industrial Supplies,Equipment & Hardware,Tools & Parts,,AVM6EV,AVM7 EV Mini Snip Green,,,,Malco Prod (2370),Malco Products SBC,Malco®,,AVM6EV,,Industrial Equipment,"Malco, AVM6EV, Industrial Grade, Commercial Quality, Professional Performance",AVM7 EV MINI,Malco® AVM6EV AVM7 EV Mini Snip,"Malco®, Model AVM6EV",AVM6EV,"Malco®, Model AVM6EV",,,,,,,,,,,,,,,,,,,,,,,,,,Product,,,,,,,,,,,,,,,,,,,,,,,,,,,,,,,,,,,,,,,,,,,,,,,,,,,,,,,,,,,,,,,,,,,,,,,,,,,,,,,,,,,,,,,,,,,,,,,,,,,,,,,,,,,,,,,,,,,,,,,,,,,,,,,,,,,,,,,,,,,,,,,,,,,,,,,,,,,,,,,,,,,,,,,,,,MALCO_AVM6EV.jpg,,,,,,,,,MALCO_AVM6EV_Specification_Sheet.pdf,,,,,,,,,,,,,,,,,,Yes
https://www.diablo.com/product/DSA0250B,,,,,,,Industrial Supplies,Equipment & Hardware,Tools & Parts,,DSA0250B,"DSA0250B 1/4"" Square x1/4"" Hex - Socket Adapter",,,Diablo,Freud Inc (2435),Freud America Inc,Diablo®,,DSA0250B,,Industrial Equipment,"Diablo, DSA0250B, Industrial Grade, Commercial Quality, Professional Performance",1/4 IN SQUARE,Diablo® DSA0250B 1/4 in Square x1/4,"Diablo®, Model DSA0250B",DSA0250B,"Diablo®, Model DSA0250B",,,,,,,,,,,,,,,,,,,,,,,,,,Product,,,,,,,,,,,,,,,,,,,,,,,,,,,,,,,,,,,,,,,,,,,,,,,,,,,,,,,,,,,,,,,,,,,,,,,,,,,,,,,,,,,,,,,,,,,,,,,,,,,,,,,,,,,,,,,,,,,,,,,,,,,,,,,,,,,,,,,,,,,,,,,,,,,,,,,,,,,,,,,,,,,,,,,,,,DIABLO_DSA0250B.jpg,,,,,,,,,DIABLO_DSA0250B_Specification_Sheet.pdf,,,,,,,,,,,,,,,,,,Yes
https://www.diablo.com/product/DSA0375B,,,,,,,Industrial Supplies,Equipment & Hardware,Tools & Parts,,DSA0375B,"DSA0375B 3/8"" Square x1/4"" Hex - Socket Adapter",,,Diablo,Freud Inc (2435),Freud America Inc,Diablo®,,DSA0375B,,Industrial Equipment,"Diablo, DSA0375B, Industrial Grade, Commercial Quality, Professional Performance",3/8 IN SQUARE,Diablo® DSA0375B 3/8 in Square x1/4,"Diablo®, Model DSA0375B",DSA0375B,"Diablo®, Model DSA0375B",,,,,,,,,,,,,,,,,,,,,,,,,,Product,,,,,,,,,,,,,,,,,,,,,,,,,,,,,,,,,,,,,,,,,,,,,,,,,,,,,,,,,,,,,,,,,,,,,,,,,,,,,,,,,,,,,,,,,,,,,,,,,,,,,,,,,,,,,,,,,,,,,,,,,,,,,,,,,,,,,,,,,,,,,,,,,,,,,,,,,,,,,,,,,,,,,,,,,,DIABLO_DSA0375B.jpg,,,,,,,,,DIABLO_DSA0375B_Specification_Sheet.pdf,,,,,,,,,,,,,,,,,,Yes
https://www.diablo.com/product/DSA0500B,,,,,,,Industrial Supplies,Equipment & Hardware,Tools & Parts,,DSA0500B,"DSA0500B 1/2"" Square x1/4"" Hex - Socket Adapter",,,Diablo,Freud Inc (2435),Freud America Inc,Diablo®,,DSA0500B,,Industrial Equipment,"Diablo, DSA0500B, Industrial Grade, Commercial Quality, Professional Performance",1/2 IN SQUARE,Diablo® DSA0500B 1/2 in Square x1/4,"Diablo®, Model DSA0500B",DSA0500B,"Diablo®, Model DSA0500B",,,,,,,,,,,,,,,,,,,,,,,,,,Product,,,,,,,,,,,,,,,,,,,,,,,,,,,,,,,,,,,,,,,,,,,,,,,,,,,,,,,,,,,,,,,,,,,,,,,,,,,,,,,,,,,,,,,,,,,,,,,,,,,,,,,,,,,,,,,,,,,,,,,,,,,,,,,,,,,,,,,,,,,,,,,,,,,,,,,,,,,,,,,,,,,,,,,,,,DIABLO_DSA0500B.jpg,,,,,,,,,DIABLO_DSA0500B_Specification_Sheet.pdf,,,,,,,,,,,,,,,,,,Yes
https://www.milwaukee.com/product/42-04-9107,,,,,,,Industrial Supplies,Equipment & Hardware,Tools & Parts,,42-04-9107,"42-04-9107 Milw 3/8"" Drive Universal Joint",,,,Milwaukee Accessory (4031),Milwaukee Electric Tool Corp,Milwaukee®,,42-04-9107,,Industrial Equipment,"Milwaukee, 42-04-9107, Industrial Grade, Commercial Quality, Heavy Duty",MILW 3/8 IN,Milwaukee® 42-04-9107 3/8 in Drive Universal,"Milwaukee®, Model 42-04-9107",42-04-9107,"Milwaukee®, Model 42-04-9107",,,,,,,,,,,,,,,,,,,,,,,,,,Product,,,,,,,,,,,,,,,,,,,,,,,,,,,,,,,,,,,,,,,,,,,,,,,,,,,,,,,,,,,,,,,,,,,,,,,,,,,,,,,,,,,,,,,,,,,,,,,,,,,,,,,,,,,,,,,,,,,,,,,,,,,,,,,,,,,,,,,,,,,,,,,,,,,,,,,,,,,,,,,,,,,,,,,,,,MILWAUKEE_42-04-9107.jpg,,,,,,,,,MILWAUKEE_42-04-9107_Specification_Sheet.pdf,,,,,,,,,,,,,,,,,,Yes
https://www.milwaukee.com/product/48-22-9491,,,,,,,Industrial Supplies,Equipment & Hardware,Tools & Parts,,48-22-9491,48-22-9491 Milw 242pc Ratchet & Socket Set 4-Drawer Tool Box,,,,Milwaukee Accessory (4031),Milwaukee Electric Tool Corp,Milwaukee®,,48-22-9491,,Industrial Equipment,"Milwaukee, 48-22-9491, 242 pc, Industrial Grade, Commercial Quality",MILW 242PC RATCHET,Milwaukee® 48-22-9491 242pc Ratchet & Socket 242 pc,"Milwaukee®, Model 48-22-9491, 242 pc",48-22-9491,"Milwaukee®, Model 48-22-9491, 242 pc",,,,,,,,,,,,,,,,,,,,,,,,,,Product,Package Quantity,242,pc,,,,,,,,,,,,,,,,,,,,,,,,,,,,,,,,,,,,,,,,,,,,,,,,,,,,,,,,,,,,,,,,,,,,,,,,,,,,,,,,,,,,,,,,,,,,,,,,,,,,,,,,,,,,,,,,,,,,,,,,,,,,,,,,,,,,,,,,,,,,,,,,,,,,,,,,,,,,,,,,,,,,,,,MILWAUKEE_48-22-9491.jpg,,,,,,,,,MILWAUKEE_48-22-9491_Specification_Sheet.pdf,,,,,,,,,,,,,,,,,,Yes
https://www.dewalt.com/product/DWMT45422,,,,,,,Industrial Supplies,Equipment & Hardware,Tools & Parts,,DWMT45422,"DWMT45422 Dewalt 1/4"" Drive - 50pc Mechanics Set",,,,Black & Decker/dewlt (2585),Black & Decker/dewlt,DEWALT®,,DWMT45422,,Industrial Equipment,"DEWALT, DWMT45422, 50 pc, Industrial Grade, Commercial Quality",DEWALT 1/4 IN 50PC,DEWALT® DWMT45422 1/4 in Drive - 50 pc,"DEWALT®, Model DWMT45422, 50 pc",DWMT45422,"DEWALT®, Model DWMT45422, 50 pc",,,,,,,,,,,,,,,,,,,,,,,,,,Product,Package Quantity,50,pc,,,,,,,,,,,,,,,,,,,,,,,,,,,,,,,,,,,,,,,,,,,,,,,,,,,,,,,,,,,,,,,,,,,,,,,,,,,,,,,,,,,,,,,,,,,,,,,,,,,,,,,,,,,,,,,,,,,,,,,,,,,,,,,,,,,,,,,,,,,,,,,,,,,,,,,,,,,,,,,,,,,,,,,DEWALT_DWMT45422.jpg,,,,,,,,,DEWALT_DWMT45422_Specification_Sheet.pdf,,,,,,,,,,,,,,,,,,Yes
https://www.dewalt.com/product/DWMT45424,,,,,,,Industrial Supplies,Equipment & Hardware,Tools & Parts,,DWMT45424,"DWMT45424 Dewalt 3/8"" Drive - 84pc Mechanics Set",,,,Black & Decker/dewlt (2585),Black & Decker/dewlt,DEWALT®,,DWMT45424,,Industrial Equipment,"DEWALT, DWMT45424, 84 pc, Industrial Grade, Commercial Quality",DEWALT 3/8 IN 84PC,DEWALT® DWMT45424 3/8 in Drive - 84 pc,"DEWALT®, Model DWMT45424, 84 pc",DWMT45424,"DEWALT®, Model DWMT45424, 84 pc",,,,,,,,,,,,,,,,,,,,,,,,,,Product,Package Quantity,84,pc,,,,,,,,,,,,,,,,,,,,,,,,,,,,,,,,,,,,,,,,,,,,,,,,,,,,,,,,,,,,,,,,,,,,,,,,,,,,,,,,,,,,,,,,,,,,,,,,,,,,,,,,,,,,,,,,,,,,,,,,,,,,,,,,,,,,,,,,,,,,,,,,,,,,,,,,,,,,,,,,,,,,,,,DEWALT_DWMT45424.jpg,,,,,,,,,DEWALT_DWMT45424_Specification_Sheet.pdf,,,,,,,,,,,,,,,,,,Yes
https://www.milwaukee.com/product/48-22-9483,,,,,,,Industrial Supplies,Equipment & Hardware,Tools & Parts,,48-22-9483,48-22-9483 Milw Packout 15pc - Metric Wrench Set,,,Milwaukee Accessory (4031),,Milwaukee Electric Tool Corp,Milwaukee®,Packout,48-22-9483,,Industrial Equipment,"Milwaukee, Packout, 48-22-9483, 15 pc, Industrial Grade, Commercial Quality",MILW PACKOUT 15PC,Milwaukee® Packout 48-22-9483 Packout 15pc - Metric 15 pc,"Milwaukee®, Packout, Model 48-22-9483, 15 pc","Packout , 48-22-9483","Milwaukee®, Packout, Model 48-22-9483, 15 pc",,,,,,,,,,,,,,,,,,,,,,,,,,Product,Series,Packout,,Package Quantity,15,pc,,,,,,,,,,,,,,,,,,,,,,,,,,,,,,,,,,,,,,,,,,,,,,,,,,,,,,,,,,,,,,,,,,,,,,,,,,,,,,,,,,,,,,,,,,,,,,,,,,,,,,,,,,,,,,,,,,,,,,,,,,,,,,,,,,,,,,,,,,,,,,,,,,,,,,,,,,,,,,,,,,,,MILWAUKEE_48-22-9483.jpg,,,,,,,,,MILWAUKEE_48-22-9483_Specification_Sheet.pdf,,,,,,,,,,,,,,,,,,Yes
https://www.milwaukee.com/product/48-22-9484,,,,,,,Industrial Supplies,Equipment & Hardware,Tools & Parts,,48-22-9484,48-22-9484 Milw Packout 15pc - SAE Wrench Set,,,Milwaukee Accessory (4031),,Milwaukee Electric Tool Corp,Milwaukee®,Packout,48-22-9484,,Industrial Equipment,"Milwaukee, Packout, 48-22-9484, 15 pc, Industrial Grade, Commercial Quality",MILW PACKOUT 15PC,Milwaukee® Packout 48-22-9484 Packout 15pc - SAE 15 pc,"Milwaukee®, Packout, Model 48-22-9484, 15 pc","Packout , 48-22-9484","Milwaukee®, Packout, Model 48-22-9484, 15 pc",,,,,,,,,,,,,,,,,,,,,,,,,,Product,Series,Packout,,Package Quantity,15,pc,,,,,,,,,,,,,,,,,,,,,,,,,,,,,,,,,,,,,,,,,,,,,,,,,,,,,,,,,,,,,,,,,,,,,,,,,,,,,,,,,,,,,,,,,,,,,,,,,,,,,,,,,,,,,,,,,,,,,,,,,,,,,,,,,,,,,,,,,,,,,,,,,,,,,,,,,,,,,,,,,,,,MILWAUKEE_48-22-9484.jpg,,,,,,,,,MILWAUKEE_48-22-9484_Specification_Sheet.pdf,,,,,,,,,,,,,,,,,,Yes
https://www.milwaukee.com/product/48-22-9485,,,,,,,Industrial Supplies,Equipment & Hardware,Tools & Parts,,48-22-9485,48-22-9485 Milw Packout 30pc - Metric & SAE Wrench Set,,,Milwaukee Accessory (4031),,Milwaukee Electric Tool Corp,Milwaukee®,Packout,48-22-9485,,Industrial Equipment,"Milwaukee, Packout, 48-22-9485, 30 pc, Industrial Grade, Commercial Quality",MILW PACKOUT 30PC,Milwaukee® Packout 48-22-9485 Packout 30pc - Metric 30 pc,"Milwaukee®, Packout, Model 48-22-9485, 30 pc","Packout , 48-22-9485","Milwaukee®, Packout, Model 48-22-9485, 30 pc",,,,,,,,,,,,,,,,,,,,,,,,,,Product,Series,Packout,,Package Quantity,30,pc,,,,,,,,,,,,,,,,,,,,,,,,,,,,,,,,,,,,,,,,,,,,,,,,,,,,,,,,,,,,,,,,,,,,,,,,,,,,,,,,,,,,,,,,,,,,,,,,,,,,,,,,,,,,,,,,,,,,,,,,,,,,,,,,,,,,,,,,,,,,,,,,,,,,,,,,,,,,,,,,,,,,MILWAUKEE_48-22-9485.jpg,,,,,,,,,MILWAUKEE_48-22-9485_Specification_Sheet.pdf,,,,,,,,,,,,,,,,,,Yes
https://www.milwaukee.com/product/48-44-2770,,,,,,,Industrial Supplies,Equipment & Hardware,Tools & Parts,,48-44-2770,48-44-2770 Milw Pole Pruning - Shears Replacement Blade,,,Milwaukee Accessory (4031),,Milwaukee Electric Tool Corp,Milwaukee®,,48-44-2770,,Industrial Equipment,"Milwaukee, 48-44-2770, Industrial Grade, Commercial Quality, Heavy Duty",MILW POLE PRUNING,Milwaukee® 48-44-2770 Pole Pruning - Shears,"Milwaukee®, Model 48-44-2770",48-44-2770,"Milwaukee®, Model 48-44-2770",,,,,,,,,,,,,,,,,,,,,,,,,,Product,,,,,,,,,,,,,,,,,,,,,,,,,,,,,,,,,,,,,,,,,,,,,,,,,,,,,,,,,,,,,,,,,,,,,,,,,,,,,,,,,,,,,,,,,,,,,,,,,,,,,,,,,,,,,,,,,,,,,,,,,,,,,,,,,,,,,,,,,,,,,,,,,,,,,,,,,,,,,,,,,,,,,,,,,,MILWAUKEE_48-44-2770.jpg,,,,,,,,,MILWAUKEE_48-44-2770_Specification_Sheet.pdf,,,,,,,,,,,,,,,,,,Yes
https://www.irwin.com/product/IWHT48441RC,,,,,,,Industrial Supplies,Equipment & Hardware,Tools & Parts,,IWHT48441RC,IWHT48441RC Irwin 100ft - Red Chalk & Reel Set,,,Irwin,Irwin Industrial Tools (5863),Irwin Industrial Tools Inc,Irwin®,,IWHT48441RC,,Industrial Equipment,"Irwin, IWHT48441RC, Industrial Grade, Commercial Quality, Heavy Duty",IRWIN 100 FT,Irwin® IWHT48441RC 100 ft - Red,"Irwin®, Model IWHT48441RC",IWHT48441RC,"Irwin®, Model IWHT48441RC",,,,,,,,,,,,,,,,,,,,,,,,,,Product,,,,,,,,,,,,,,,,,,,,,,,,,,,,,,,,,,,,,,,,,,,,,,,,,,,,,,,,,,,,,,,,,,,,,,,,,,,,,,,,,,,,,,,,,,,,,,,,,,,,,,,,,,,,,,,,,,,,,,,,,,,,,,,,,,,,,,,,,,,,,,,,,,,,,,,,,,,,,,,,,,,,,,,,,,IRWIN_IWHT48441RC.jpg,,,,,,,,,IRWIN_IWHT48441RC_Specification_Sheet.pdf,,,,,,,,,,,,,,,,,,Yes
https://www.makita.com/product/XRU23SM1,,,,,,,Industrial Supplies,Equipment & Hardware,Tools & Parts,,XRU23SM1,"XRU23SM1 Makita 18V 13"" - String Trimmer Kit",,,,Makita Usa Inc (5142),Makita USA Inc,Makita®,,XRU23SM1,,Industrial Equipment,"Makita, XRU23SM1, 18 V, Industrial Grade, Commercial Quality",MAKITA 18 V 18V,Makita® XRU23SM1 18 V 13 in,"Makita®, Model XRU23SM1, 18 V, Kit",XRU23SM1,"Makita®, Model XRU23SM1, 18 V, Kit",,,,,,,,,,,,,,,,,,,,,,,,,,Product,Voltage,18,V,Configuration,Kit,,,,,,,,,,,,,,,,,,,,,,,,,,,,,,,,,,,,,,,,,,,,,,,,,,,,,,,,,,,,,,,,,,,,,,,,,,,,,,,,,,,,,,,,,,,,,,,,,,,,,,,,,,,,,,,,,,,,,,,,,,,,,,,,,,,,,,,,,,,,,,,,,,,,,,,,,,,,,,,,,,,,,MAKITA_XRU23SM1.jpg,,,,,,,,,MAKITA_XRU23SM1_Specification_Sheet.pdf,,,,,,,,,,,,,,,,,,Yes
https://www.makita.com/product/XRU15PT1,,,,,,,Industrial Supplies,Equipment & Hardware,Tools & Parts,,XRU15PT1,XRU15PT1 Makita String Trimmer,,,,Makita Usa Inc (5142),Makita USA Inc,Makita®,,XRU15PT1,,Industrial Equipment,"Makita, XRU15PT1, Industrial Grade, Commercial Quality, Professional Performance",MAKITA STRING TRIMMER,Makita® XRU15PT1 String Trimmer,"Makita®, Model XRU15PT1",XRU15PT1,"Makita®, Model XRU15PT1",,,,,,,,,,,,,,,,,,,,,,,,,,Product,,,,,,,,,,,,,,,,,,,,,,,,,,,,,,,,,,,,,,,,,,,,,,,,,,,,,,,,,,,,,,,,,,,,,,,,,,,,,,,,,,,,,,,,,,,,,,,,,,,,,,,,,,,,,,,,,,,,,,,,,,,,,,,,,,,,,,,,,,,,,,,,,,,,,,,,,,,,,,,,,,,,,,,,,,MAKITA_XRU15PT1.jpg,,,,,,,,,MAKITA_XRU15PT1_Specification_Sheet.pdf,,,,,,,,,,,,,,,,,,Yes
https://www.makita.com/product/XRU23Z,,,,,,,Industrial Supplies,Equipment & Hardware,Tools & Parts,,XRU23Z,XRU23Z Makita 18V Trimmer Tool - Only,,,,Makita Usa Inc (5142),Makita USA Inc,Makita®,,XRU23Z,,Industrial Equipment,"Makita, XRU23Z, 18 V, Industrial Grade, Commercial Quality, Heavy Duty",MAKITA 18 V 18V,Makita® XRU23Z 18 V Trimmer Tool,"Makita®, Model XRU23Z, 18 V",XRU23Z,"Makita®, Model XRU23Z, 18 V",,,,,,,,,,,,,,,,,,,,,,,,,,Product,Voltage,18,V,,,,,,,,,,,,,,,,,,,,,,,,,,,,,,,,,,,,,,,,,,,,,,,,,,,,,,,,,,,,,,,,,,,,,,,,,,,,,,,,,,,,,,,,,,,,,,,,,,,,,,,,,,,,,,,,,,,,,,,,,,,,,,,,,,,,,,,,,,,,,,,,,,,,,,,,,,,,,,,,,,,,,,,MAKITA_XRU23Z.jpg,,,,,,,,,MAKITA_XRU23Z_Specification_Sheet.pdf,,,,,,,,,,,,,,,,,,Yes
https://www.milwaukee.com/product/0887-20,,,,,,,Industrial Supplies,Equipment & Hardware,Tools & Parts,,0887-20,0887-20 Milw M18 Brushless Precision Blower,,,,Milwaukee Accessory (4031),Milwaukee Electric Tool Corp,Milwaukee®,M18,0887-20,,Industrial Equipment,"Milwaukee, M18, 0887-20, Industrial Grade, Commercial Quality",MILW M18 BRUSHLESS,Milwaukee® M18 0887-20 M18 Brushless Precision Blower,"Milwaukee®, M18, Model 0887-20","M18 , 0887-20","Milwaukee®, M18, Model 0887-20",,,,,,,,,,,,,,,,,,,,,,,,,,Product,Series,M18,,,,,,,,,,,,,,,,,,,,,,,,,,,,,,,,,,,,,,,,,,,,,,,,,,,,,,,,,,,,,,,,,,,,,,,,,,,,,,,,,,,,,,,,,,,,,,,,,,,,,,,,,,,,,,,,,,,,,,,,,,,,,,,,,,,,,,,,,,,,,,,,,,,,,,,,,,,,,,,,,,,,,,,,MILWAUKEE_0887-20.jpg,,,,,,,,,MILWAUKEE_0887-20_Specification_Sheet.pdf,,,,,,,,,,,,,,,,,,Yes
https://www.dewalt.com/product/DCBL724B,,,,,,,Industrial Supplies,Equipment & Hardware,Tools & Parts,,DCBL724B,DCBL724B Dewalt 20V Max XR Blower (Bare),,,,Black & Decker/dewlt (2585),Black & Decker/dewlt,DEWALT®,,DCBL724B,,Industrial Equipment,"DEWALT, DCBL724B, 20 V, Industrial Grade, Commercial Quality",DEWALT 20 V 20V,DEWALT® DCBL724B 20 V Max XR,"DEWALT®, Model DCBL724B, 20 V, Bare Tool",DCBL724B,"DEWALT®, Model DCBL724B, 20 V, Bare Tool",,,,,,,,,,,,,,,,,,,,,,,,,,Product,Voltage,20,V,Configuration,Bare Tool,,,,,,,,,,,,,,,,,,,,,,,,,,,,,,,,,,,,,,,,,,,,,,,,,,,,,,,,,,,,,,,,,,,,,,,,,,,,,,,,,,,,,,,,,,,,,,,,,,,,,,,,,,,,,,,,,,,,,,,,,,,,,,,,,,,,,,,,,,,,,,,,,,,,,,,,,,,,,,,,,,,,,DEWALT_DCBL724B.jpg,,,,,,,,,DEWALT_DCBL724B_Specification_Sheet.pdf,,,,,,,,,,,,,,,,,,Yes
https://www.milwaukee.com/product/2954-20,,,,,,,Industrial Supplies,Equipment & Hardware,Tools & Parts,,2954-20,2954-20 Milw M18 Bluetooth Jobsite Speaker,,,,Milwaukee Accessory (4031),Milwaukee Electric Tool Corp,Milwaukee®,M18,2954-20,,Industrial Equipment,"Milwaukee, M18, 2954-20, Industrial Grade, Commercial Quality",MILW M18 BLUETOOTH,Milwaukee® M18 2954-20 M18 Bluetooth Jobsite Speaker,"Milwaukee®, M18, Model 2954-20","M18 , 2954-20","Milwaukee®, M18, Model 2954-20",,,,,,,,,,,,,,,,,,,,,,,,,,Product,Series,M18,,,,,,,,,,,,,,,,,,,,,,,,,,,,,,,,,,,,,,,,,,,,,,,,,,,,,,,,,,,,,,,,,,,,,,,,,,,,,,,,,,,,,,,,,,,,,,,,,,,,,,,,,,,,,,,,,,,,,,,,,,,,,,,,,,,,,,,,,,,,,,,,,,,,,,,,,,,,,,,,,,,,,,,,MILWAUKEE_2954-20.jpg,,,,,,,,,MILWAUKEE_2954-20_Specification_Sheet.pdf,,,,,,,,,,,,,,,,,,Yes
https://www.milwaukee.com/product/2955-20,,,,,,,Industrial Supplies,Equipment & Hardware,Tools & Parts,,2955-20,2955-20 Milw M12 Bluetooth - Jobsite Speaker w/Packout,,,,Milwaukee Accessory (4031),Milwaukee Electric Tool Corp,Milwaukee®,Packout,2955-20,,Industrial Equipment,"Milwaukee, Packout, 2955-20, Industrial Grade, Commercial Quality",MILW M12 BLUETOOTH,Milwaukee® Packout 2955-20 M12 Bluetooth - Jobsite,"Milwaukee®, Packout, Model 2955-20","Packout , 2955-20","Milwaukee®, Packout, Model 2955-20",,,,,,,,,,,,,,,,,,,,,,,,,,Product,Series,Packout,,,,,,,,,,,,,,,,,,,,,,,,,,,,,,,,,,,,,,,,,,,,,,,,,,,,,,,,,,,,,,,,,,,,,,,,,,,,,,,,,,,,,,,,,,,,,,,,,,,,,,,,,,,,,,,,,,,,,,,,,,,,,,,,,,,,,,,,,,,,,,,,,,,,,,,,,,,,,,,,,,,,,,,,MILWAUKEE_2955-20.jpg,,,,,,,,,MILWAUKEE_2955-20_Specification_Sheet.pdf,,,,,,,,,,,,,,,,,,Yes
https://www.mirka.com/product/9A-219-180,,,,,,,Industrial Supplies,Equipment & Hardware,Tools & Parts,,9A-219-180,9A-219-180 Abranet 4x6x6,,,,Mirka Abrasives Inc (MIRUS),Mirka Abrasives Inc,Mirka®,,9A-219-180,,Industrial Equipment,"Mirka, 9A-219-180, 4 in, Industrial Grade, Commercial Quality",ABRANET 4X6X6 4IN,Mirka® 9A-219-180 Abranet 4x6x6 4 in,"Mirka®, Model 9A-219-180, 4 in, 6 in, 6 in",9A-219-180,"Mirka®, Model 9A-219-180, 4 in, 6 in, 6 in",,,,,,,,,,,,,,,,,,,,,,,,,,Product,Blade Diameter,4,in,Thickness,6,in,Arbor Size,6,in,,,,,,,,,,,,,,,,,,,,,,,,,,,,,,,,,,,,,,,,,,,,,,,,,,,,,,,,,,,,,,,,,,,,,,,,,,,,,,,,,,,,,,,,,,,,,,,,,,,,,,,,,,,,,,,,,,,,,,,,,,,,,,,,,,,,,,,,,,,,,,,,,,,,,,,,,,,,,,,,,MIRKA_9A-219-180.jpg,,,,,,,,,MIRKA_9A-219-180_Specification_Sheet.pdf,,,,,,,,,,,,,,,,,,Yes
https://www.mirka.com/product/9A-219-120RP,,,,,,,Industrial Supplies,Equipment & Hardware,Tools & Parts,,9A-219-120RP,9A-219-120RP Abranet 4x6x6,,,,Mirka Abrasives Inc (MIRUS),Mirka Abrasives Inc,Mirka®,,9A-219-120RP,,Industrial Equipment,"Mirka, 9A-219-120RP, 4 in, Industrial Grade, Commercial Quality",ABRANET 4X6X6 4IN,Mirka® 9A-219-120RP Abranet 4x6x6 4 in,"Mirka®, Model 9A-219-120RP, 4 in, 6 in, 6 in",9A-219-120RP,"Mirka®, Model 9A-219-120RP, 4 in, 6 in, 6 in",,,,,,,,,,,,,,,,,,,,,,,,,,Product,Blade Diameter,4,in,Thickness,6,in,Arbor Size,6,in,,,,,,,,,,,,,,,,,,,,,,,,,,,,,,,,,,,,,,,,,,,,,,,,,,,,,,,,,,,,,,,,,,,,,,,,,,,,,,,,,,,,,,,,,,,,,,,,,,,,,,,,,,,,,,,,,,,,,,,,,,,,,,,,,,,,,,,,,,,,,,,,,,,,,,,,,,,,,,,,,MIRKA_9A-219-120RP.jpg,,,,,,,,,MIRKA_9A-219-120RP_Specification_Sheet.pdf,,,,,,,,,,,,,,,,,,Yes
https://www.milwaukee.com/product/3033-20,,,,,,,Industrial Supplies,Equipment & Hardware,Tools & Parts,,3033-20,"3033-20 Milw M18 24"" - Hedge Trimmer",,,Milwaukee,Milwaukee Accessory (4031),Milwaukee Electric Tool Corp,Milwaukee®,M18,3033-20,,Industrial Equipment,"Milwaukee, M18, 3033-20, Industrial Grade, Commercial Quality",MILW M18 24,Milwaukee® M18 3033-20 M18 24 in -,"Milwaukee®, M18, Model 3033-20","M18 , 3033-20","Milwaukee®, M18, Model 3033-20",,,,,,,,,,,,,,,,,,,,,,,,,,Product,Series,M18,,,,,,,,,,,,,,,,,,,,,,,,,,,,,,,,,,,,,,,,,,,,,,,,,,,,,,,,,,,,,,,,,,,,,,,,,,,,,,,,,,,,,,,,,,,,,,,,,,,,,,,,,,,,,,,,,,,,,,,,,,,,,,,,,,,,,,,,,,,,,,,,,,,,,,,,,,,,,,,,,,,,,,,,MILWAUKEE_3033-20.jpg,,,,,,,,,MILWAUKEE_3033-20_Specification_Sheet.pdf,,,,,,,,,,,,,,,,,,Yes
https://www.milwaukee.com/product/3033-21,,,,,,,Industrial Supplies,Equipment & Hardware,Tools & Parts,,3033-21,"3033-21 Milw M18 24"" - Hedge Trimmer Kit",,,,Milwaukee Accessory (4031),Milwaukee Electric Tool Corp,Milwaukee®,M18,3033-21,,Industrial Equipment,"Milwaukee, M18, 3033-21, Industrial Grade, Commercial Quality",MILW M18 24,Milwaukee® M18 3033-21 M18 24 in -,"Milwaukee®, M18, Model 3033-21, Kit","M18 , 3033-21","Milwaukee®, M18, Model 3033-21, Kit",,,,,,,,,,,,,,,,,,,,,,,,,,Product,Series,M18,,Configuration,Kit,,,,,,,,,,,,,,,,,,,,,,,,,,,,,,,,,,,,,,,,,,,,,,,,,,,,,,,,,,,,,,,,,,,,,,,,,,,,,,,,,,,,,,,,,,,,,,,,,,,,,,,,,,,,,,,,,,,,,,,,,,,,,,,,,,,,,,,,,,,,,,,,,,,,,,,,,,,,,,,,,,,,,MILWAUKEE_3033-21.jpg,,,,,,,,,MILWAUKEE_3033-21_Specification_Sheet.pdf,,,,,,,,,,,,,,,,,,Yes
https://www.milwaukee.com/product/3034-20,,,,,,,Industrial Supplies,Equipment & Hardware,Tools & Parts,,3034-20,"3034-20 Milw M18 30"" - Hedge Trimmer",,,Milwaukee,Milwaukee Accessory (4031),Milwaukee Electric Tool Corp,Milwaukee®,M18,3034-20,,Industrial Equipment,"Milwaukee, M18, 3034-20, Industrial Grade, Commercial Quality",MILW M18 30,Milwaukee® M18 3034-20 M18 30 in -,"Milwaukee®, M18, Model 3034-20","M18 , 3034-20","Milwaukee®, M18, Model 3034-20",,,,,,,,,,,,,,,,,,,,,,,,,,Product,Series,M18,,,,,,,,,,,,,,,,,,,,,,,,,,,,,,,,,,,,,,,,,,,,,,,,,,,,,,,,,,,,,,,,,,,,,,,,,,,,,,,,,,,,,,,,,,,,,,,,,,,,,,,,,,,,,,,,,,,,,,,,,,,,,,,,,,,,,,,,,,,,,,,,,,,,,,,,,,,,,,,,,,,,,,,,MILWAUKEE_3034-20.jpg,,,,,,,,,MILWAUKEE_3034-20_Specification_Sheet.pdf,,,,,,,,,,,,,,,,,,Yes
https://www.dewalt.com/product/D25333K,,,,,,,Industrial Supplies,Equipment & Hardware,Power Tool,,D25333K,D25333K Dewalt Hammer Drill,,,,Black & Decker/dewlt (2585),Black & Decker/dewlt,DEWALT®,,D25333K,,Power Tool,"DEWALT, Power Tool, D25333K, Industrial Grade, Commercial Quality",POWER TOOL,DEWALT® D25333K Power Tool,"DEWALT®, Power Tool, Model D25333K","Power Tool, D25333K","DEWALT®, Power Tool, Model D25333K",,,,,,,,,,,,,,,,,,,,,,,,,,Power Tool,Item Type,Power Tool,,,,,,,,,,,,,,,,,,,,,,,,,,,,,,,,,,,,,,,,,,,,,,,,,,,,,,,,,,,,,,,,,,,,,,,,,,,,,,,,,,,,,,,,,,,,,,,,,,,,,,,,,,,,,,,,,,,,,,,,,,,,,,,,,,,,,,,,,,,,,,,,,,,,,,,,,,,,,,,,,,,,,,,,DEWALT_D25333K.jpg,,,,,,,,,DEWALT_D25333K_Specification_Sheet.pdf,,,,,,,,,,,,,,,,,,Yes
https://www.dewalt.com/product/DCD803B,,,,,,,Industrial Supplies,Equipment & Hardware,Power Tool,,DCD803B,DCD803B Dewalt Multi-Head Drill Driver,,,,Black & Decker/dewlt (2585),Black & Decker/dewlt,DEWALT®,,DCD803B,,Power Tool,"DEWALT, Power Tool, DCD803B, Industrial Grade, Commercial Quality",POWER TOOL,DEWALT® DCD803B Power Tool,"DEWALT®, Power Tool, Model DCD803B","Power Tool, DCD803B","DEWALT®, Power Tool, Model DCD803B",,,,,,,,,,,,,,,,,,,,,,,,,,Power Tool,Item Type,Power Tool,,,,,,,,,,,,,,,,,,,,,,,,,,,,,,,,,,,,,,,,,,,,,,,,,,,,,,,,,,,,,,,,,,,,,,,,,,,,,,,,,,,,,,,,,,,,,,,,,,,,,,,,,,,,,,,,,,,,,,,,,,,,,,,,,,,,,,,,,,,,,,,,,,,,,,,,,,,,,,,,,,,,,,,,DEWALT_DCD803B.jpg,,,,,,,,,DEWALT_DCD803B_Specification_Sheet.pdf,,,,,,,,,,,,,,,,,,Yes
https://www.dewalt.com/product/DCF860B,,,,,,,Industrial Supplies,Equipment & Hardware,Tools & Parts,,DCF860B,DCF860B Dewalt 20V Impact - Driver Drill,,,,Black & Decker/dewlt (2585),Black & Decker/dewlt,DEWALT®,,DCF860B,,Industrial Equipment,"DEWALT, DCF860B, 20 V, Industrial Grade, Commercial Quality, Heavy Duty",DEWALT 20 V 20V,DEWALT® DCF860B 20 V Impact -,"DEWALT®, Model DCF860B, 20 V",DCF860B,"DEWALT®, Model DCF860B, 20 V",,,,,,,,,,,,,,,,,,,,,,,,,,Product,Voltage,20,V,,,,,,,,,,,,,,,,,,,,,,,,,,,,,,,,,,,,,,,,,,,,,,,,,,,,,,,,,,,,,,,,,,,,,,,,,,,,,,,,,,,,,,,,,,,,,,,,,,,,,,,,,,,,,,,,,,,,,,,,,,,,,,,,,,,,,,,,,,,,,,,,,,,,,,,,,,,,,,,,,,,,,,,DEWALT_DCF860B.jpg,,,,,,,,,DEWALT_DCF860B_Specification_Sheet.pdf,,,,,,,,,,,,,,,,,,Yes
https://www.milwaukee.com/product/3401-20,,,,,,,Industrial Supplies,Equipment & Hardware,Power Tool,,3401-20,3401-20 Milw M12 Drill Driver - Brushless Compact (Bare),,,,Milwaukee Accessory (4031),Milwaukee Electric Tool Corp,Milwaukee®,M12,3401-20,,Power Tool,"Milwaukee, Power Tool, M12, 3401-20, Industrial Grade, Commercial Quality",POWER TOOL,Milwaukee® M12 3401-20 Power Tool,"Milwaukee®, M12, Power Tool, Model 3401-20, Bare Tool","M12 Power Tool, 3401-20","Milwaukee®, M12, Power Tool, Model 3401-20, Bare Tool",,,,,,,,,,,,,,,,,,,,,,,,,,Power Tool,Item Type,Power Tool,,Series,M12,,Configuration,Bare Tool,,,,,,,,,,,,,,,,,,,,,,,,,,,,,,,,,,,,,,,,,,,,,,,,,,,,,,,,,,,,,,,,,,,,,,,,,,,,,,,,,,,,,,,,,,,,,,,,,,,,,,,,,,,,,,,,,,,,,,,,,,,,,,,,,,,,,,,,,,,,,,,,,,,,,,,,,,,,,,,,,,MILWAUKEE_3401-20.jpg,,,,,,,,,MILWAUKEE_3401-20_Specification_Sheet.pdf,,,,,,,,,,,,,,,,,,Yes
https://www.kreg.com/product/KPTDR050A,,,,,,,Industrial Supplies,Equipment & Hardware,Tools & Parts,,KPTDR050A,KPTDR050A Kreg 20V Ionic Compact Drill,,,,Kreg Tool Company (KRETO),Kreg Tool Company,Kreg®,,KPTDR050A,,Industrial Equipment,"Kreg, KPTDR050A, 20 V, Industrial Grade, Commercial Quality, Heavy Duty",KREG 20 V 20V,Kreg® KPTDR050A 20 V Ionic Compact,"Kreg®, Model KPTDR050A, 20 V",KPTDR050A,"Kreg®, Model KPTDR050A, 20 V",,,,,,,,,,,,,,,,,,,,,,,,,,Product,Voltage,20,V,,,,,,,,,,,,,,,,,,,,,,,,,,,,,,,,,,,,,,,,,,,,,,,,,,,,,,,,,,,,,,,,,,,,,,,,,,,,,,,,,,,,,,,,,,,,,,,,,,,,,,,,,,,,,,,,,,,,,,,,,,,,,,,,,,,,,,,,,,,,,,,,,,,,,,,,,,,,,,,,,,,,,,,KREG_KPTDR050A.jpg,,,,,,,,,KREG_KPTDR050A_Specification_Sheet.pdf,,,,,,,,,,,,,,,,,,Yes
https://www.dewalt.com/product/DCD1007B,,,,,,,Industrial Supplies,Equipment & Hardware,Power Tool,,DCD1007B,"DCD1007B Dewalt 20V Cordless - 1/2"" Hammer Drill (Bare)",,,DEWALT,Black & Decker/dewlt (2585),Black & Decker/dewlt,DEWALT®,,DCD1007B,,Power Tool,"DEWALT, Power Tool, DCD1007B, 20 V, Industrial Grade, Commercial Quality",POWER TOOL 20V,DEWALT® DCD1007B Power Tool 20 V,"DEWALT®, Power Tool, Model DCD1007B, 20 V, Bare Tool","Power Tool, DCD1007B","DEWALT®, Power Tool, Model DCD1007B, 20 V, Bare Tool",,,,,,,,,,,,,,,,,,,,,,,,,,Power Tool,Item Type,Power Tool,,Voltage,20,V,Configuration,Bare Tool,,,,,,,,,,,,,,,,,,,,,,,,,,,,,,,,,,,,,,,,,,,,,,,,,,,,,,,,,,,,,,,,,,,,,,,,,,,,,,,,,,,,,,,,,,,,,,,,,,,,,,,,,,,,,,,,,,,,,,,,,,,,,,,,,,,,,,,,,,,,,,,,,,,,,,,,,,,,,,,,,,DEWALT_DCD1007B.jpg,,,,,,,,,DEWALT_DCD1007B_Specification_Sheet.pdf,,,,,,,,,,,,,,,,,,Yes
https://www.dewalt.com/product/DCD799B,,,,,,,Industrial Supplies,Equipment & Hardware,Tools & Parts,,DCD799B,DCD799B Dewalt Drill,,,,Black & Decker/dewlt (2585),Black & Decker/dewlt,DEWALT®,,DCD799B,,Industrial Equipment,"DEWALT, DCD799B, Industrial Grade, Commercial Quality, Professional Performance",DEWALT DRILL,DEWALT® DCD799B Drill,"DEWALT®, Model DCD799B",DCD799B,"DEWALT®, Model DCD799B",,,,,,,,,,,,,,,,,,,,,,,,,,Product,,,,,,,,,,,,,,,,,,,,,,,,,,,,,,,,,,,,,,,,,,,,,,,,,,,,,,,,,,,,,,,,,,,,,,,,,,,,,,,,,,,,,,,,,,,,,,,,,,,,,,,,,,,,,,,,,,,,,,,,,,,,,,,,,,,,,,,,,,,,,,,,,,,,,,,,,,,,,,,,,,,,,,,,,,DEWALT_DCD799B.jpg,,,,,,,,,DEWALT_DCD799B_Specification_Sheet.pdf,,,,,,,,,,,,,,,,,,Yes
https://www.kingcanada.com/product/58006,,,,,,,Industrial Supplies,Equipment & Hardware,Tools & Parts,,58006,58006 Voyager Drill Press,,,,King Canada Inc (KINCA),King Canada Inc,King Canada®,,58006,,Industrial Equipment,"King Canada, 58006, Industrial Grade, Commercial Quality, Heavy Duty",VOYAGER DRILL PRESS,King Canada® 58006 Voyager Drill Press,"King Canada®, Model 58006",58006,"King Canada®, Model 58006",,,,,,,,,,,,,,,,,,,,,,,,,,Product,,,,,,,,,,,,,,,,,,,,,,,,,,,,,,,,,,,,,,,,,,,,,,,,,,,,,,,,,,,,,,,,,,,,,,,,,,,,,,,,,,,,,,,,,,,,,,,,,,,,,,,,,,,,,,,,,,,,,,,,,,,,,,,,,,,,,,,,,,,,,,,,,,,,,,,,,,,,,,,,,,,,,,,,,,KING_CANADA_58006.jpg,,,,,,,,,KING_CANADA_58006_Specification_Sheet.pdf,,,,,,,,,,,,,,,,,,Yes
https://www.milwaukee.com/product/2909-20,,,,,,,Industrial Supplies,Equipment & Hardware,Tools & Parts,,2909-20,2909-20 Milw Roofing Nailer - M18,,,Milwaukee,Milwaukee Accessory (4031),Milwaukee Electric Tool Corp,Milwaukee®,M18,2909-20,,Industrial Equipment,"Milwaukee, M18, 2909-20, Industrial Grade, Commercial Quality",MILW ROOFING NAILER,Milwaukee® M18 2909-20 Roofing Nailer - M18,"Milwaukee®, M18, Model 2909-20","M18 , 2909-20","Milwaukee®, M18, Model 2909-20",,,,,,,,,,,,,,,,,,,,,,,,,,Product,Series,M18,,,,,,,,,,,,,,,,,,,,,,,,,,,,,,,,,,,,,,,,,,,,,,,,,,,,,,,,,,,,,,,,,,,,,,,,,,,,,,,,,,,,,,,,,,,,,,,,,,,,,,,,,,,,,,,,,,,,,,,,,,,,,,,,,,,,,,,,,,,,,,,,,,,,,,,,,,,,,,,,,,,,,,,,MILWAUKEE_2909-20.jpg,,,,,,,,,MILWAUKEE_2909-20_Specification_Sheet.pdf,,,,,,,,,,,,,,,,,,Yes
https://www.milwaukee.com/product/2909-21,,,,,,,Industrial Supplies,Equipment & Hardware,Tools & Parts,,2909-21,2909-21 Milw M18 Coil Roofing - Nailer Kit,,,Milwaukee,Milwaukee Accessory (4031),Milwaukee Electric Tool Corp,Milwaukee®,M18,2909-21,,Industrial Equipment,"Milwaukee, M18, 2909-21, Industrial Grade, Commercial Quality",MILW M18 COIL,Milwaukee® M18 2909-21 M18 Coil Roofing -,"Milwaukee®, M18, Model 2909-21, Kit","M18 , 2909-21","Milwaukee®, M18, Model 2909-21, Kit",,,,,,,,,,,,,,,,,,,,,,,,,,Product,Series,M18,,Configuration,Kit,,,,,,,,,,,,,,,,,,,,,,,,,,,,,,,,,,,,,,,,,,,,,,,,,,,,,,,,,,,,,,,,,,,,,,,,,,,,,,,,,,,,,,,,,,,,,,,,,,,,,,,,,,,,,,,,,,,,,,,,,,,,,,,,,,,,,,,,,,,,,,,,,,,,,,,,,,,,,,,,,,,,,MILWAUKEE_2909-21.jpg,,,,,,,,,MILWAUKEE_2909-21_Specification_Sheet.pdf,,,,,,,,,,,,,,,,,,Yes
https://www.nationalnail.com/product/918200,,,,,,,Industrial Supplies,Equipment & Hardware,Tools & Parts,,918200,918200 Paslode CT200S24 18Ga ST Brad Nailer,,,,National Nail Corp (7439),National Nail Corp,National Nail®,,918200,,Industrial Equipment,"National Nail, 918200, Industrial Grade, Commercial Quality, Heavy Duty",PASLODE CT200S24 18,National Nail® 918200 Paslode CT200S24 18 Ga,"National Nail®, Model 918200",918200,"National Nail®, Model 918200",,,,,,,,,,,,,,,,,,,,,,,,,,Product,,,,,,,,,,,,,,,,,,,,,,,,,,,,,,,,,,,,,,,,,,,,,,,,,,,,,,,,,,,,,,,,,,,,,,,,,,,,,,,,,,,,,,,,,,,,,,,,,,,,,,,,,,,,,,,,,,,,,,,,,,,,,,,,,,,,,,,,,,,,,,,,,,,,,,,,,,,,,,,,,,,,,,,,,,NATIONAL_NAIL_918200.jpg,,,,,,,,,NATIONAL_NAIL_918200_Specification_Sheet.pdf,,,,,,,,,,,,,,,,,,Yes
https://www.milwaukee.com/product/2541-20,,,,,,,Industrial Supplies,Equipment & Hardware,Tools & Parts,,2541-20,2541-20 Milw M12 - Compact Brad Nailer (Bare),,,,Milwaukee Accessory (4031),Milwaukee Electric Tool Corp,Milwaukee®,M12,2541-20,,Industrial Equipment,"Milwaukee, M12, 2541-20, Industrial Grade, Commercial Quality",MILW M12 -,Milwaukee® M12 2541-20 M12 - Compact Brad,"Milwaukee®, M12, Model 2541-20, Bare Tool","M12 , 2541-20","Milwaukee®, M12, Model 2541-20, Bare Tool",,,,,,,,,,,,,,,,,,,,,,,,,,Product,Series,M12,,Configuration,Bare Tool,,,,,,,,,,,,,,,,,,,,,,,,,,,,,,,,,,,,,,,,,,,,,,,,,,,,,,,,,,,,,,,,,,,,,,,,,,,,,,,,,,,,,,,,,,,,,,,,,,,,,,,,,,,,,,,,,,,,,,,,,,,,,,,,,,,,,,,,,,,,,,,,,,,,,,,,,,,,,,,,,,,,,MILWAUKEE_2541-20.jpg,,,,,,,,,MILWAUKEE_2541-20_Specification_Sheet.pdf,,,,,,,,,,,,,,,,,,Yes
https://www.dewalt.com/product/DCN930B,,,,,,,Industrial Supplies,Equipment & Hardware,Tools & Parts,,DCN930B,DCN930B Dewalt 20V 30 Degree - Framing Nailer,,,DEWALT,Black & Decker/dewlt (2585),Black & Decker/dewlt,DEWALT®,,DCN930B,,Industrial Equipment,"DEWALT, DCN930B, 20 V, Industrial Grade, Commercial Quality, Heavy Duty",DEWALT 20 V 20V,DEWALT® DCN930B 20 V 30 Degree,"DEWALT®, Model DCN930B, 20 V",DCN930B,"DEWALT®, Model DCN930B, 20 V",,,,,,,,,,,,,,,,,,,,,,,,,,Product,Voltage,20,V,,,,,,,,,,,,,,,,,,,,,,,,,,,,,,,,,,,,,,,,,,,,,,,,,,,,,,,,,,,,,,,,,,,,,,,,,,,,,,,,,,,,,,,,,,,,,,,,,,,,,,,,,,,,,,,,,,,,,,,,,,,,,,,,,,,,,,,,,,,,,,,,,,,,,,,,,,,,,,,,,,,,,,,DEWALT_DCN930B.jpg,,,,,,,,,DEWALT_DCN930B_Specification_Sheet.pdf,,,,,,,,,,,,,,,,,,Yes
https://www.dewalt.com/product/DCN930P1,,,,,,,Industrial Supplies,Equipment & Hardware,Tools & Parts,,DCN930P1,DCN930P1 Dewalt 20V 30 Degree - Framing Nailer Kit,,,DEWALT,Black & Decker/dewlt (2585),Black & Decker/dewlt,DEWALT®,,DCN930P1,,Industrial Equipment,"DEWALT, DCN930P1, 20 V, Industrial Grade, Commercial Quality",DEWALT 20 V 20V,DEWALT® DCN930P1 20 V 30 Degree,"DEWALT®, Model DCN930P1, 20 V, Kit",DCN930P1,"DEWALT®, Model DCN930P1, 20 V, Kit",,,,,,,,,,,,,,,,,,,,,,,,,,Product,Voltage,20,V,Configuration,Kit,,,,,,,,,,,,,,,,,,,,,,,,,,,,,,,,,,,,,,,,,,,,,,,,,,,,,,,,,,,,,,,,,,,,,,,,,,,,,,,,,,,,,,,,,,,,,,,,,,,,,,,,,,,,,,,,,,,,,,,,,,,,,,,,,,,,,,,,,,,,,,,,,,,,,,,,,,,,,,,,,,,,,DEWALT_DCN930P1.jpg,,,,,,,,,DEWALT_DCN930P1_Specification_Sheet.pdf,,,,,,,,,,,,,,,,,,Yes
https://www.makita.com/product/XNB04Z,,,,,,,Industrial Supplies,Equipment & Hardware,Tools & Parts,,XNB04Z,"XNB04Z Makita 18V 2"" Brad Nailer 18GA (Bare)",,,,Makita Usa Inc (5142),Makita USA Inc,Makita®,,XNB04Z,,Industrial Equipment,"Makita, XNB04Z, 18 V, Industrial Grade, Commercial Quality, Heavy Duty",MAKITA 18 V 18V,Makita® XNB04Z 18 V 2 in,"Makita®, Model XNB04Z, 18 V, Bare Tool",XNB04Z,"Makita®, Model XNB04Z, 18 V, Bare Tool",,,,,,,,,,,,,,,,,,,,,,,,,,Product,Voltage,18,V,Configuration,Bare Tool,,,,,,,,,,,,,,,,,,,,,,,,,,,,,,,,,,,,,,,,,,,,,,,,,,,,,,,,,,,,,,,,,,,,,,,,,,,,,,,,,,,,,,,,,,,,,,,,,,,,,,,,,,,,,,,,,,,,,,,,,,,,,,,,,,,,,,,,,,,,,,,,,,,,,,,,,,,,,,,,,,,,,MAKITA_XNB04Z.jpg,,,,,,,,,MAKITA_XNB04Z_Specification_Sheet.pdf,,,,,,,,,,,,,,,,,,Yes
https://www.makita.com/product/XNB05Z,,,,,,,Industrial Supplies,Equipment & Hardware,Tools & Parts,,XNB05Z,"XNB05Z Makita 18V 2-1/2"" Straight Finish Nailer 16GA",,,,Makita Usa Inc (5142),Makita USA Inc,Makita®,,XNB05Z,,Industrial Equipment,"Makita, XNB05Z, 18 V, Industrial Grade, Commercial Quality, Heavy Duty",MAKITA 18 V 18V,Makita® XNB05Z 18 V 2-1/2 in,"Makita®, Model XNB05Z, 18 V",XNB05Z,"Makita®, Model XNB05Z, 18 V",,,,,,,,,,,,,,,,,,,,,,,,,,Product,Voltage,18,V,,,,,,,,,,,,,,,,,,,,,,,,,,,,,,,,,,,,,,,,,,,,,,,,,,,,,,,,,,,,,,,,,,,,,,,,,,,,,,,,,,,,,,,,,,,,,,,,,,,,,,,,,,,,,,,,,,,,,,,,,,,,,,,,,,,,,,,,,,,,,,,,,,,,,,,,,,,,,,,,,,,,,,,MAKITA_XNB05Z.jpg,,,,,,,,,MAKITA_XNB05Z_Specification_Sheet.pdf,,,,,,,,,,,,,,,,,,Yes
https://www.makita.com/product/XNB06Z,,,,,,,Industrial Supplies,Equipment & Hardware,Tools & Parts,,XNB06Z,"XNB06Z Makita 18V 2-1/2"" Angled Finish Nailer 16GA",,,,Makita Usa Inc (5142),Makita USA Inc,Makita®,,XNB06Z,,Industrial Equipment,"Makita, XNB06Z, 18 V, Industrial Grade, Commercial Quality, Heavy Duty",MAKITA 18 V 18V,Makita® XNB06Z 18 V 2-1/2 in,"Makita®, Model XNB06Z, 18 V",XNB06Z,"Makita®, Model XNB06Z, 18 V",,,,,,,,,,,,,,,,,,,,,,,,,,Product,Voltage,18,V,,,,,,,,,,,,,,,,,,,,,,,,,,,,,,,,,,,,,,,,,,,,,,,,,,,,,,,,,,,,,,,,,,,,,,,,,,,,,,,,,,,,,,,,,,,,,,,,,,,,,,,,,,,,,,,,,,,,,,,,,,,,,,,,,,,,,,,,,,,,,,,,,,,,,,,,,,,,,,,,,,,,,,,MAKITA_XNB06Z.jpg,,,,,,,,,MAKITA_XNB06Z_Specification_Sheet.pdf,,,,,,,,,,,,,,,,,,Yes
https://www.makita.com/product/XNB07Z,,,,,,,Industrial Supplies,Equipment & Hardware,Tools & Parts,,XNB07Z,XNB07Z Makita 18V LXT BL 30 Nailer (Bare),,,,Makita Usa Inc (5142),Makita USA Inc,Makita®,,XNB07Z,,Industrial Equipment,"Makita, XNB07Z, 18 V, Industrial Grade, Commercial Quality, Heavy Duty",MAKITA 18 V 18V,Makita® XNB07Z 18 V LXT BL,"Makita®, Model XNB07Z, 18 V, Bare Tool",XNB07Z,"Makita®, Model XNB07Z, 18 V, Bare Tool",,,,,,,,,,,,,,,,,,,,,,,,,,Product,Voltage,18,V,Configuration,Bare Tool,,,,,,,,,,,,,,,,,,,,,,,,,,,,,,,,,,,,,,,,,,,,,,,,,,,,,,,,,,,,,,,,,,,,,,,,,,,,,,,,,,,,,,,,,,,,,,,,,,,,,,,,,,,,,,,,,,,,,,,,,,,,,,,,,,,,,,,,,,,,,,,,,,,,,,,,,,,,,,,,,,,,,MAKITA_XNB07Z.jpg,,,,,,,,,MAKITA_XNB07Z_Specification_Sheet.pdf,,,,,,,,,,,,,,,,,,Yes
https://www.dewalt.com/product/DZN930,,,,,,,Industrial Supplies,Equipment & Hardware,Tools & Parts,,DZN930,DZN930 Dewalt 30 Degree - Framing Magazine,,,,Black & Decker/dewlt (2585),Black & Decker/dewlt,DEWALT®,,DZN930,,Industrial Equipment,"DEWALT, DZN930, Industrial Grade, Commercial Quality, Professional Performance",DEWALT 30 DEGREE,DEWALT® DZN930 30 Degree - Framing,"DEWALT®, Model DZN930",DZN930,"DEWALT®, Model DZN930",,,,,,,,,,,,,,,,,,,,,,,,,,Product,,,,,,,,,,,,,,,,,,,,,,,,,,,,,,,,,,,,,,,,,,,,,,,,,,,,,,,,,,,,,,,,,,,,,,,,,,,,,,,,,,,,,,,,,,,,,,,,,,,,,,,,,,,,,,,,,,,,,,,,,,,,,,,,,,,,,,,,,,,,,,,,,,,,,,,,,,,,,,,,,,,,,,,,,,DEWALT_DZN930.jpg,,,,,,,,,DEWALT_DZN930_Specification_Sheet.pdf,,,,,,,,,,,,,,,,,,Yes
https://www.vessel.com/product/220USB25U,,,,,,,Industrial Supplies,Equipment & Hardware,Tools & Parts,,220USB25U,220USB25U Vessel Screwdriver w/25pc Bit Set,,,,Vessel Tools USA Inc (VESTO),Vessel Tools USA Inc,Vessel®,,220USB25U,,Industrial Equipment,"Vessel, 220USB25U, 25 pc, Industrial Grade, Commercial Quality",VESSEL SCREWDRIVER W/25PC,Vessel® 220USB25U Screwdriver w/25pc Bit Set 25 pc,"Vessel®, Model 220USB25U, 25 pc",220USB25U,"Vessel®, Model 220USB25U, 25 pc",,,,,,,,,,,,,,,,,,,,,,,,,,Product,Package Quantity,25,pc,,,,,,,,,,,,,,,,,,,,,,,,,,,,,,,,,,,,,,,,,,,,,,,,,,,,,,,,,,,,,,,,,,,,,,,,,,,,,,,,,,,,,,,,,,,,,,,,,,,,,,,,,,,,,,,,,,,,,,,,,,,,,,,,,,,,,,,,,,,,,,,,,,,,,,,,,,,,,,,,,,,,,,,VESSEL_220USB25U.jpg,,,,,,,,,VESSEL_220USB25U_Specification_Sheet.pdf,,,,,,,,,,,,,,,,,,Yes
https://www.makita.com/product/XRF03Z,,,,,,,Industrial Supplies,Equipment & Hardware,Tools & Parts,,XRF03Z,XRF03Z Makita 18V Screwdriver - Autofeed,,,,Makita Usa Inc (5142),Makita USA Inc,Makita®,,XRF03Z,,Industrial Equipment,"Makita, XRF03Z, 18 V, Industrial Grade, Commercial Quality, Heavy Duty",MAKITA 18 V 18V,Makita® XRF03Z 18 V Screwdriver -,"Makita®, Model XRF03Z, 18 V",XRF03Z,"Makita®, Model XRF03Z, 18 V",,,,,,,,,,,,,,,,,,,,,,,,,,Product,Voltage,18,V,,,,,,,,,,,,,,,,,,,,,,,,,,,,,,,,,,,,,,,,,,,,,,,,,,,,,,,,,,,,,,,,,,,,,,,,,,,,,,,,,,,,,,,,,,,,,,,,,,,,,,,,,,,,,,,,,,,,,,,,,,,,,,,,,,,,,,,,,,,,,,,,,,,,,,,,,,,,,,,,,,,,,,,MAKITA_XRF03Z.jpg,,,,,,,,,MAKITA_XRF03Z_Specification_Sheet.pdf,,,,,,,,,,,,,,,,,,Yes
https://www.vessel.com/product/220USBP5U,,,,,,,Industrial Supplies,Equipment & Hardware,Tools & Parts,,220USBP5U,220USBP5U Vessel Screwdriver Plus w/5pc Bit Set,,,,Vessel Tools USA Inc (VESTO),Vessel Tools USA Inc,Vessel®,,220USBP5U,,Industrial Equipment,"Vessel, 220USBP5U, 5 pc, Industrial Grade, Commercial Quality",VESSEL SCREWDRIVER PLUS 5PC,Vessel® 220USBP5U Screwdriver Plus w/5pc Bit 5 pc,"Vessel®, Model 220USBP5U, 5 pc",220USBP5U,"Vessel®, Model 220USBP5U, 5 pc",,,,,,,,,,,,,,,,,,,,,,,,,,Product,Package Quantity,5,pc,,,,,,,,,,,,,,,,,,,,,,,,,,,,,,,,,,,,,,,,,,,,,,,,,,,,,,,,,,,,,,,,,,,,,,,,,,,,,,,,,,,,,,,,,,,,,,,,,,,,,,,,,,,,,,,,,,,,,,,,,,,,,,,,,,,,,,,,,,,,,,,,,,,,,,,,,,,,,,,,,,,,,,,VESSEL_220USBP5U.jpg,,,,,,,,,VESSEL_220USBP5U_Specification_Sheet.pdf,,,,,,,,,,,,,,,,,,Yes
https://www.milwaukee.com/product/49-66-4567,,,,,,,Industrial Supplies,Equipment & Hardware,Power Tool,,49-66-4567,"49-66-4567 Milw 6"" Magnetic - Impact Driver Set 6pc",,,,Milwaukee Accessory (4031),Milwaukee Electric Tool Corp,Milwaukee®,,49-66-4567,,Power Tool,"Milwaukee, Power Tool, 49-66-4567, 6 pc, Industrial Grade, Commercial Quality",POWER TOOL 6PC,Milwaukee® 49-66-4567 Power Tool 6 pc,"Milwaukee®, Power Tool, Model 49-66-4567, 6 pc","Power Tool, 49-66-4567","Milwaukee®, Power Tool, Model 49-66-4567, 6 pc",,,,,,,,,,,,,,,,,,,,,,,,,,Power Tool,Item Type,Power Tool,,Package Quantity,6,pc,,,,,,,,,,,,,,,,,,,,,,,,,,,,,,,,,,,,,,,,,,,,,,,,,,,,,,,,,,,,,,,,,,,,,,,,,,,,,,,,,,,,,,,,,,,,,,,,,,,,,,,,,,,,,,,,,,,,,,,,,,,,,,,,,,,,,,,,,,,,,,,,,,,,,,,,,,,,,,,,,,,,MILWAUKEE_49-66-4567.jpg,,,,,,,,,MILWAUKEE_49-66-4567_Specification_Sheet.pdf,,,,,,,,,,,,,,,,,,Yes
https://www.vessel.com/product/IBMG90K003,,,,,,,Industrial Supplies,Equipment & Hardware,Tools & Parts,,IBMG90K003,"IBMG90K003 Vessel Impact Ball Torsion Bit Assort 5pc 3.5""",,,,Vessel Tools USA Inc (VESTO),Vessel Tools USA Inc,Vessel®,,IBMG90K003,,Industrial Equipment,"Vessel, IBMG90K003, 5 pc, Industrial Grade, Commercial Quality",VESSEL IMPACT BALL 5PC,Vessel® IBMG90K003 Impact Ball Torsion Bit 5 pc,"Vessel®, Model IBMG90K003, 5 pc",IBMG90K003,"Vessel®, Model IBMG90K003, 5 pc",,,,,,,,,,,,,,,,,,,,,,,,,,Product,Package Quantity,5,pc,,,,,,,,,,,,,,,,,,,,,,,,,,,,,,,,,,,,,,,,,,,,,,,,,,,,,,,,,,,,,,,,,,,,,,,,,,,,,,,,,,,,,,,,,,,,,,,,,,,,,,,,,,,,,,,,,,,,,,,,,,,,,,,,,,,,,,,,,,,,,,,,,,,,,,,,,,,,,,,,,,,,,,,VESSEL_IBMG90K003.jpg,,,,,,,,,VESSEL_IBMG90K003_Specification_Sheet.pdf,,,,,,,,,,,,,,,,,,Yes
https://www.vessel.com/product/IBPH250P15T,,,,,,,Industrial Supplies,Equipment & Hardware,Tools & Parts,,IBPH250P15T,"IBPH250P15T Vessel Torsion Bit 2"" 15pc",,,,Vessel Tools USA Inc (VESTO),Vessel Tools USA Inc,Vessel®,,IBPH250P15T,,Industrial Equipment,"Vessel, IBPH250P15T, 15 pc, Industrial Grade, Commercial Quality",VESSEL TORSION BIT 15PC,Vessel® IBPH250P15T Torsion Bit 2 in 15 pc,"Vessel®, Model IBPH250P15T, 15 pc",IBPH250P15T,"Vessel®, Model IBPH250P15T, 15 pc",,,,,,,,,,,,,,,,,,,,,,,,,,Product,Package Quantity,15,pc,,,,,,,,,,,,,,,,,,,,,,,,,,,,,,,,,,,,,,,,,,,,,,,,,,,,,,,,,,,,,,,,,,,,,,,,,,,,,,,,,,,,,,,,,,,,,,,,,,,,,,,,,,,,,,,,,,,,,,,,,,,,,,,,,,,,,,,,,,,,,,,,,,,,,,,,,,,,,,,,,,,,,,,VESSEL_IBPH250P15T.jpg,,,,,,,,,VESSEL_IBPH250P15T_Specification_Sheet.pdf,,,,,,,,,,,,,,,,,,Yes
https://www.diablo.com/product/DPH12B,,,,,,,Industrial Supplies,Equipment & Hardware,Tools & Parts,,DPH12B,"DPH12B 2"" #1 Phillips Drive - Bit",,,Diablo,Freud Inc (2435),Freud America Inc,Diablo®,,DPH12B,,Industrial Equipment,"Diablo, DPH12B, Industrial Grade, Commercial Quality, Professional Performance",2 IN 1,Diablo® DPH12B 2 in #1 Phillips,"Diablo®, Model DPH12B",DPH12B,"Diablo®, Model DPH12B",,,,,,,,,,,,,,,,,,,,,,,,,,Product,,,,,,,,,,,,,,,,,,,,,,,,,,,,,,,,,,,,,,,,,,,,,,,,,,,,,,,,,,,,,,,,,,,,,,,,,,,,,,,,,,,,,,,,,,,,,,,,,,,,,,,,,,,,,,,,,,,,,,,,,,,,,,,,,,,,,,,,,,,,,,,,,,,,,,,,,,,,,,,,,,,,,,,,,,DIABLO_DPH12B.jpg,,,,,,,,,DIABLO_DPH12B_Specification_Sheet.pdf,,,,,,,,,,,,,,,,,,Yes
https://www.diablo.com/product/DPH135B,,,,,,,Industrial Supplies,Equipment & Hardware,Tools & Parts,,DPH135B,"DPH135B 3-1/2"" #1 Phillips - Drive Bit",,,Diablo,Freud Inc (2435),Freud America Inc,Diablo®,,DPH135B,,Industrial Equipment,"Diablo, DPH135B, Industrial Grade, Commercial Quality, Professional Performance",3-1/2 IN 1,Diablo® DPH135B 3-1/2 in #1 Phillips,"Diablo®, Model DPH135B",DPH135B,"Diablo®, Model DPH135B",,,,,,,,,,,,,,,,,,,,,,,,,,Product,,,,,,,,,,,,,,,,,,,,,,,,,,,,,,,,,,,,,,,,,,,,,,,,,,,,,,,,,,,,,,,,,,,,,,,,,,,,,,,,,,,,,,,,,,,,,,,,,,,,,,,,,,,,,,,,,,,,,,,,,,,,,,,,,,,,,,,,,,,,,,,,,,,,,,,,,,,,,,,,,,,,,,,,,,DIABLO_DPH135B.jpg,,,,,,,,,DIABLO_DPH135B_Specification_Sheet.pdf,,,,,,,,,,,,,,,,,,Yes
https://www.diablo.com/product/DPH21B,,,,,,,Industrial Supplies,Equipment & Hardware,Tools & Parts,,DPH21B,"DPH21B 1"" #2 Phillips Drive - Bit",,,Diablo,Freud Inc (2435),Freud America Inc,Diablo®,,DPH21B,,Industrial Equipment,"Diablo, DPH21B, Industrial Grade, Commercial Quality, Professional Performance",1 IN 2,Diablo® DPH21B 1 in #2 Phillips,"Diablo®, Model DPH21B",DPH21B,"Diablo®, Model DPH21B",,,,,,,,,,,,,,,,,,,,,,,,,,Product,,,,,,,,,,,,,,,,,,,,,,,,,,,,,,,,,,,,,,,,,,,,,,,,,,,,,,,,,,,,,,,,,,,,,,,,,,,,,,,,,,,,,,,,,,,,,,,,,,,,,,,,,,,,,,,,,,,,,,,,,,,,,,,,,,,,,,,,,,,,,,,,,,,,,,,,,,,,,,,,,,,,,,,,,,DIABLO_DPH21B.jpg,,,,,,,,,DIABLO_DPH21B_Specification_Sheet.pdf,,,,,,,,,,,,,,,,,,Yes
https://www.diablo.com/product/DPH22B,,,,,,,Industrial Supplies,Equipment & Hardware,Tools & Parts,,DPH22B,"DPH22B 2"" #2 Phillips Drive - Bit",,,Diablo,Freud Inc (2435),Freud America Inc,Diablo®,,DPH22B,,Industrial Equipment,"Diablo, DPH22B, Industrial Grade, Commercial Quality, Professional Performance",2 IN 2,Diablo® DPH22B 2 in #2 Phillips,"Diablo®, Model DPH22B",DPH22B,"Diablo®, Model DPH22B",,,,,,,,,,,,,,,,,,,,,,,,,,Product,,,,,,,,,,,,,,,,,,,,,,,,,,,,,,,,,,,,,,,,,,,,,,,,,,,,,,,,,,,,,,,,,,,,,,,,,,,,,,,,,,,,,,,,,,,,,,,,,,,,,,,,,,,,,,,,,,,,,,,,,,,,,,,,,,,,,,,,,,,,,,,,,,,,,,,,,,,,,,,,,,,,,,,,,,DIABLO_DPH22B.jpg,,,,,,,,,DIABLO_DPH22B_Specification_Sheet.pdf,,,,,,,,,,,,,,,,,,Yes
https://www.diablo.com/product/DPH235B,,,,,,,Industrial Supplies,Equipment & Hardware,Tools & Parts,,DPH235B,"DPH235B 3-1/2"" #2 Phillips - Drive Bit",,,Diablo,Freud Inc (2435),Freud America Inc,Diablo®,,DPH235B,,Industrial Equipment,"Diablo, DPH235B, Industrial Grade, Commercial Quality, Professional Performance",3-1/2 IN 2,Diablo® DPH235B 3-1/2 in #2 Phillips,"Diablo®, Model DPH235B",DPH235B,"Diablo®, Model DPH235B",,,,,,,,,,,,,,,,,,,,,,,,,,Product,,,,,,,,,,,,,,,,,,,,,,,,,,,,,,,,,,,,,,,,,,,,,,,,,,,,,,,,,,,,,,,,,,,,,,,,,,,,,,,,,,,,,,,,,,,,,,,,,,,,,,,,,,,,,,,,,,,,,,,,,,,,,,,,,,,,,,,,,,,,,,,,,,,,,,,,,,,,,,,,,,,,,,,,,,DIABLO_DPH235B.jpg,,,,,,,,,DIABLO_DPH235B_Specification_Sheet.pdf,,,,,,,,,,,,,,,,,,Yes
https://www.diablo.com/product/DPH26B,,,,,,,Industrial Supplies,Equipment & Hardware,Tools & Parts,,DPH26B,"DPH26B 6"" #2 Phillips Drive - Bit",,,Diablo,Freud Inc (2435),Freud America Inc,Diablo®,,DPH26B,,Industrial Equipment,"Diablo, DPH26B, Industrial Grade, Commercial Quality, Professional Performance",6 IN 2,Diablo® DPH26B 6 in #2 Phillips,"Diablo®, Model DPH26B",DPH26B,"Diablo®, Model DPH26B",,,,,,,,,,,,,,,,,,,,,,,,,,Product,,,,,,,,,,,,,,,,,,,,,,,,,,,,,,,,,,,,,,,,,,,,,,,,,,,,,,,,,,,,,,,,,,,,,,,,,,,,,,,,,,,,,,,,,,,,,,,,,,,,,,,,,,,,,,,,,,,,,,,,,,,,,,,,,,,,,,,,,,,,,,,,,,,,,,,,,,,,,,,,,,,,,,,,,,DIABLO_DPH26B.jpg,,,,,,,,,DIABLO_DPH26B_Specification_Sheet.pdf,,,,,,,,,,,,,,,,,,Yes
https://www.diablo.com/product/DPH2R1B,,,,,,,Industrial Supplies,Equipment & Hardware,Tools & Parts,,DPH2R1B,"DPH2R1B 1"" #2 Phillips Drywall - Screws Drive Bit",,,Diablo,Freud Inc (2435),Freud America Inc,Diablo®,,DPH2R1B,,Industrial Equipment,"Diablo, DPH2R1B, Industrial Grade, Commercial Quality, Professional Performance",1 IN 2,Diablo® DPH2R1B 1 in #2 Phillips,"Diablo®, Model DPH2R1B",DPH2R1B,"Diablo®, Model DPH2R1B",,,,,,,,,,,,,,,,,,,,,,,,,,Product,,,,,,,,,,,,,,,,,,,,,,,,,,,,,,,,,,,,,,,,,,,,,,,,,,,,,,,,,,,,,,,,,,,,,,,,,,,,,,,,,,,,,,,,,,,,,,,,,,,,,,,,,,,,,,,,,,,,,,,,,,,,,,,,,,,,,,,,,,,,,,,,,,,,,,,,,,,,,,,,,,,,,,,,,,DIABLO_DPH2R1B.jpg,,,,,,,,,DIABLO_DPH2R1B_Specification_Sheet.pdf,,,,,,,,,,,,,,,,,,Yes
https://www.diablo.com/product/DPH31B,,,,,,,Industrial Supplies,Equipment & Hardware,Tools & Parts,,DPH31B,"DPH31B 1"" #3 Phillips Drive - Bit",,,Diablo,Freud Inc (2435),Freud America Inc,Diablo®,,DPH31B,,Industrial Equipment,"Diablo, DPH31B, Industrial Grade, Commercial Quality, Professional Performance",1 IN 3,Diablo® DPH31B 1 in #3 Phillips,"Diablo®, Model DPH31B",DPH31B,"Diablo®, Model DPH31B",,,,,,,,,,,,,,,,,,,,,,,,,,Product,,,,,,,,,,,,,,,,,,,,,,,,,,,,,,,,,,,,,,,,,,,,,,,,,,,,,,,,,,,,,,,,,,,,,,,,,,,,,,,,,,,,,,,,,,,,,,,,,,,,,,,,,,,,,,,,,,,,,,,,,,,,,,,,,,,,,,,,,,,,,,,,,,,,,,,,,,,,,,,,,,,,,,,,,,DIABLO_DPH31B.jpg,,,,,,,,,DIABLO_DPH31B_Specification_Sheet.pdf,,,,,,,,,,,,,,,,,,Yes
https://www.diablo.com/product/DPH32B,,,,,,,Industrial Supplies,Equipment & Hardware,Tools & Parts,,DPH32B,"DPH32B 2"" #3 Phillips Drive - Bit",,,Diablo,Freud Inc (2435),Freud America Inc,Diablo®,,DPH32B,,Industrial Equipment,"Diablo, DPH32B, Industrial Grade, Commercial Quality, Professional Performance",2 IN 3,Diablo® DPH32B 2 in #3 Phillips,"Diablo®, Model DPH32B",DPH32B,"Diablo®, Model DPH32B",,,,,,,,,,,,,,,,,,,,,,,,,,Product,,,,,,,,,,,,,,,,,,,,,,,,,,,,,,,,,,,,,,,,,,,,,,,,,,,,,,,,,,,,,,,,,,,,,,,,,,,,,,,,,,,,,,,,,,,,,,,,,,,,,,,,,,,,,,,,,,,,,,,,,,,,,,,,,,,,,,,,,,,,,,,,,,,,,,,,,,,,,,,,,,,,,,,,,,DIABLO_DPH32B.jpg,,,,,,,,,DIABLO_DPH32B_Specification_Sheet.pdf,,,,,,,,,,,,,,,,,,Yes
https://www.diablo.com/product/DPH335B,,,,,,,Industrial Supplies,Equipment & Hardware,Tools & Parts,,DPH335B,"DPH335B 3-1/2"" #3 Phillips - Drive Bit",,,Diablo,Freud Inc (2435),Freud America Inc,Diablo®,,DPH335B,,Industrial Equipment,"Diablo, DPH335B, Industrial Grade, Commercial Quality, Professional Performance",3-1/2 IN 3,Diablo® DPH335B 3-1/2 in #3 Phillips,"Diablo®, Model DPH335B",DPH335B,"Diablo®, Model DPH335B",,,,,,,,,,,,,,,,,,,,,,,,,,Product,,,,,,,,,,,,,,,,,,,,,,,,,,,,,,,,,,,,,,,,,,,,,,,,,,,,,,,,,,,,,,,,,,,,,,,,,,,,,,,,,,,,,,,,,,,,,,,,,,,,,,,,,,,,,,,,,,,,,,,,,,,,,,,,,,,,,,,,,,,,,,,,,,,,,,,,,,,,,,,,,,,,,,,,,,DIABLO_DPH335B.jpg,,,,,,,,,DIABLO_DPH335B_Specification_Sheet.pdf,,,,,,,,,,,,,,,,,,Yes
https://www.diablo.com/product/DSQ12B,,,,,,,Industrial Supplies,Equipment & Hardware,Tools & Parts,,DSQ12B,"DSQ12B 2"" #1 Square Drive Bit",,,Diablo,Freud Inc (2435),Freud America Inc,Diablo®,,DSQ12B,,Industrial Equipment,"Diablo, DSQ12B, Industrial Grade, Commercial Quality, Professional Performance",2 IN 1,Diablo® DSQ12B 2 in #1 Square,"Diablo®, Model DSQ12B",DSQ12B,"Diablo®, Model DSQ12B",,,,,,,,,,,,,,,,,,,,,,,,,,Product,,,,,,,,,,,,,,,,,,,,,,,,,,,,,,,,,,,,,,,,,,,,,,,,,,,,,,,,,,,,,,,,,,,,,,,,,,,,,,,,,,,,,,,,,,,,,,,,,,,,,,,,,,,,,,,,,,,,,,,,,,,,,,,,,,,,,,,,,,,,,,,,,,,,,,,,,,,,,,,,,,,,,,,,,,DIABLO_DSQ12B.jpg,,,,,,,,,DIABLO_DSQ12B_Specification_Sheet.pdf,,,,,,,,,,,,,,,,,,Yes
https://www.diablo.com/product/DSQ22B,,,,,,,Industrial Supplies,Equipment & Hardware,Tools & Parts,,DSQ22B,"DSQ22B 2"" #2 Square Drive Bit",,,Diablo,Freud Inc (2435),Freud America Inc,Diablo®,,DSQ22B,,Industrial Equipment,"Diablo, DSQ22B, Industrial Grade, Commercial Quality, Professional Performance",2 IN 2,Diablo® DSQ22B 2 in #2 Square,"Diablo®, Model DSQ22B",DSQ22B,"Diablo®, Model DSQ22B",,,,,,,,,,,,,,,,,,,,,,,,,,Product,,,,,,,,,,,,,,,,,,,,,,,,,,,,,,,,,,,,,,,,,,,,,,,,,,,,,,,,,,,,,,,,,,,,,,,,,,,,,,,,,,,,,,,,,,,,,,,,,,,,,,,,,,,,,,,,,,,,,,,,,,,,,,,,,,,,,,,,,,,,,,,,,,,,,,,,,,,,,,,,,,,,,,,,,,DIABLO_DSQ22B.jpg,,,,,,,,,DIABLO_DSQ22B_Specification_Sheet.pdf,,,,,,,,,,,,,,,,,,Yes
https://www.diablo.com/product/DSQ26B,,,,,,,Industrial Supplies,Equipment & Hardware,Tools & Parts,,DSQ26B,"DSQ26B 6"" #2 Square Drive Bit",,,Diablo,Freud Inc (2435),Freud America Inc,Diablo®,,DSQ26B,,Industrial Equipment,"Diablo, DSQ26B, Industrial Grade, Commercial Quality, Professional Performance",6 IN 2,Diablo® DSQ26B 6 in #2 Square,"Diablo®, Model DSQ26B",DSQ26B,"Diablo®, Model DSQ26B",,,,,,,,,,,,,,,,,,,,,,,,,,Product,,,,,,,,,,,,,,,,,,,,,,,,,,,,,,,,,,,,,,,,,,,,,,,,,,,,,,,,,,,,,,,,,,,,,,,,,,,,,,,,,,,,,,,,,,,,,,,,,,,,,,,,,,,,,,,,,,,,,,,,,,,,,,,,,,,,,,,,,,,,,,,,,,,,,,,,,,,,,,,,,,,,,,,,,,DIABLO_DSQ26B.jpg,,,,,,,,,DIABLO_DSQ26B_Specification_Sheet.pdf,,,,,,,,,,,,,,,,,,Yes
https://www.diablo.com/product/DSQ32B,,,,,,,Industrial Supplies,Equipment & Hardware,Tools & Parts,,DSQ32B,"DSQ32B 2"" #3 Square Drive Bit",,,Diablo,Freud Inc (2435),Freud America Inc,Diablo®,,DSQ32B,,Industrial Equipment,"Diablo, DSQ32B, Industrial Grade, Commercial Quality, Professional Performance",2 IN 3,Diablo® DSQ32B 2 in #3 Square,"Diablo®, Model DSQ32B",DSQ32B,"Diablo®, Model DSQ32B",,,,,,,,,,,,,,,,,,,,,,,,,,Product,,,,,,,,,,,,,,,,,,,,,,,,,,,,,,,,,,,,,,,,,,,,,,,,,,,,,,,,,,,,,,,,,,,,,,,,,,,,,,,,,,,,,,,,,,,,,,,,,,,,,,,,,,,,,,,,,,,,,,,,,,,,,,,,,,,,,,,,,,,,,,,,,,,,,,,,,,,,,,,,,,,,,,,,,,DIABLO_DSQ32B.jpg,,,,,,,,,DIABLO_DSQ32B_Specification_Sheet.pdf,,,,,,,,,,,,,,,,,,Yes
https://www.diablo.com/product/DT102B,,,,,,,Industrial Supplies,Equipment & Hardware,Tools & Parts,,DT102B,"DT102B 2"" #10 Torx Drive Bit",,,Diablo,Freud Inc (2435),Freud America Inc,Diablo®,,DT102B,,Industrial Equipment,"Diablo, DT102B, Industrial Grade, Commercial Quality, Professional Performance",2 IN 10,Diablo® DT102B 2 in #10 Torx,"Diablo®, Model DT102B",DT102B,"Diablo®, Model DT102B",,,,,,,,,,,,,,,,,,,,,,,,,,Product,,,,,,,,,,,,,,,,,,,,,,,,,,,,,,,,,,,,,,,,,,,,,,,,,,,,,,,,,,,,,,,,,,,,,,,,,,,,,,,,,,,,,,,,,,,,,,,,,,,,,,,,,,,,,,,,,,,,,,,,,,,,,,,,,,,,,,,,,,,,,,,,,,,,,,,,,,,,,,,,,,,,,,,,,,DIABLO_DT102B.jpg,,,,,,,,,DIABLO_DT102B_Specification_Sheet.pdf,,,,,,,,,,,,,,,,,,Yes
https://www.diablo.com/product/DT152B,,,,,,,Industrial Supplies,Equipment & Hardware,Tools & Parts,,DT152B,"DT152B 2"" #15 Torx Drive Bit",,,Diablo,Freud Inc (2435),Freud America Inc,Diablo®,,DT152B,,Industrial Equipment,"Diablo, DT152B, Industrial Grade, Commercial Quality, Professional Performance",2 IN 15,Diablo® DT152B 2 in #15 Torx,"Diablo®, Model DT152B",DT152B,"Diablo®, Model DT152B",,,,,,,,,,,,,,,,,,,,,,,,,,Product,,,,,,,,,,,,,,,,,,,,,,,,,,,,,,,,,,,,,,,,,,,,,,,,,,,,,,,,,,,,,,,,,,,,,,,,,,,,,,,,,,,,,,,,,,,,,,,,,,,,,,,,,,,,,,,,,,,,,,,,,,,,,,,,,,,,,,,,,,,,,,,,,,,,,,,,,,,,,,,,,,,,,,,,,,DIABLO_DT152B.jpg,,,,,,,,,DIABLO_DT152B_Specification_Sheet.pdf,,,,,,,,,,,,,,,,,,Yes
https://www.diablo.com/product/DT1535B,,,,,,,Industrial Supplies,Equipment & Hardware,Tools & Parts,,DT1535B,"DT1535B 3-1/2"" #15 Torx Drive - Bit",,,Diablo,Freud Inc (2435),Freud America Inc,Diablo®,,DT1535B,,Industrial Equipment,"Diablo, DT1535B, Industrial Grade, Commercial Quality, Professional Performance",3-1/2 IN 15,Diablo® DT1535B 3-1/2 in #15 Torx,"Diablo®, Model DT1535B",DT1535B,"Diablo®, Model DT1535B",,,,,,,,,,,,,,,,,,,,,,,,,,Product,,,,,,,,,,,,,,,,,,,,,,,,,,,,,,,,,,,,,,,,,,,,,,,,,,,,,,,,,,,,,,,,,,,,,,,,,,,,,,,,,,,,,,,,,,,,,,,,,,,,,,,,,,,,,,,,,,,,,,,,,,,,,,,,,,,,,,,,,,,,,,,,,,,,,,,,,,,,,,,,,,,,,,,,,,DIABLO_DT1535B.jpg,,,,,,,,,DIABLO_DT1535B_Specification_Sheet.pdf,,,,,,,,,,,,,,,,,,Yes
https://www.diablo.com/product/DT202B,,,,,,,Industrial Supplies,Equipment & Hardware,Tools & Parts,,DT202B,"DT202B 2"" #20 Torx Drive Bit",,,Diablo,Freud Inc (2435),Freud America Inc,Diablo®,,DT202B,,Industrial Equipment,"Diablo, DT202B, Industrial Grade, Commercial Quality, Professional Performance",2 IN 20,Diablo® DT202B 2 in #20 Torx,"Diablo®, Model DT202B",DT202B,"Diablo®, Model DT202B",,,,,,,,,,,,,,,,,,,,,,,,,,Product,,,,,,,,,,,,,,,,,,,,,,,,,,,,,,,,,,,,,,,,,,,,,,,,,,,,,,,,,,,,,,,,,,,,,,,,,,,,,,,,,,,,,,,,,,,,,,,,,,,,,,,,,,,,,,,,,,,,,,,,,,,,,,,,,,,,,,,,,,,,,,,,,,,,,,,,,,,,,,,,,,,,,,,,,,DIABLO_DT202B.jpg,,,,,,,,,DIABLO_DT202B_Specification_Sheet.pdf,,,,,,,,,,,,,,,,,,Yes
https://www.diablo.com/product/DT2035B,,,,,,,Industrial Supplies,Equipment & Hardware,Tools & Parts,,DT2035B,"DT2035B 3-1/2"" #20 Torx Drive - Bit",,,Diablo,Freud Inc (2435),Freud America Inc,Diablo®,,DT2035B,,Industrial Equipment,"Diablo, DT2035B, Industrial Grade, Commercial Quality, Professional Performance",3-1/2 IN 20,Diablo® DT2035B 3-1/2 in #20 Torx,"Diablo®, Model DT2035B",DT2035B,"Diablo®, Model DT2035B",,,,,,,,,,,,,,,,,,,,,,,,,,Product,,,,,,,,,,,,,,,,,,,,,,,,,,,,,,,,,,,,,,,,,,,,,,,,,,,,,,,,,,,,,,,,,,,,,,,,,,,,,,,,,,,,,,,,,,,,,,,,,,,,,,,,,,,,,,,,,,,,,,,,,,,,,,,,,,,,,,,,,,,,,,,,,,,,,,,,,,,,,,,,,,,,,,,,,,DIABLO_DT2035B.jpg,,,,,,,,,DIABLO_DT2035B_Specification_Sheet.pdf,,,,,,,,,,,,,,,,,,Yes
https://www.diablo.com/product/DT206B,,,,,,,Industrial Supplies,Equipment & Hardware,Tools & Parts,,DT206B,"DT206B 6"" #20 Torx Drive Bit",,,Diablo,Freud Inc (2435),Freud America Inc,Diablo®,,DT206B,,Industrial Equipment,"Diablo, DT206B, Industrial Grade, Commercial Quality, Professional Performance",6 IN 20,Diablo® DT206B 6 in #20 Torx,"Diablo®, Model DT206B",DT206B,"Diablo®, Model DT206B",,,,,,,,,,,,,,,,,,,,,,,,,,Product,,,,,,,,,,,,,,,,,,,,,,,,,,,,,,,,,,,,,,,,,,,,,,,,,,,,,,,,,,,,,,,,,,,,,,,,,,,,,,,,,,,,,,,,,,,,,,,,,,,,,,,,,,,,,,,,,,,,,,,,,,,,,,,,,,,,,,,,,,,,,,,,,,,,,,,,,,,,,,,,,,,,,,,,,,DIABLO_DT206B.jpg,,,,,,,,,DIABLO_DT206B_Specification_Sheet.pdf,,,,,,,,,,,,,,,,,,Yes
https://www.diablo.com/product/DT252B,,,,,,,Industrial Supplies,Equipment & Hardware,Tools & Parts,,DT252B,"DT252B 2"" #25 Trox Drive Bit",,,Diablo,Freud Inc (2435),Freud America Inc,Diablo®,,DT252B,,Industrial Equipment,"Diablo, DT252B, Industrial Grade, Commercial Quality, Professional Performance",2 IN 25,Diablo® DT252B 2 in #25 Trox,"Diablo®, Model DT252B",DT252B,"Diablo®, Model DT252B",,,,,,,,,,,,,,,,,,,,,,,,,,Product,,,,,,,,,,,,,,,,,,,,,,,,,,,,,,,,,,,,,,,,,,,,,,,,,,,,,,,,,,,,,,,,,,,,,,,,,,,,,,,,,,,,,,,,,,,,,,,,,,,,,,,,,,,,,,,,,,,,,,,,,,,,,,,,,,,,,,,,,,,,,,,,,,,,,,,,,,,,,,,,,,,,,,,,,,DIABLO_DT252B.jpg,,,,,,,,,DIABLO_DT252B_Specification_Sheet.pdf,,,,,,,,,,,,,,,,,,Yes
https://www.diablo.com/product/DT2535B,,,,,,,Industrial Supplies,Equipment & Hardware,Tools & Parts,,DT2535B,"DT2535B 3-1/4"" #25 Torx Drive - Bit",,,Diablo,Freud Inc (2435),Freud America Inc,Diablo®,,DT2535B,,Industrial Equipment,"Diablo, DT2535B, Industrial Grade, Commercial Quality, Professional Performance",3-1/4 IN 25,Diablo® DT2535B 3-1/4 in #25 Torx,"Diablo®, Model DT2535B",DT2535B,"Diablo®, Model DT2535B",,,,,,,,,,,,,,,,,,,,,,,,,,Product,,,,,,,,,,,,,,,,,,,,,,,,,,,,,,,,,,,,,,,,,,,,,,,,,,,,,,,,,,,,,,,,,,,,,,,,,,,,,,,,,,,,,,,,,,,,,,,,,,,,,,,,,,,,,,,,,,,,,,,,,,,,,,,,,,,,,,,,,,,,,,,,,,,,,,,,,,,,,,,,,,,,,,,,,,DIABLO_DT2535B.jpg,,,,,,,,,DIABLO_DT2535B_Specification_Sheet.pdf,,,,,,,,,,,,,,,,,,Yes
https://www.diablo.com/product/DT256B,,,,,,,Industrial Supplies,Equipment & Hardware,Tools & Parts,,DT256B,"DT256B 6"" #25 Torx Drive Bit",,,Diablo,Freud Inc (2435),Freud America Inc,Diablo®,,DT256B,,Industrial Equipment,"Diablo, DT256B, Industrial Grade, Commercial Quality, Professional Performance",6 IN 25,Diablo® DT256B 6 in #25 Torx,"Diablo®, Model DT256B",DT256B,"Diablo®, Model DT256B",,,,,,,,,,,,,,,,,,,,,,,,,,Product,,,,,,,,,,,,,,,,,,,,,,,,,,,,,,,,,,,,,,,,,,,,,,,,,,,,,,,,,,,,,,,,,,,,,,,,,,,,,,,,,,,,,,,,,,,,,,,,,,,,,,,,,,,,,,,,,,,,,,,,,,,,,,,,,,,,,,,,,,,,,,,,,,,,,,,,,,,,,,,,,,,,,,,,,,DIABLO_DT256B.jpg,,,,,,,,,DIABLO_DT256B_Specification_Sheet.pdf,,,,,,,,,,,,,,,,,,Yes
https://www.diablo.com/product/DT302B,,,,,,,Industrial Supplies,Equipment & Hardware,Tools & Parts,,DT302B,"DT302B 2"" #30 Torx Drive Bit",,,Diablo,Freud Inc (2435),Freud America Inc,Diablo®,,DT302B,,Industrial Equipment,"Diablo, DT302B, Industrial Grade, Commercial Quality, Professional Performance",2 IN 30,Diablo® DT302B 2 in #30 Torx,"Diablo®, Model DT302B",DT302B,"Diablo®, Model DT302B",,,,,,,,,,,,,,,,,,,,,,,,,,Product,,,,,,,,,,,,,,,,,,,,,,,,,,,,,,,,,,,,,,,,,,,,,,,,,,,,,,,,,,,,,,,,,,,,,,,,,,,,,,,,,,,,,,,,,,,,,,,,,,,,,,,,,,,,,,,,,,,,,,,,,,,,,,,,,,,,,,,,,,,,,,,,,,,,,,,,,,,,,,,,,,,,,,,,,,DIABLO_DT302B.jpg,,,,,,,,,DIABLO_DT302B_Specification_Sheet.pdf,,,,,,,,,,,,,,,,,,Yes
https://www.diablo.com/product/DT402B,,,,,,,Industrial Supplies,Equipment & Hardware,Tools & Parts,,DT402B,"DT402B 2"" #40 Torx Drive Bit",,,Diablo,Freud Inc (2435),Freud America Inc,Diablo®,,DT402B,,Industrial Equipment,"Diablo, DT402B, Industrial Grade, Commercial Quality, Professional Performance",2 IN 40,Diablo® DT402B 2 in #40 Torx,"Diablo®, Model DT402B",DT402B,"Diablo®, Model DT402B",,,,,,,,,,,,,,,,,,,,,,,,,,Product,,,,,,,,,,,,,,,,,,,,,,,,,,,,,,,,,,,,,,,,,,,,,,,,,,,,,,,,,,,,,,,,,,,,,,,,,,,,,,,,,,,,,,,,,,,,,,,,,,,,,,,,,,,,,,,,,,,,,,,,,,,,,,,,,,,,,,,,,,,,,,,,,,,,,,,,,,,,,,,,,,,,,,,,,,DIABLO_DT402B.jpg,,,,,,,,,DIABLO_DT402B_Specification_Sheet.pdf,,,,,,,,,,,,,,,,,,Yes
https://www.diablo.com/product/DDWSSB,,,,,,,Industrial Supplies,Equipment & Hardware,Tools & Parts,,DDWSSB,DDWSSB #2 Drywall Screw Setter,,,Diablo,Freud Inc (2435),Freud America Inc,Diablo®,,DDWSSB,,Industrial Equipment,"Diablo, DDWSSB, Industrial Grade, Commercial Quality, Professional Performance",2 DRYWALL SCREW,Diablo® DDWSSB #2 Drywall Screw Setter,"Diablo®, Model DDWSSB",DDWSSB,"Diablo®, Model DDWSSB",,,,,,,,,,,,,,,,,,,,,,,,,,Product,,,,,,,,,,,,,,,,,,,,,,,,,,,,,,,,,,,,,,,,,,,,,,,,,,,,,,,,,,,,,,,,,,,,,,,,,,,,,,,,,,,,,,,,,,,,,,,,,,,,,,,,,,,,,,,,,,,,,,,,,,,,,,,,,,,,,,,,,,,,,,,,,,,,,,,,,,,,,,,,,,,,,,,,,,DIABLO_DDWSSB.jpg,,,,,,,,,DIABLO_DDWSSB_Specification_Sheet.pdf,,,,,,,,,,,,,,,,,,Yes
https://www.makita.com/product/191V02-0,,,,,,,Industrial Supplies,Equipment & Hardware,Tools & Parts,,191V02-0,191V02-0 Makita #2 Phillips Bit 5pk,,,,Makita Usa Inc (5142),Makita USA Inc,Makita®,,191V02-0,,Industrial Equipment,"Makita, 191V02-0, 5 pc, Industrial Grade, Commercial Quality",MAKITA 2 PHILLIPS 5PC,Makita® 191V02-0 #2 Phillips Bit 5pk 5 pc,"Makita®, Model 191V02-0, 5 pc",191V02-0,"Makita®, Model 191V02-0, 5 pc",,,,,,,,,,,,,,,,,,,,,,,,,,Product,Package Quantity,5,pc,,,,,,,,,,,,,,,,,,,,,,,,,,,,,,,,,,,,,,,,,,,,,,,,,,,,,,,,,,,,,,,,,,,,,,,,,,,,,,,,,,,,,,,,,,,,,,,,,,,,,,,,,,,,,,,,,,,,,,,,,,,,,,,,,,,,,,,,,,,,,,,,,,,,,,,,,,,,,,,,,,,,,,,MAKITA_191V02-0.jpg,,,,,,,,,MAKITA_191V02-0_Specification_Sheet.pdf,,,,,,,,,,,,,,,,,,Yes
https://www.makita.com/product/XTS02Z,,,,,,,Industrial Supplies,Equipment & Hardware,Tools & Parts,,XTS02Z,"XTS02Z Makita 18V 1/4"" Narrow Crown Stapler 18GA",,,,Makita Usa Inc (5142),Makita USA Inc,Makita®,,XTS02Z,,Industrial Equipment,"Makita, XTS02Z, 18 V, Industrial Grade, Commercial Quality, Heavy Duty",MAKITA 18 V 18V,Makita® XTS02Z 18 V 1/4 in,"Makita®, Model XTS02Z, 18 V",XTS02Z,"Makita®, Model XTS02Z, 18 V",,,,,,,,,,,,,,,,,,,,,,,,,,Product,Voltage,18,V,,,,,,,,,,,,,,,,,,,,,,,,,,,,,,,,,,,,,,,,,,,,,,,,,,,,,,,,,,,,,,,,,,,,,,,,,,,,,,,,,,,,,,,,,,,,,,,,,,,,,,,,,,,,,,,,,,,,,,,,,,,,,,,,,,,,,,,,,,,,,,,,,,,,,,,,,,,,,,,,,,,,,,,MAKITA_XTS02Z.jpg,,,,,,,,,MAKITA_XTS02Z_Specification_Sheet.pdf,,,,,,,,,,,,,,,,,,Yes
https://www.dewalt.com/product/DCF809D1,,,,,,,Industrial Supplies,Equipment & Hardware,Power Tool,,DCF809D1,"DCF809D1 Dewalt Atomic 20V 1/4"" Impact Driver Kit",,,DEWALT,Black & Decker/dewlt (2585),Black & Decker/dewlt,DEWALT®,Atomic,DCF809D1,,Power Tool,"DEWALT, Power Tool, Atomic, DCF809D1, 20 V, Industrial Grade",POWER TOOL 20V,DEWALT® Atomic DCF809D1 Power Tool 20 V,"DEWALT®, Atomic, Power Tool, Model DCF809D1, 20 V, Kit","Atomic Power Tool, DCF809D1","DEWALT®, Atomic, Power Tool, Model DCF809D1, 20 V, Kit",,,,,,,,,,,,,,,,,,,,,,,,,,Power Tool,Item Type,Power Tool,,Series,Atomic,,Voltage,20,V,Configuration,Kit,,,,,,,,,,,,,,,,,,,,,,,,,,,,,,,,,,,,,,,,,,,,,,,,,,,,,,,,,,,,,,,,,,,,,,,,,,,,,,,,,,,,,,,,,,,,,,,,,,,,,,,,,,,,,,,,,,,,,,,,,,,,,,,,,,,,,,,,,,,,,,,,,,,,,,,,,,,,,,,DEWALT_DCF809D1.jpg,,,,,,,,,DEWALT_DCF809D1_Specification_Sheet.pdf,,,,,,,,,,,,,,,,,,Yes
https://www.milwaukee.com/product/2761-20,,,,,,,Industrial Supplies,Equipment & Hardware,Tools & Parts,,2761-20,"2761-20 Milw M18 1/4"" Hex Hydraulic Driver",,,,Milwaukee Accessory (4031),Milwaukee Electric Tool Corp,Milwaukee®,M18,2761-20,,Industrial Equipment,"Milwaukee, M18, 2761-20, Industrial Grade, Commercial Quality",MILW M18 1/4,Milwaukee® M18 2761-20 M18 1/4 in Hex,"Milwaukee®, M18, Model 2761-20","M18 , 2761-20","Milwaukee®, M18, Model 2761-20",,,,,,,,,,,,,,,,,,,,,,,,,,Product,Series,M18,,,,,,,,,,,,,,,,,,,,,,,,,,,,,,,,,,,,,,,,,,,,,,,,,,,,,,,,,,,,,,,,,,,,,,,,,,,,,,,,,,,,,,,,,,,,,,,,,,,,,,,,,,,,,,,,,,,,,,,,,,,,,,,,,,,,,,,,,,,,,,,,,,,,,,,,,,,,,,,,,,,,,,,,MILWAUKEE_2761-20.jpg,,,,,,,,,MILWAUKEE_2761-20_Specification_Sheet.pdf,,,,,,,,,,,,,,,,,,Yes
https://www.milwaukee.com/product/2761-22,,,,,,,Industrial Supplies,Equipment & Hardware,Tools & Parts,,2761-22,2761-22 Milw M18 Surge Kit,,,,Milwaukee Accessory (4031),Milwaukee Electric Tool Corp,Milwaukee®,M18,2761-22,,Industrial Equipment,"Milwaukee, M18, 2761-22, Industrial Grade, Commercial Quality",MILW M18 SURGE,Milwaukee® M18 2761-22 M18 Surge Kit,"Milwaukee®, M18, Model 2761-22, Kit","M18 , 2761-22","Milwaukee®, M18, Model 2761-22, Kit",,,,,,,,,,,,,,,,,,,,,,,,,,Product,Series,M18,,Configuration,Kit,,,,,,,,,,,,,,,,,,,,,,,,,,,,,,,,,,,,,,,,,,,,,,,,,,,,,,,,,,,,,,,,,,,,,,,,,,,,,,,,,,,,,,,,,,,,,,,,,,,,,,,,,,,,,,,,,,,,,,,,,,,,,,,,,,,,,,,,,,,,,,,,,,,,,,,,,,,,,,,,,,,,,MILWAUKEE_2761-22.jpg,,,,,,,,,MILWAUKEE_2761-22_Specification_Sheet.pdf,,,,,,,,,,,,,,,,,,Yes
https://www.milwaukee.com/product/3450-20,,,,,,,Industrial Supplies,Equipment & Hardware,Power Tool,,3450-20,3450-20 Milw Impact Driver - Brushless Compact (Bare),,,,Milwaukee Accessory (4031),Milwaukee Electric Tool Corp,Milwaukee®,,3450-20,,Power Tool,"Milwaukee, Power Tool, 3450-20, Industrial Grade, Commercial Quality",POWER TOOL,Milwaukee® 3450-20 Power Tool,"Milwaukee®, Power Tool, Model 3450-20, Bare Tool","Power Tool, 3450-20","Milwaukee®, Power Tool, Model 3450-20, Bare Tool",,,,,,,,,,,,,,,,,,,,,,,,,,Power Tool,Item Type,Power Tool,,Configuration,Bare Tool,,,,,,,,,,,,,,,,,,,,,,,,,,,,,,,,,,,,,,,,,,,,,,,,,,,,,,,,,,,,,,,,,,,,,,,,,,,,,,,,,,,,,,,,,,,,,,,,,,,,,,,,,,,,,,,,,,,,,,,,,,,,,,,,,,,,,,,,,,,,,,,,,,,,,,,,,,,,,,,,,,,,,MILWAUKEE_3450-20.jpg,,,,,,,,,MILWAUKEE_3450-20_Specification_Sheet.pdf,,,,,,,,,,,,,,,,,,Yes
https://www.kreg.com/product/KPTDV025A,,,,,,,Industrial Supplies,Equipment & Hardware,Power Tool,,KPTDV025A,KPTDV025A Kreg 20V Ionic Compact Impact Driver,,,,Kreg Tool Company (KRETO),Kreg Tool Company,Kreg®,,KPTDV025A,,Power Tool,"Kreg, Power Tool, KPTDV025A, 20 V, Industrial Grade, Commercial Quality",POWER TOOL 20V,Kreg® KPTDV025A Power Tool 20 V,"Kreg®, Power Tool, Model KPTDV025A, 20 V","Power Tool, KPTDV025A","Kreg®, Power Tool, Model KPTDV025A, 20 V",,,,,,,,,,,,,,,,,,,,,,,,,,Power Tool,Item Type,Power Tool,,Voltage,20,V,,,,,,,,,,,,,,,,,,,,,,,,,,,,,,,,,,,,,,,,,,,,,,,,,,,,,,,,,,,,,,,,,,,,,,,,,,,,,,,,,,,,,,,,,,,,,,,,,,,,,,,,,,,,,,,,,,,,,,,,,,,,,,,,,,,,,,,,,,,,,,,,,,,,,,,,,,,,,,,,,,,,KREG_KPTDV025A.jpg,,,,,,,,,KREG_KPTDV025A_Specification_Sheet.pdf,,,,,,,,,,,,,,,,,,Yes
https://www.milwaukee.com/product/3048-20,,,,,,,Industrial Supplies,Equipment & Hardware,Tools & Parts,,3048-20,"3048-20 Milw M12 1/4"" Impact Wrench w/Friction Ring",,,,Milwaukee Accessory (4031),Milwaukee Electric Tool Corp,Milwaukee®,M12,3048-20,,Industrial Equipment,"Milwaukee, M12, 3048-20, Industrial Grade, Commercial Quality",MILW M12 1/4,Milwaukee® M12 3048-20 M12 1/4 in Impact,"Milwaukee®, M12, Model 3048-20","M12 , 3048-20","Milwaukee®, M12, Model 3048-20",,,,,,,,,,,,,,,,,,,,,,,,,,Product,Series,M12,,,,,,,,,,,,,,,,,,,,,,,,,,,,,,,,,,,,,,,,,,,,,,,,,,,,,,,,,,,,,,,,,,,,,,,,,,,,,,,,,,,,,,,,,,,,,,,,,,,,,,,,,,,,,,,,,,,,,,,,,,,,,,,,,,,,,,,,,,,,,,,,,,,,,,,,,,,,,,,,,,,,,,,,MILWAUKEE_3048-20.jpg,,,,,,,,,MILWAUKEE_3048-20_Specification_Sheet.pdf,,,,,,,,,,,,,,,,,,Yes
https://www.milwaukee.com/product/3049-20,,,,,,,Industrial Supplies,Equipment & Hardware,Tools & Parts,,3049-20,"3049-20 Milw M12 3/8"" Impact Wrench w/Friction Ring",,,,Milwaukee Accessory (4031),Milwaukee Electric Tool Corp,Milwaukee®,M12,3049-20,,Industrial Equipment,"Milwaukee, M12, 3049-20, Industrial Grade, Commercial Quality",MILW M12 3/8,Milwaukee® M12 3049-20 M12 3/8 in Impact,"Milwaukee®, M12, Model 3049-20","M12 , 3049-20","Milwaukee®, M12, Model 3049-20",,,,,,,,,,,,,,,,,,,,,,,,,,Product,Series,M12,,,,,,,,,,,,,,,,,,,,,,,,,,,,,,,,,,,,,,,,,,,,,,,,,,,,,,,,,,,,,,,,,,,,,,,,,,,,,,,,,,,,,,,,,,,,,,,,,,,,,,,,,,,,,,,,,,,,,,,,,,,,,,,,,,,,,,,,,,,,,,,,,,,,,,,,,,,,,,,,,,,,,,,,MILWAUKEE_3049-20.jpg,,,,,,,,,MILWAUKEE_3049-20_Specification_Sheet.pdf,,,,,,,,,,,,,,,,,,Yes
https://www.milwaukee.com/product/2563-20,,,,,,,Industrial Supplies,Equipment & Hardware,Tools & Parts,,2563-20,"2563-20 Milw M12 Stubby 1/2"" Impact Wrench",,,,Milwaukee Accessory (4031),Milwaukee Electric Tool Corp,Milwaukee®,M12,2563-20,,Industrial Equipment,"Milwaukee, M12, 2563-20, Industrial Grade, Commercial Quality",MILW M12 STUBBY,Milwaukee® M12 2563-20 M12 Stubby 1/2 in,"Milwaukee®, M12, Model 2563-20","M12 , 2563-20","Milwaukee®, M12, Model 2563-20",,,,,,,,,,,,,,,,,,,,,,,,,,Product,Series,M12,,,,,,,,,,,,,,,,,,,,,,,,,,,,,,,,,,,,,,,,,,,,,,,,,,,,,,,,,,,,,,,,,,,,,,,,,,,,,,,,,,,,,,,,,,,,,,,,,,,,,,,,,,,,,,,,,,,,,,,,,,,,,,,,,,,,,,,,,,,,,,,,,,,,,,,,,,,,,,,,,,,,,,,,MILWAUKEE_2563-20.jpg,,,,,,,,,MILWAUKEE_2563-20_Specification_Sheet.pdf,,,,,,,,,,,,,,,,,,Yes
https://www.dewalt.com/product/DCF961B,,,,,,,Industrial Supplies,Equipment & Hardware,Tools & Parts,,DCF961B,"Dewalt DCF961B 20V 1/2"" Impact - Bare Tool",,,DEWALT,Black & Decker/dewlt (2585),Black & Decker/dewlt,DEWALT®,,DCF961B,,Industrial Equipment,"DEWALT, DCF961B, 20 V, Industrial Grade, Commercial Quality, Heavy Duty",DEWALT DCF961B 20 20V,DEWALT® DCF961B 20 V 1/2 in,"DEWALT®, Model DCF961B, 20 V, Bare Tool",DCF961B,"DEWALT®, Model DCF961B, 20 V, Bare Tool",,,,,,,,,,,,,,,,,,,,,,,,,,Product,Voltage,20,V,Configuration,Bare Tool,,,,,,,,,,,,,,,,,,,,,,,,,,,,,,,,,,,,,,,,,,,,,,,,,,,,,,,,,,,,,,,,,,,,,,,,,,,,,,,,,,,,,,,,,,,,,,,,,,,,,,,,,,,,,,,,,,,,,,,,,,,,,,,,,,,,,,,,,,,,,,,,,,,,,,,,,,,,,,,,,,,,,DEWALT_DCF961B.jpg,,,,,,,,,DEWALT_DCF961B_Specification_Sheet.pdf,,,,,,,,,,,,,,,,,,Yes
https://www.dewalt.com/product/DCF964B,,,,,,,Industrial Supplies,Equipment & Hardware,Tools & Parts,,DCF964B,"DCF964B Dewalt 20V 3/4"" Impact - Wrench (Bare)",,,DEWALT,Black & Decker/dewlt (2585),Black & Decker/dewlt,DEWALT®,,DCF964B,,Industrial Equipment,"DEWALT, DCF964B, 20 V, Industrial Grade, Commercial Quality, Heavy Duty",DEWALT 20 V 20V,DEWALT® DCF964B 20 V 3/4 in,"DEWALT®, Model DCF964B, 20 V, Bare Tool",DCF964B,"DEWALT®, Model DCF964B, 20 V, Bare Tool",,,,,,,,,,,,,,,,,,,,,,,,,,Product,Voltage,20,V,Configuration,Bare Tool,,,,,,,,,,,,,,,,,,,,,,,,,,,,,,,,,,,,,,,,,,,,,,,,,,,,,,,,,,,,,,,,,,,,,,,,,,,,,,,,,,,,,,,,,,,,,,,,,,,,,,,,,,,,,,,,,,,,,,,,,,,,,,,,,,,,,,,,,,,,,,,,,,,,,,,,,,,,,,,,,,,,,DEWALT_DCF964B.jpg,,,,,,,,,DEWALT_DCF964B_Specification_Sheet.pdf,,,,,,,,,,,,,,,,,,Yes
https://www.milwaukee.com/product/2563P-20,,,,,,,Industrial Supplies,Equipment & Hardware,Tools & Parts,,2563P-20,"2563P-20 Milw M12 1/2"" Stubby - Impact Wrench w/Pin Detent",,,,Milwaukee Accessory (4031),Milwaukee Electric Tool Corp,Milwaukee®,M12,2563P-20,,Industrial Equipment,"Milwaukee, M12, 2563P-20, Industrial Grade, Commercial Quality",MILW M12 1/2,Milwaukee® M12 2563P-20 M12 1/2 in Stubby,"Milwaukee®, M12, Model 2563P-20","M12 , 2563P-20","Milwaukee®, M12, Model 2563P-20",,,,,,,,,,,,,,,,,,,,,,,,,,Product,Series,M12,,,,,,,,,,,,,,,,,,,,,,,,,,,,,,,,,,,,,,,,,,,,,,,,,,,,,,,,,,,,,,,,,,,,,,,,,,,,,,,,,,,,,,,,,,,,,,,,,,,,,,,,,,,,,,,,,,,,,,,,,,,,,,,,,,,,,,,,,,,,,,,,,,,,,,,,,,,,,,,,,,,,,,,,MILWAUKEE_2563P-20.jpg,,,,,,,,,MILWAUKEE_2563P-20_Specification_Sheet.pdf,,,,,,,,,,,,,,,,,,Yes
https://www.dewalt.com/product/DCF921P2,,,,,,,Industrial Supplies,Equipment & Hardware,Tools & Parts,,DCF921P2,DCF921P2 Dewalt 20V 1/2 Impact,,,,Black & Decker/dewlt (2585),Black & Decker/dewlt,DEWALT®,,DCF921P2,,Industrial Equipment,"DEWALT, DCF921P2, 20 V, Industrial Grade, Commercial Quality",DEWALT 20 V 20V,DEWALT® DCF921P2 20 V 1/2 Impact,"DEWALT®, Model DCF921P2, 20 V",DCF921P2,"DEWALT®, Model DCF921P2, 20 V",,,,,,,,,,,,,,,,,,,,,,,,,,Product,Voltage,20,V,,,,,,,,,,,,,,,,,,,,,,,,,,,,,,,,,,,,,,,,,,,,,,,,,,,,,,,,,,,,,,,,,,,,,,,,,,,,,,,,,,,,,,,,,,,,,,,,,,,,,,,,,,,,,,,,,,,,,,,,,,,,,,,,,,,,,,,,,,,,,,,,,,,,,,,,,,,,,,,,,,,,,,,DEWALT_DCF921P2.jpg,,,,,,,,,DEWALT_DCF921P2_Specification_Sheet.pdf,,,,,,,,,,,,,,,,,,Yes
https://www.makita.com/product/XLT03Z,,,,,,,Industrial Supplies,Equipment & Hardware,Tools & Parts,,XLT03Z,"XLT03Z Makita 3/8"" 18V Angle Impact",,,,Makita Usa Inc (5142),Makita USA Inc,Makita®,,XLT03Z,,Industrial Equipment,"Makita, XLT03Z, 18 V, Industrial Grade, Commercial Quality, Heavy Duty",MAKITA 3/8 IN 18V,Makita® XLT03Z 3/8 in 18 V,"Makita®, Model XLT03Z, 18 V",XLT03Z,"Makita®, Model XLT03Z, 18 V",,,,,,,,,,,,,,,,,,,,,,,,,,Product,Voltage,18,V,,,,,,,,,,,,,,,,,,,,,,,,,,,,,,,,,,,,,,,,,,,,,,,,,,,,,,,,,,,,,,,,,,,,,,,,,,,,,,,,,,,,,,,,,,,,,,,,,,,,,,,,,,,,,,,,,,,,,,,,,,,,,,,,,,,,,,,,,,,,,,,,,,,,,,,,,,,,,,,,,,,,,,,MAKITA_XLT03Z.jpg,,,,,,,,,MAKITA_XLT03Z_Specification_Sheet.pdf,,,,,,,,,,,,,,,,,,Yes
https://www.makita.com/product/XLT04Z,,,,,,,Industrial Supplies,Equipment & Hardware,Tools & Parts,,XLT04Z,"XLT04Z Makita 1/4"" 18V Angle Impact",,,,Makita Usa Inc (5142),Makita USA Inc,Makita®,,XLT04Z,,Industrial Equipment,"Makita, XLT04Z, 18 V, Industrial Grade, Commercial Quality, Heavy Duty",MAKITA 1/4 IN 18V,Makita® XLT04Z 1/4 in 18 V,"Makita®, Model XLT04Z, 18 V",XLT04Z,"Makita®, Model XLT04Z, 18 V",,,,,,,,,,,,,,,,,,,,,,,,,,Product,Voltage,18,V,,,,,,,,,,,,,,,,,,,,,,,,,,,,,,,,,,,,,,,,,,,,,,,,,,,,,,,,,,,,,,,,,,,,,,,,,,,,,,,,,,,,,,,,,,,,,,,,,,,,,,,,,,,,,,,,,,,,,,,,,,,,,,,,,,,,,,,,,,,,,,,,,,,,,,,,,,,,,,,,,,,,,,,MAKITA_XLT04Z.jpg,,,,,,,,,MAKITA_XLT04Z_Specification_Sheet.pdf,,,,,,,,,,,,,,,,,,Yes
https://www.makita.com/product/XLT05Z,,,,,,,Industrial Supplies,Equipment & Hardware,Tools & Parts,,XLT05Z,"XLT05Z Makita 1/2"" 18V Angle Impact",,,,Makita Usa Inc (5142),Makita USA Inc,Makita®,,XLT05Z,,Industrial Equipment,"Makita, XLT05Z, 18 V, Industrial Grade, Commercial Quality, Heavy Duty",MAKITA 1/2 IN 18V,Makita® XLT05Z 1/2 in 18 V,"Makita®, Model XLT05Z, 18 V",XLT05Z,"Makita®, Model XLT05Z, 18 V",,,,,,,,,,,,,,,,,,,,,,,,,,Product,Voltage,18,V,,,,,,,,,,,,,,,,,,,,,,,,,,,,,,,,,,,,,,,,,,,,,,,,,,,,,,,,,,,,,,,,,,,,,,,,,,,,,,,,,,,,,,,,,,,,,,,,,,,,,,,,,,,,,,,,,,,,,,,,,,,,,,,,,,,,,,,,,,,,,,,,,,,,,,,,,,,,,,,,,,,,,,,MAKITA_XLT05Z.jpg,,,,,,,,,MAKITA_XLT05Z_Specification_Sheet.pdf,,,,,,,,,,,,,,,,,,Yes
https://www.dewalt.com/product/DCF510B,,,,,,,Industrial Supplies,Equipment & Hardware,Tools & Parts,,DCF510B,Dewalt DCF510B 20V Rachet - Interchangeable Anvil,,,DEWALT,Black & Decker/dewlt (2585),Black & Decker/dewlt,DEWALT®,,DCF510B,,Industrial Equipment,"DEWALT, DCF510B, 20 V, Industrial Grade, Commercial Quality, Heavy Duty",DEWALT DCF510B 20 20V,DEWALT® DCF510B 20 V Ratchet -,"DEWALT®, Model DCF510B, 20 V",DCF510B,"DEWALT®, Model DCF510B, 20 V",,,,,,,,,,,,,,,,,,,,,,,,,,Product,Voltage,20,V,,,,,,,,,,,,,,,,,,,,,,,,,,,,,,,,,,,,,,,,,,,,,,,,,,,,,,,,,,,,,,,,,,,,,,,,,,,,,,,,,,,,,,,,,,,,,,,,,,,,,,,,,,,,,,,,,,,,,,,,,,,,,,,,,,,,,,,,,,,,,,,,,,,,,,,,,,,,,,,,,,,,,,,DEWALT_DCF510B.jpg,,,,,,,,,DEWALT_DCF510B_Specification_Sheet.pdf,,,,,,,,,,,,,,,,,,Yes
https://www.milwaukee.com/product/3052-20,,,,,,,Industrial Supplies,Equipment & Hardware,Tools & Parts,,3052-20,"3052-20 Milw M12 Fuel 1/4"" Rachet",,,,Milwaukee Accessory (4031),Milwaukee Electric Tool Corp,Milwaukee®,M12 FUEL,3052-20,,Industrial Equipment,"Milwaukee, M12 FUEL, 3052-20, Industrial Grade, Commercial Quality",MILW M12 FUEL,Milwaukee® M12 FUEL 3052-20 M12 Fuel 1/4 in,"Milwaukee®, M12 FUEL, Model 3052-20","M12 FUEL , 3052-20","Milwaukee®, M12 FUEL, Model 3052-20",,,,,,,,,,,,,,,,,,,,,,,,,,Product,Series,M12,FUEL,,,,,,,,,,,,,,,,,,,,,,,,,,,,,,,,,,,,,,,,,,,,,,,,,,,,,,,,,,,,,,,,,,,,,,,,,,,,,,,,,,,,,,,,,,,,,,,,,,,,,,,,,,,,,,,,,,,,,,,,,,,,,,,,,,,,,,,,,,,,,,,,,,,,,,,,,,,,,,,,,,,,,,,MILWAUKEE_3052-20.jpg,,,,,,,,,MILWAUKEE_3052-20_Specification_Sheet.pdf,,,,,,,,,,,,,,,,,,Yes
https://www.milwaukee.com/product/3054-20,,,,,,,Industrial Supplies,Equipment & Hardware,Tools & Parts,,3054-20,"3054-20 Milw M12 1/2"" Ratchet (Bare)",,,,Milwaukee Accessory (4031),Milwaukee Electric Tool Corp,Milwaukee®,M12,3054-20,,Industrial Equipment,"Milwaukee, M12, 3054-20, Industrial Grade, Commercial Quality",MILW M12 1/2,Milwaukee® M12 3054-20 M12 1/2 in Ratchet,"Milwaukee®, M12, Model 3054-20, Bare Tool","M12 , 3054-20","Milwaukee®, M12, Model 3054-20, Bare Tool",,,,,,,,,,,,,,,,,,,,,,,,,,Product,Series,M12,,Configuration,Bare Tool,,,,,,,,,,,,,,,,,,,,,,,,,,,,,,,,,,,,,,,,,,,,,,,,,,,,,,,,,,,,,,,,,,,,,,,,,,,,,,,,,,,,,,,,,,,,,,,,,,,,,,,,,,,,,,,,,,,,,,,,,,,,,,,,,,,,,,,,,,,,,,,,,,,,,,,,,,,,,,,,,,,,,MILWAUKEE_3054-20.jpg,,,,,,,,,MILWAUKEE_3054-20_Specification_Sheet.pdf,,,,,,,,,,,,,,,,,,Yes
https://www.dewalt.com/product/DCF513EB,,,,,,,Industrial Supplies,Equipment & Hardware,Tools & Parts,,DCF513EB,"DCF513EB Dewalt 3/8"" Open Head Rachet",,,,Black & Decker/dewlt (2585),Black & Decker/dewlt,DEWALT®,,DCF513EB,,Industrial Equipment,"DEWALT, DCF513EB, Industrial Grade, Commercial Quality, Professional Performance",DEWALT 3/8 IN,DEWALT® DCF513EB 3/8 in Open Head,"DEWALT®, Model DCF513EB",DCF513EB,"DEWALT®, Model DCF513EB",,,,,,,,,,,,,,,,,,,,,,,,,,Product,,,,,,,,,,,,,,,,,,,,,,,,,,,,,,,,,,,,,,,,,,,,,,,,,,,,,,,,,,,,,,,,,,,,,,,,,,,,,,,,,,,,,,,,,,,,,,,,,,,,,,,,,,,,,,,,,,,,,,,,,,,,,,,,,,,,,,,,,,,,,,,,,,,,,,,,,,,,,,,,,,,,,,,,,,DEWALT_DCF513EB.jpg,,,,,,,,,DEWALT_DCF513EB_Specification_Sheet.pdf,,,,,,,,,,,,,,,,,,Yes
https://www.makita.com/product/XVP01Z,,,,,,,Industrial Supplies,Equipment & Hardware,Power Tool,,XVP01Z,"XVP01Z Makita 18V 3"" Polisher/ 2"" Sander",,,,Makita Usa Inc (5142),Makita USA Inc,Makita®,,XVP01Z,,Power Tool,"Makita, Power Tool, XVP01Z, 18 V, Industrial Grade, Commercial Quality",POWER TOOL 18V,Makita® XVP01Z Power Tool 18 V,"Makita®, Power Tool, Model XVP01Z, 18 V","Power Tool, XVP01Z","Makita®, Power Tool, Model XVP01Z, 18 V",,,,,,,,,,,,,,,,,,,,,,,,,,Power Tool,Item Type,Power Tool,,Voltage,18,V,,,,,,,,,,,,,,,,,,,,,,,,,,,,,,,,,,,,,,,,,,,,,,,,,,,,,,,,,,,,,,,,,,,,,,,,,,,,,,,,,,,,,,,,,,,,,,,,,,,,,,,,,,,,,,,,,,,,,,,,,,,,,,,,,,,,,,,,,,,,,,,,,,,,,,,,,,,,,,,,,,,,MAKITA_XVP01Z.jpg,,,,,,,,,MAKITA_XVP01Z_Specification_Sheet.pdf,,,,,,,,,,,,,,,,,,Yes
https://www.dewalt.com/product/DCM200B,,,,,,,Industrial Supplies,Equipment & Hardware,Tools & Parts,,DCM200B,DCM200B Dewalt 1/2in x 18in - Band File,,,DEWALT,Black & Decker/dewlt (2585),Black & Decker/dewlt,DEWALT®,,DCM200B,,Industrial Equipment,"DEWALT, DCM200B, Industrial Grade, Commercial Quality, Professional Performance",DEWALT 1/2 IN,DEWALT® DCM200B 1/2 in x 18,"DEWALT®, Model DCM200B",DCM200B,"DEWALT®, Model DCM200B",,,,,,,,,,,,,,,,,,,,,,,,,,Product,,,,,,,,,,,,,,,,,,,,,,,,,,,,,,,,,,,,,,,,,,,,,,,,,,,,,,,,,,,,,,,,,,,,,,,,,,,,,,,,,,,,,,,,,,,,,,,,,,,,,,,,,,,,,,,,,,,,,,,,,,,,,,,,,,,,,,,,,,,,,,,,,,,,,,,,,,,,,,,,,,,,,,,,,,DEWALT_DCM200B.jpg,,,,,,,,,DEWALT_DCM200B_Specification_Sheet.pdf,,,,,,,,,,,,,,,,,,Yes
https://www.dewalt.com/product/DCG410B,,,,,,,Industrial Supplies,Equipment & Hardware,Power Tool,,DCG410B,"DCG410B Dewalt 20V 4-1/2""-5"" - Angle Grinder (Bare)",,,DEWALT,Black & Decker/dewlt (2585),Black & Decker/dewlt,DEWALT®,,DCG410B,,Power Tool,"DEWALT, Power Tool, DCG410B, 20 V, Industrial Grade, Commercial Quality",POWER TOOL 20V,DEWALT® DCG410B Power Tool 20 V,"DEWALT®, Power Tool, Model DCG410B, 20 V, Bare Tool","Power Tool, DCG410B","DEWALT®, Power Tool, Model DCG410B, 20 V, Bare Tool",,,,,,,,,,,,,,,,,,,,,,,,,,Power Tool,Item Type,Power Tool,,Voltage,20,V,Configuration,Bare Tool,,,,,,,,,,,,,,,,,,,,,,,,,,,,,,,,,,,,,,,,,,,,,,,,,,,,,,,,,,,,,,,,,,,,,,,,,,,,,,,,,,,,,,,,,,,,,,,,,,,,,,,,,,,,,,,,,,,,,,,,,,,,,,,,,,,,,,,,,,,,,,,,,,,,,,,,,,,,,,,,,,DEWALT_DCG410B.jpg,,,,,,,,,DEWALT_DCG410B_Specification_Sheet.pdf,,,,,,,,,,,,,,,,,,Yes
https://www.dewalt.com/product/DCG460B,,,,,,,Industrial Supplies,Equipment & Hardware,Tools & Parts,,DCG460B,"DCG460B Dewalt 60V Grinder - 7-9""",,,DEWALT,Black & Decker/dewlt (2585),Black & Decker/dewlt,DEWALT®,,DCG460B,,Industrial Equipment,"DEWALT, DCG460B, 60 V, Industrial Grade, Commercial Quality, Heavy Duty",DEWALT 60 V 60V,DEWALT® DCG460B 60 V Grinder -,"DEWALT®, Model DCG460B, 60 V",DCG460B,"DEWALT®, Model DCG460B, 60 V",,,,,,,,,,,,,,,,,,,,,,,,,,Product,Voltage,60,V,,,,,,,,,,,,,,,,,,,,,,,,,,,,,,,,,,,,,,,,,,,,,,,,,,,,,,,,,,,,,,,,,,,,,,,,,,,,,,,,,,,,,,,,,,,,,,,,,,,,,,,,,,,,,,,,,,,,,,,,,,,,,,,,,,,,,,,,,,,,,,,,,,,,,,,,,,,,,,,,,,,,,,,DEWALT_DCG460B.jpg,,,,,,,,,DEWALT_DCG460B_Specification_Sheet.pdf,,,,,,,,,,,,,,,,,,Yes
https://www.dewalt.com/product/DCG402B,,,,,,,Industrial Supplies,Equipment & Hardware,Power Tool,,DCG402B,"DCG402B Dewalt 20V 4.5"" Angle Grinder (Bare)",,,,Black & Decker/dewlt (2585),Black & Decker/dewlt,DEWALT®,,DCG402B,,Power Tool,"DEWALT, Power Tool, DCG402B, 20 V, Industrial Grade, Commercial Quality",POWER TOOL 20V,DEWALT® DCG402B Power Tool 20 V,"DEWALT®, Power Tool, Model DCG402B, 20 V, Bare Tool","Power Tool, DCG402B","DEWALT®, Power Tool, Model DCG402B, 20 V, Bare Tool",,,,,,,,,,,,,,,,,,,,,,,,,,Power Tool,Item Type,Power Tool,,Voltage,20,V,Configuration,Bare Tool,,,,,,,,,,,,,,,,,,,,,,,,,,,,,,,,,,,,,,,,,,,,,,,,,,,,,,,,,,,,,,,,,,,,,,,,,,,,,,,,,,,,,,,,,,,,,,,,,,,,,,,,,,,,,,,,,,,,,,,,,,,,,,,,,,,,,,,,,,,,,,,,,,,,,,,,,,,,,,,,,,DEWALT_DCG402B.jpg,,,,,,,,,DEWALT_DCG402B_Specification_Sheet.pdf,,,,,,,,,,,,,,,,,,Yes
https://www.milwaukee.com/product/3485-20,,,,,,,Industrial Supplies,Equipment & Hardware,Tools & Parts,,3485-20,"3485-20 Milw M12 1/4"" Right Angle Die Grinder",,,,Milwaukee Accessory (4031),Milwaukee Electric Tool Corp,Milwaukee®,M12,3485-20,,Industrial Equipment,"Milwaukee, M12, 3485-20, Industrial Grade, Commercial Quality",MILW M12 1/4,Milwaukee® M12 3485-20 M12 1/4 in Right,"Milwaukee®, M12, Model 3485-20","M12 , 3485-20","Milwaukee®, M12, Model 3485-20",,,,,,,,,,,,,,,,,,,,,,,,,,Product,Series,M12,,,,,,,,,,,,,,,,,,,,,,,,,,,,,,,,,,,,,,,,,,,,,,,,,,,,,,,,,,,,,,,,,,,,,,,,,,,,,,,,,,,,,,,,,,,,,,,,,,,,,,,,,,,,,,,,,,,,,,,,,,,,,,,,,,,,,,,,,,,,,,,,,,,,,,,,,,,,,,,,,,,,,,,,MILWAUKEE_3485-20.jpg,,,,,,,,,MILWAUKEE_3485-20_Specification_Sheet.pdf,,,,,,,,,,,,,,,,,,Yes
https://www.dewalt.com/product/DCG420B,,,,,,,Industrial Supplies,Equipment & Hardware,Tools & Parts,,DCG420B,DCG420B Dewalt 20V Die Grinder (Bare),,,,Black & Decker/dewlt (2585),Black & Decker/dewlt,DEWALT®,,DCG420B,,Industrial Equipment,"DEWALT, DCG420B, 20 V, Industrial Grade, Commercial Quality, Heavy Duty",DEWALT 20 V 20V,DEWALT® DCG420B 20 V Die Grinder,"DEWALT®, Model DCG420B, 20 V, Bare Tool",DCG420B,"DEWALT®, Model DCG420B, 20 V, Bare Tool",,,,,,,,,,,,,,,,,,,,,,,,,,Product,Voltage,20,V,Configuration,Bare Tool,,,,,,,,,,,,,,,,,,,,,,,,,,,,,,,,,,,,,,,,,,,,,,,,,,,,,,,,,,,,,,,,,,,,,,,,,,,,,,,,,,,,,,,,,,,,,,,,,,,,,,,,,,,,,,,,,,,,,,,,,,,,,,,,,,,,,,,,,,,,,,,,,,,,,,,,,,,,,,,,,,,,,DEWALT_DCG420B.jpg,,,,,,,,,DEWALT_DCG420B_Specification_Sheet.pdf,,,,,,,,,,,,,,,,,,Yes
https://www.dewalt.com/product/DCG422B,,,,,,,Industrial Supplies,Equipment & Hardware,Tools & Parts,,DCG422B,DCG422B Dewalt 20V Right Angle Die Grinder (Bare),,,,Black & Decker/dewlt (2585),Black & Decker/dewlt,DEWALT®,,DCG422B,,Industrial Equipment,"DEWALT, DCG422B, 20 V, Industrial Grade, Commercial Quality, Heavy Duty",DEWALT 20 V 20V,DEWALT® DCG422B 20 V Right Angle,"DEWALT®, Model DCG422B, 20 V, Bare Tool",DCG422B,"DEWALT®, Model DCG422B, 20 V, Bare Tool",,,,,,,,,,,,,,,,,,,,,,,,,,Product,Voltage,20,V,Configuration,Bare Tool,,,,,,,,,,,,,,,,,,,,,,,,,,,,,,,,,,,,,,,,,,,,,,,,,,,,,,,,,,,,,,,,,,,,,,,,,,,,,,,,,,,,,,,,,,,,,,,,,,,,,,,,,,,,,,,,,,,,,,,,,,,,,,,,,,,,,,,,,,,,,,,,,,,,,,,,,,,,,,,,,,,,,DEWALT_DCG422B.jpg,,,,,,,,,DEWALT_DCG422B_Specification_Sheet.pdf,,,,,,,,,,,,,,,,,,Yes
https://www.industrialstandard.com/product/924422,,,,,,,Industrial Supplies,Equipment & Hardware,Tools & Parts,,924422,924422 Mafell Carpentry - Planing Machine ZH 320 Ec 120V,,,,,Industrial Standard,Industrial Standard,,924422,,Industrial Equipment,"Industrial Standard, 924422, 120 V, Industrial Grade, Commercial Quality",MAFELL CARPENTRY - 120V,Industrial Standard 924422 Mafell Carpentry - Planing 120 V,"Industrial Standard, Model 924422, 120 V",924422,"Industrial Standard, Model 924422, 120 V",,,,,,,,,,,,,,,,,,,,,,,,,,Product,Voltage,120,V,,,,,,,,,,,,,,,,,,,,,,,,,,,,,,,,,,,,,,,,,,,,,,,,,,,,,,,,,,,,,,,,,,,,,,,,,,,,,,,,,,,,,,,,,,,,,,,,,,,,,,,,,,,,,,,,,,,,,,,,,,,,,,,,,,,,,,,,,,,,,,,,,,,,,,,,,,,,,,,,,,,,,,,INDUSTRIAL_STANDARD_924422.jpg,,,,,,,,,INDUSTRIAL_STANDARD_924422_Specification_Sheet.pdf,,,,,,,,,,,,,,,,,,Yes
https://www.dewalt.com/product/DCW620B,,,,,,,Industrial Supplies,Equipment & Hardware,Tools & Parts,,DCW620B,DCW620B Dewalt 20V Plunge - Router,,,,Black & Decker/dewlt (2585),Black & Decker/dewlt,DEWALT®,,DCW620B,,Industrial Equipment,"DEWALT, DCW620B, 20 V, Industrial Grade, Commercial Quality, Heavy Duty",DEWALT 20 V 20V,DEWALT® DCW620B 20 V Plunge -,"DEWALT®, Model DCW620B, 20 V",DCW620B,"DEWALT®, Model DCW620B, 20 V",,,,,,,,,,,,,,,,,,,,,,,,,,Product,Voltage,20,V,,,,,,,,,,,,,,,,,,,,,,,,,,,,,,,,,,,,,,,,,,,,,,,,,,,,,,,,,,,,,,,,,,,,,,,,,,,,,,,,,,,,,,,,,,,,,,,,,,,,,,,,,,,,,,,,,,,,,,,,,,,,,,,,,,,,,,,,,,,,,,,,,,,,,,,,,,,,,,,,,,,,,,,DEWALT_DCW620B.jpg,,,,,,,,,DEWALT_DCW620B_Specification_Sheet.pdf,,,,,,,,,,,,,,,,,,Yes
https://www.milwaukee.com/product/2535-20,,,,,,,Industrial Supplies,Equipment & Hardware,Power Tool,,2535-20,"2535-20 Milw 3"" Orbit Sander - M12",,,,Milwaukee Accessory (4031),Milwaukee Electric Tool Corp,Milwaukee®,M12,2535-20,,Power Tool,"Milwaukee, Power Tool, M12, 2535-20, Industrial Grade, Commercial Quality",POWER TOOL,Milwaukee® M12 2535-20 Power Tool,"Milwaukee®, M12, Power Tool, Model 2535-20","M12 Power Tool, 2535-20","Milwaukee®, M12, Power Tool, Model 2535-20",,,,,,,,,,,,,,,,,,,,,,,,,,Power Tool,Item Type,Power Tool,,Series,M12,,,,,,,,,,,,,,,,,,,,,,,,,,,,,,,,,,,,,,,,,,,,,,,,,,,,,,,,,,,,,,,,,,,,,,,,,,,,,,,,,,,,,,,,,,,,,,,,,,,,,,,,,,,,,,,,,,,,,,,,,,,,,,,,,,,,,,,,,,,,,,,,,,,,,,,,,,,,,,,,,,,,,MILWAUKEE_2535-20.jpg,,,,,,,,,MILWAUKEE_2535-20_Specification_Sheet.pdf,,,,,,,,,,,,,,,,,,Yes
https://www.milwaukee.com/product/2837-20,,,,,,,Industrial Supplies,Equipment & Hardware,Power Tool,,2837-20,"2837-20 Milw M18 5"" Sander - Orbital (Bare)",,,Milwaukee,Milwaukee Accessory (4031),Milwaukee Electric Tool Corp,Milwaukee®,M18,2837-20,,Power Tool,"Milwaukee, Power Tool, M18, 2837-20, Industrial Grade, Commercial Quality",POWER TOOL,Milwaukee® M18 2837-20 Power Tool,"Milwaukee®, M18, Power Tool, Model 2837-20, Bare Tool","M18 Power Tool, 2837-20","Milwaukee®, M18, Power Tool, Model 2837-20, Bare Tool",,,,,,,,,,,,,,,,,,,,,,,,,,Power Tool,Item Type,Power Tool,,Series,M18,,Configuration,Bare Tool,,,,,,,,,,,,,,,,,,,,,,,,,,,,,,,,,,,,,,,,,,,,,,,,,,,,,,,,,,,,,,,,,,,,,,,,,,,,,,,,,,,,,,,,,,,,,,,,,,,,,,,,,,,,,,,,,,,,,,,,,,,,,,,,,,,,,,,,,,,,,,,,,,,,,,,,,,,,,,,,,,MILWAUKEE_2837-20.jpg,,,,,,,,,MILWAUKEE_2837-20_Specification_Sheet.pdf,,,,,,,,,,,,,,,,,,Yes
https://www.festool.com/product/577728,,,,,,,Industrial Supplies,Equipment & Hardware,Power Tool,,577728,577728 Festool Cordless Sander - ETSC 2 150 I-Plus,,,,Festool USA (FESTO),Festool USA,Festool®,,577728,,Power Tool,"Festool, Power Tool, 577728, Industrial Grade, Commercial Quality",POWER TOOL,Festool® 577728 Power Tool,"Festool®, Power Tool, Model 577728","Power Tool, 577728","Festool®, Power Tool, Model 577728",,,,,,,,,,,,,,,,,,,,,,,,,,Power Tool,Item Type,Power Tool,,,,,,,,,,,,,,,,,,,,,,,,,,,,,,,,,,,,,,,,,,,,,,,,,,,,,,,,,,,,,,,,,,,,,,,,,,,,,,,,,,,,,,,,,,,,,,,,,,,,,,,,,,,,,,,,,,,,,,,,,,,,,,,,,,,,,,,,,,,,,,,,,,,,,,,,,,,,,,,,,,,,,,,,FESTOOL_577728.jpg,,,,,,,,,FESTOOL_577728_Specification_Sheet.pdf,,,,,,,,,,,,,,,,,,Yes
https://www.festool.com/product/577738,,,,,,,Industrial Supplies,Equipment & Hardware,Power Tool,,577738,577738 Festool Cordless Sander - ETSC 2 125 I-Plus,,,,Festool USA (FESTO),Festool USA,Festool®,,577738,,Power Tool,"Festool, Power Tool, 577738, Industrial Grade, Commercial Quality",POWER TOOL,Festool® 577738 Power Tool,"Festool®, Power Tool, Model 577738","Power Tool, 577738","Festool®, Power Tool, Model 577738",,,,,,,,,,,,,,,,,,,,,,,,,,Power Tool,Item Type,Power Tool,,,,,,,,,,,,,,,,,,,,,,,,,,,,,,,,,,,,,,,,,,,,,,,,,,,,,,,,,,,,,,,,,,,,,,,,,,,,,,,,,,,,,,,,,,,,,,,,,,,,,,,,,,,,,,,,,,,,,,,,,,,,,,,,,,,,,,,,,,,,,,,,,,,,,,,,,,,,,,,,,,,,,,,,FESTOOL_577738.jpg,,,,,,,,,FESTOOL_577738_Specification_Sheet.pdf,,,,,,,,,,,,,,,,,,Yes
https://www.kreg.com/product/KPTRS500A,,,,,,,Industrial Supplies,Equipment & Hardware,Power Tool,,KPTRS500A,"KPTRS500A Kreg 20V Ionic 5"" Random Orbit Sander",,,,Kreg Tool Company (KRETO),Kreg Tool Company,Kreg®,,KPTRS500A,,Power Tool,"Kreg, Power Tool, KPTRS500A, 20 V, Industrial Grade, Commercial Quality",POWER TOOL 20V,Kreg® KPTRS500A Power Tool 20 V,"Kreg®, Power Tool, Model KPTRS500A, 20 V","Power Tool, KPTRS500A","Kreg®, Power Tool, Model KPTRS500A, 20 V",,,,,,,,,,,,,,,,,,,,,,,,,,Power Tool,Item Type,Power Tool,,Voltage,20,V,,,,,,,,,,,,,,,,,,,,,,,,,,,,,,,,,,,,,,,,,,,,,,,,,,,,,,,,,,,,,,,,,,,,,,,,,,,,,,,,,,,,,,,,,,,,,,,,,,,,,,,,,,,,,,,,,,,,,,,,,,,,,,,,,,,,,,,,,,,,,,,,,,,,,,,,,,,,,,,,,,,,KREG_KPTRS500A.jpg,,,,,,,,,KREG_KPTRS500A_Specification_Sheet.pdf,,,,,,,,,,,,,,,,,,Yes
https://www.mirka.com/product/24-35M-320,,,,,,,Industrial Supplies,Equipment & Hardware,Tools & Parts,,24-35M-320,"24-35M-320 Iridium Grip - 3.2"" x 5.2"" Grip",,,,Mirka Abrasives Inc (MIRUS),Mirka Abrasives Inc,Mirka®,,24-35M-320,,Industrial Equipment,"Mirka, 24-35M-320, Industrial Grade, Commercial Quality, Heavy Duty",IRIDIUM GRIP -,Mirka® 24-35M-320 Iridium Grip - 3-13/64,"Mirka®, Model 24-35M-320",24-35M-320,"Mirka®, Model 24-35M-320",,,,,,,,,,,,,,,,,,,,,,,,,,Product,,,,,,,,,,,,,,,,,,,,,,,,,,,,,,,,,,,,,,,,,,,,,,,,,,,,,,,,,,,,,,,,,,,,,,,,,,,,,,,,,,,,,,,,,,,,,,,,,,,,,,,,,,,,,,,,,,,,,,,,,,,,,,,,,,,,,,,,,,,,,,,,,,,,,,,,,,,,,,,,,,,,,,,,,,MIRKA_24-35M-320.jpg,,,,,,,,,MIRKA_24-35M-320_Specification_Sheet.pdf,,,,,,,,,,,,,,,,,,Yes
https://www.mirka.com/product/9A-129-120,,,,,,,Industrial Supplies,Equipment & Hardware,Tools & Parts,,9A-129-120,9A-129-120 Abranet 3x4 - 50 Sheets/Box,,,,Mirka Abrasives Inc (MIRUS),Mirka Abrasives Inc,Mirka®,,9A-129-120,,Industrial Equipment,"Mirka, 9A-129-120, 3 in x 4 in x 50, 50 pc, Industrial Grade",ABRANET 3X4 - 3INX4INX50 50PC,"Mirka® 9A-129-120 Abranet 3x4 - 50 3 in x 4 in x 50, 50 pc","Mirka®, Model 9A-129-120, 3 in x 4 in x 50, 50 pc",9A-129-120,"Mirka®, Model 9A-129-120, 3 in x 4 in x 50, 50 pc",,,,,,,,,,,,,,,,,,,,,,,,,,Product,Dimensions,3 in x 4 in x 50,,Package Quantity,50,pc,,,,,,,,,,,,,,,,,,,,,,,,,,,,,,,,,,,,,,,,,,,,,,,,,,,,,,,,,,,,,,,,,,,,,,,,,,,,,,,,,,,,,,,,,,,,,,,,,,,,,,,,,,,,,,,,,,,,,,,,,,,,,,,,,,,,,,,,,,,,,,,,,,,,,,,,,,,,,,,,,,,,MIRKA_9A-129-120.jpg,,,,,,,,,MIRKA_9A-129-120_Specification_Sheet.pdf,,,,,,,,,,,,,,,,,,Yes
https://www.festool.com/product/578800,,,,,,,Industrial Supplies,Equipment & Hardware,Tools & Parts,,578800,578800 Festool 80x133 M GR PRO/10,,,,Festool USA (FESTO),Festool USA,Festool®,,578800,,Industrial Equipment,"Festool, 578800, 80 in x 133 in, Industrial Grade, Commercial Quality",FESTOOL 80X133 M 80INX133IN,Festool® 578800 80x133 M GR PRO/10 80 in x 133 in,"Festool®, Model 578800, 80 in x 133 in",578800,"Festool®, Model 578800, 80 in x 133 in",,,,,,,,,,,,,,,,,,,,,,,,,,Product,Dimensions,80 in x 133,in,,,,,,,,,,,,,,,,,,,,,,,,,,,,,,,,,,,,,,,,,,,,,,,,,,,,,,,,,,,,,,,,,,,,,,,,,,,,,,,,,,,,,,,,,,,,,,,,,,,,,,,,,,,,,,,,,,,,,,,,,,,,,,,,,,,,,,,,,,,,,,,,,,,,,,,,,,,,,,,,,,,,,,,FESTOOL_578800.jpg,,,,,,,,,FESTOOL_578800_Specification_Sheet.pdf,,,,,,,,,,,,,,,,,,Yes
https://www.festool.com/product/578801,,,,,,,Industrial Supplies,Equipment & Hardware,Tools & Parts,,578801,578801 Festool 80x133 F GR PRO/10,,,,Festool USA (FESTO),Festool USA,Festool®,,578801,,Industrial Equipment,"Festool, 578801, 80 in x 133 in, Industrial Grade, Commercial Quality",FESTOOL 80X133 F 80INX133IN,Festool® 578801 80x133 GR PRO/10 80 in x 133 in,"Festool®, Model 578801, 80 in x 133 in",578801,"Festool®, Model 578801, 80 in x 133 in",,,,,,,,,,,,,,,,,,,,,,,,,,Product,Dimensions,80 in x 133,in,,,,,,,,,,,,,,,,,,,,,,,,,,,,,,,,,,,,,,,,,,,,,,,,,,,,,,,,,,,,,,,,,,,,,,,,,,,,,,,,,,,,,,,,,,,,,,,,,,,,,,,,,,,,,,,,,,,,,,,,,,,,,,,,,,,,,,,,,,,,,,,,,,,,,,,,,,,,,,,,,,,,,,,FESTOOL_578801.jpg,,,,,,,,,FESTOOL_578801_Specification_Sheet.pdf,,,,,,,,,,,,,,,,,,Yes
https://www.festool.com/product/578802,,,,,,,Industrial Supplies,Equipment & Hardware,Tools & Parts,,578802,578802 Festool 80x133 S GR PRO/10,,,,Festool USA (FESTO),Festool USA,Festool®,,578802,,Industrial Equipment,"Festool, 578802, 80 in x 133 in, Industrial Grade, Commercial Quality",FESTOOL 80X133 S 80INX133IN,Festool® 578802 80x133 GR PRO/10 80 in x 133 in,"Festool®, Model 578802, 80 in x 133 in",578802,"Festool®, Model 578802, 80 in x 133 in",,,,,,,,,,,,,,,,,,,,,,,,,,Product,Dimensions,80 in x 133,in,,,,,,,,,,,,,,,,,,,,,,,,,,,,,,,,,,,,,,,,,,,,,,,,,,,,,,,,,,,,,,,,,,,,,,,,,,,,,,,,,,,,,,,,,,,,,,,,,,,,,,,,,,,,,,,,,,,,,,,,,,,,,,,,,,,,,,,,,,,,,,,,,,,,,,,,,,,,,,,,,,,,,,,FESTOOL_578802.jpg,,,,,,,,,FESTOOL_578802_Specification_Sheet.pdf,,,,,,,,,,,,,,,,,,Yes
https://www.festool.com/product/578808,,,,,,,Industrial Supplies,Equipment & Hardware,Tools & Parts,,578808,578808 Festool 3x4 M GR PRO/10,,,,Festool USA (FESTO),Festool USA,Festool®,,578808,,Industrial Equipment,"Festool, 578808, 3 in x 4 in, Industrial Grade, Commercial Quality",FESTOOL 3X4 M 3INX4IN,Festool® 578808 3x4 M GR PRO/10 3 in x 4 in,"Festool®, Model 578808, 3 in x 4 in",578808,"Festool®, Model 578808, 3 in x 4 in",,,,,,,,,,,,,,,,,,,,,,,,,,Product,Dimensions,3 in x 4,in,,,,,,,,,,,,,,,,,,,,,,,,,,,,,,,,,,,,,,,,,,,,,,,,,,,,,,,,,,,,,,,,,,,,,,,,,,,,,,,,,,,,,,,,,,,,,,,,,,,,,,,,,,,,,,,,,,,,,,,,,,,,,,,,,,,,,,,,,,,,,,,,,,,,,,,,,,,,,,,,,,,,,,,FESTOOL_578808.jpg,,,,,,,,,FESTOOL_578808_Specification_Sheet.pdf,,,,,,,,,,,,,,,,,,Yes
https://www.festool.com/product/578809,,,,,,,Industrial Supplies,Equipment & Hardware,Tools & Parts,,578809,578809 Festool 3x4 F GR PRO/10,,,,Festool USA (FESTO),Festool USA,Festool®,,578809,,Industrial Equipment,"Festool, 578809, 3 in x 4 in, Industrial Grade, Commercial Quality",FESTOOL 3X4 F 3INX4IN,Festool® 578809 3x4 GR PRO/10 3 in x 4 in,"Festool®, Model 578809, 3 in x 4 in",578809,"Festool®, Model 578809, 3 in x 4 in",,,,,,,,,,,,,,,,,,,,,,,,,,Product,Dimensions,3 in x 4,in,,,,,,,,,,,,,,,,,,,,,,,,,,,,,,,,,,,,,,,,,,,,,,,,,,,,,,,,,,,,,,,,,,,,,,,,,,,,,,,,,,,,,,,,,,,,,,,,,,,,,,,,,,,,,,,,,,,,,,,,,,,,,,,,,,,,,,,,,,,,,,,,,,,,,,,,,,,,,,,,,,,,,,,FESTOOL_578809.jpg,,,,,,,,,FESTOOL_578809_Specification_Sheet.pdf,,,,,,,,,,,,,,,,,,Yes
https://www.festool.com/product/578810,,,,,,,Industrial Supplies,Equipment & Hardware,Tools & Parts,,578810,578810 Festool 3x4 S GR PRO/10,,,Festool USA (FESTO),,Festool USA,Festool®,,578810,,Industrial Equipment,"Festool, 578810, 3 in x 4 in, Industrial Grade, Commercial Quality",FESTOOL 3X4 S 3INX4IN,Festool® 578810 3x4 GR PRO/10 3 in x 4 in,"Festool®, Model 578810, 3 in x 4 in",578810,"Festool®, Model 578810, 3 in x 4 in",,,,,,,,,,,,,,,,,,,,,,,,,,Product,Dimensions,3 in x 4,in,,,,,,,,,,,,,,,,,,,,,,,,,,,,,,,,,,,,,,,,,,,,,,,,,,,,,,,,,,,,,,,,,,,,,,,,,,,,,,,,,,,,,,,,,,,,,,,,,,,,,,,,,,,,,,,,,,,,,,,,,,,,,,,,,,,,,,,,,,,,,,,,,,,,,,,,,,,,,,,,,,,,,,,FESTOOL_578810.jpg,,,,,,,,,FESTOOL_578810_Specification_Sheet.pdf,,,,,,,,,,,,,,,,,,Yes
https://www.festool.com/product/578811,,,,,,,Industrial Supplies,Equipment & Hardware,Tools & Parts,,578811,578811 Festool 3x4 GR PRO/10-Set,,,Festool USA (FESTO),,Festool USA,Festool®,,578811,,Industrial Equipment,"Festool, 578811, 3 in x 4 in, Industrial Grade, Commercial Quality",FESTOOL 3X4 GR 3INX4IN,Festool® 578811 3x4 GR PRO/10-Set 3 in x 4 in,"Festool®, Model 578811, 3 in x 4 in",578811,"Festool®, Model 578811, 3 in x 4 in",,,,,,,,,,,,,,,,,,,,,,,,,,Product,Dimensions,3 in x 4,in,,,,,,,,,,,,,,,,,,,,,,,,,,,,,,,,,,,,,,,,,,,,,,,,,,,,,,,,,,,,,,,,,,,,,,,,,,,,,,,,,,,,,,,,,,,,,,,,,,,,,,,,,,,,,,,,,,,,,,,,,,,,,,,,,,,,,,,,,,,,,,,,,,,,,,,,,,,,,,,,,,,,,,,FESTOOL_578811.jpg,,,,,,,,,FESTOOL_578811_Specification_Sheet.pdf,,,,,,,,,,,,,,,,,,Yes
https://www.festool.com/product/578192,,,,,,,Industrial Supplies,Equipment & Hardware,Tools & Parts,,578192,578192 Festool D 150 GR SYS - Systainer Abrasive Set,,,Festool USA (FESTO),,Festool USA,Festool®,,578192,,Industrial Equipment,"Festool, 578192, Industrial Grade, Commercial Quality, Professional Performance",FESTOOL D 150,Festool® 578192 D 150 GR SYS,"Festool®, Model 578192",578192,"Festool®, Model 578192",,,,,,,,,,,,,,,,,,,,,,,,,,Product,,,,,,,,,,,,,,,,,,,,,,,,,,,,,,,,,,,,,,,,,,,,,,,,,,,,,,,,,,,,,,,,,,,,,,,,,,,,,,,,,,,,,,,,,,,,,,,,,,,,,,,,,,,,,,,,,,,,,,,,,,,,,,,,,,,,,,,,,,,,,,,,,,,,,,,,,,,,,,,,,,,,,,,,,,FESTOOL_578192.jpg,,,,,,,,,FESTOOL_578192_Specification_Sheet.pdf,,,,,,,,,,,,,,,,,,Yes
https://www.festool.com/product/578806,,,,,,,Industrial Supplies,Equipment & Hardware,Tools & Parts,,578806,578806 Festool Delta S GR PRO/10,,,Festool USA (FESTO),,Festool USA,Festool®,,578806,,Industrial Equipment,"Festool, 578806, Industrial Grade, Commercial Quality, Professional Performance",FESTOOL DELTA S,Festool® 578806 Delta GR PRO/10,"Festool®, Model 578806",578806,"Festool®, Model 578806",,,,,,,,,,,,,,,,,,,,,,,,,,Product,,,,,,,,,,,,,,,,,,,,,,,,,,,,,,,,,,,,,,,,,,,,,,,,,,,,,,,,,,,,,,,,,,,,,,,,,,,,,,,,,,,,,,,,,,,,,,,,,,,,,,,,,,,,,,,,,,,,,,,,,,,,,,,,,,,,,,,,,,,,,,,,,,,,,,,,,,,,,,,,,,,,,,,,,,FESTOOL_578806.jpg,,,,,,,,,FESTOOL_578806_Specification_Sheet.pdf,,,,,,,,,,,,,,,,,,Yes
https://www.diablo.com/product/D0860X,,,,,,,Industrial Supplies,Equipment & Hardware,Circular Saw Blade,,D0860X,"D0860X Diablo 8-1/4"" 60 Tooth - Fine Finish Saw Blade",,,,Freud Inc (2435),Freud America Inc,Diablo®,,D0860X,,Circular Saw Blade,"Diablo, Circular Saw Blade, D0860X, 60 T, Industrial Grade, Commercial Quality",CIRCULAR SAW BLADE 60T,Diablo® D0860X Circular Saw Blade 60 T,"Diablo®, Circular Saw Blade, Model D0860X, 60 T","Circular Saw Blade, D0860X","Diablo®, Circular Saw Blade, Model D0860X, 60 T",,,,,,,,,,,,,,,,,,,,,,,,,,Circular Saw Blade,Item Type,Circular Saw Blade,,Tooth Count,60,T,,,,,,,,,,,,,,,,,,,,,,,,,,,,,,,,,,,,,,,,,,,,,,,,,,,,,,,,,,,,,,,,,,,,,,,,,,,,,,,,,,,,,,,,,,,,,,,,,,,,,,,,,,,,,,,,,,,,,,,,,,,,,,,,,,,,,,,,,,,,,,,,,,,,,,,,,,,,,,,,,,,,DIABLO_D0860X.jpg,,,,,,,,,DIABLO_D0860X_Specification_Sheet.pdf,,,,,,,,,,,,,,,,,,Yes
https://www.milwaukee.com/product/48-40-0740,,,,,,,Industrial Supplies,Equipment & Hardware,Circular Saw Blade,,48-40-0740,48-40-0740 Milw 7-1/4in. 24T - Framing Circ Saw Blade,,,Milwaukee,Milwaukee Accessory (4031),Milwaukee Electric Tool Corp,Milwaukee®,,48-40-0740,,Circular Saw Blade,"Milwaukee, Circular Saw Blade, 48-40-0740, 24 T, Industrial Grade",CIRCULAR SAW BLADE 24T,Milwaukee® 48-40-0740 Circular Saw Blade 24 T,"Milwaukee®, Circular Saw Blade, Model 48-40-0740, 24 T","Circular Saw Blade, 48-40-0740","Milwaukee®, Circular Saw Blade, Model 48-40-0740, 24 T",,,,,,,,,,,,,,,,,,,,,,,,,,Circular Saw Blade,Item Type,Circular Saw Blade,,Tooth Count,24,T,,,,,,,,,,,,,,,,,,,,,,,,,,,,,,,,,,,,,,,,,,,,,,,,,,,,,,,,,,,,,,,,,,,,,,,,,,,,,,,,,,,,,,,,,,,,,,,,,,,,,,,,,,,,,,,,,,,,,,,,,,,,,,,,,,,,,,,,,,,,,,,,,,,,,,,,,,,,,,,,,,,,MILWAUKEE_48-40-0740.jpg,,,,,,,,,MILWAUKEE_48-40-0740_Specification_Sheet.pdf,,,,,,,,,,,,,,,,,,Yes
https://www.milwaukee.com/product/48-41-0740,,,,,,,Industrial Supplies,Equipment & Hardware,Tools & Parts,,48-41-0740,48-41-0740 Milw7-1/4 24TFrming - Blade,,,,Milwaukee Accessory (4031),Milwaukee Electric Tool Corp,Milwaukee®,,48-41-0740,,Industrial Equipment,"Milwaukee, 48-41-0740, Industrial Grade, Commercial Quality, Heavy Duty",MILW7-1/4 24TFRMING -,Milwaukee® 48-41-0740 Milw7-1/4 24TFrming - Blade,"Milwaukee®, Model 48-41-0740",48-41-0740,"Milwaukee®, Model 48-41-0740",,,,,,,,,,,,,,,,,,,,,,,,,,Product,,,,,,,,,,,,,,,,,,,,,,,,,,,,,,,,,,,,,,,,,,,,,,,,,,,,,,,,,,,,,,,,,,,,,,,,,,,,,,,,,,,,,,,,,,,,,,,,,,,,,,,,,,,,,,,,,,,,,,,,,,,,,,,,,,,,,,,,,,,,,,,,,,,,,,,,,,,,,,,,,,,,,,,,,,MILWAUKEE_48-41-0740.jpg,,,,,,,,,MILWAUKEE_48-41-0740_Specification_Sheet.pdf,,,,,,,,,,,,,,,,,,Yes
https://www.makita.com/product/A-96095,,,,,,,Industrial Supplies,Equipment & Hardware,Circular Saw Blade,,A-96095,"A-96095 Makita 5-7/8"" 32T Saw Blade",,,,Makita Usa Inc (5142),Makita USA Inc,Makita®,,A-96095,,Circular Saw Blade,"Makita, Circular Saw Blade, A-96095, 32 T, Industrial Grade, Commercial Quality",CIRCULAR SAW BLADE 32T,Makita® A-96095 Circular Saw Blade 32 T,"Makita®, Circular Saw Blade, Model A-96095, 32 T","Circular Saw Blade, A-96095","Makita®, Circular Saw Blade, Model A-96095, 32 T",,,,,,,,,,,,,,,,,,,,,,,,,,Circular Saw Blade,Item Type,Circular Saw Blade,,Tooth Count,32,T,,,,,,,,,,,,,,,,,,,,,,,,,,,,,,,,,,,,,,,,,,,,,,,,,,,,,,,,,,,,,,,,,,,,,,,,,,,,,,,,,,,,,,,,,,,,,,,,,,,,,,,,,,,,,,,,,,,,,,,,,,,,,,,,,,,,,,,,,,,,,,,,,,,,,,,,,,,,,,,,,,,,MAKITA_A-96095.jpg,,,,,,,,,MAKITA_A-96095_Specification_Sheet.pdf,,,,,,,,,,,,,,,,,,Yes
https://www.diablo.com/product/D0760UX,,,,,,,Industrial Supplies,Equipment & Hardware,Circular Saw Blade,,D0760UX,"D0760UX Diablo 7-1/4"" 60T Circ - Saw Blade",,,Diablo,Freud Inc (2435),Freud America Inc,Diablo®,,D0760UX,,Circular Saw Blade,"Diablo, Circular Saw Blade, D0760UX, 60 T, Industrial Grade, Commercial Quality",CIRCULAR SAW BLADE 60T,Diablo® D0760UX Circular Saw Blade 60 T,"Diablo®, Circular Saw Blade, Model D0760UX, 60 T","Circular Saw Blade, D0760UX","Diablo®, Circular Saw Blade, Model D0760UX, 60 T",,,,,,,,,,,,,,,,,,,,,,,,,,Circular Saw Blade,Item Type,Circular Saw Blade,,Tooth Count,60,T,,,,,,,,,,,,,,,,,,,,,,,,,,,,,,,,,,,,,,,,,,,,,,,,,,,,,,,,,,,,,,,,,,,,,,,,,,,,,,,,,,,,,,,,,,,,,,,,,,,,,,,,,,,,,,,,,,,,,,,,,,,,,,,,,,,,,,,,,,,,,,,,,,,,,,,,,,,,,,,,,,,,DIABLO_D0760UX.jpg,,,,,,,,,DIABLO_D0760UX_Specification_Sheet.pdf,,,,,,,,,,,,,,,,,,Yes
https://www.cmt.com/product/230.312.08,,,,,,,Industrial Supplies,Equipment & Hardware,Tools & Parts,,230.312.08,230.312.08 CMT Locked Dado Pro Set,,,,CMT USA Inc (CMTUS),CMT USA Inc,CMT®,,230.312.08,,Industrial Equipment,"CMT, 230.312.08, Industrial Grade, Commercial Quality, Professional Performance",CMT LOCKED DADO,CMT® 230.312.08 Locked Dado Pro Set,"CMT®, Model 230.312.08",230.312.08,"CMT®, Model 230.312.08",,,,,,,,,,,,,,,,,,,,,,,,,,Product,,,,,,,,,,,,,,,,,,,,,,,,,,,,,,,,,,,,,,,,,,,,,,,,,,,,,,,,,,,,,,,,,,,,,,,,,,,,,,,,,,,,,,,,,,,,,,,,,,,,,,,,,,,,,,,,,,,,,,,,,,,,,,,,,,,,,,,,,,,,,,,,,,,,,,,,,,,,,,,,,,,,,,,,,,CMT_230.312.08.jpg,,,,,,,,,CMT_230.312.08_Specification_Sheet.pdf,,,,,,,,,,,,,,,,,,Yes
https://www.diablo.com/product/D0708LF,,,,,,,Industrial Supplies,Equipment & Hardware,Circular Saw Blade,,D0708LF,"D0708LF Saw Blade 7-1/4""x8 - Laminate & Wood Flooring",,,,Freud Inc (2435),Freud America Inc,Diablo®,,D0708LF,,Circular Saw Blade,"Diablo, Circular Saw Blade, D0708LF, Industrial Grade, Commercial Quality",CIRCULAR SAW BLADE,Diablo® D0708LF Circular Saw Blade,"Diablo®, Circular Saw Blade, Model D0708LF","Circular Saw Blade, D0708LF","Diablo®, Circular Saw Blade, Model D0708LF",,,,,,,,,,,,,,,,,,,,,,,,,,Circular Saw Blade,Item Type,Circular Saw Blade,,,,,,,,,,,,,,,,,,,,,,,,,,,,,,,,,,,,,,,,,,,,,,,,,,,,,,,,,,,,,,,,,,,,,,,,,,,,,,,,,,,,,,,,,,,,,,,,,,,,,,,,,,,,,,,,,,,,,,,,,,,,,,,,,,,,,,,,,,,,,,,,,,,,,,,,,,,,,,,,,,,,,,,,DIABLO_D0708LF.jpg,,,,,,,,,DIABLO_D0708LF_Specification_Sheet.pdf,,,,,,,,,,,,,,,,,,Yes
https://www.diablo.com/product/D1012LF,,,,,,,Industrial Supplies,Equipment & Hardware,Circular Saw Blade,,D1012LF,"D1012LF Saw Blade 10""x12Teeth - Laminate & Wood Flooring",,,,Freud Inc (2435),Freud America Inc,Diablo®,,D1012LF,,Circular Saw Blade,"Diablo, Circular Saw Blade, D1012LF, Industrial Grade, Commercial Quality",CIRCULAR SAW BLADE,Diablo® D1012LF Circular Saw Blade,"Diablo®, Circular Saw Blade, Model D1012LF","Circular Saw Blade, D1012LF","Diablo®, Circular Saw Blade, Model D1012LF",,,,,,,,,,,,,,,,,,,,,,,,,,Circular Saw Blade,Item Type,Circular Saw Blade,,,,,,,,,,,,,,,,,,,,,,,,,,,,,,,,,,,,,,,,,,,,,,,,,,,,,,,,,,,,,,,,,,,,,,,,,,,,,,,,,,,,,,,,,,,,,,,,,,,,,,,,,,,,,,,,,,,,,,,,,,,,,,,,,,,,,,,,,,,,,,,,,,,,,,,,,,,,,,,,,,,,,,,,DIABLO_D1012LF.jpg,,,,,,,,,DIABLO_D1012LF_Specification_Sheet.pdf,,,,,,,,,,,,,,,,,,Yes
https://www.diablo.com/product/D1216LF,,,,,,,Industrial Supplies,Equipment & Hardware,Circular Saw Blade,,D1216LF,"D1216LF Saw Blade 12""x16Teeth - Laminate & Wood Flooring",,,,Freud Inc (2435),Freud America Inc,Diablo®,,D1216LF,,Circular Saw Blade,"Diablo, Circular Saw Blade, D1216LF, Industrial Grade, Commercial Quality",CIRCULAR SAW BLADE,Diablo® D1216LF Circular Saw Blade,"Diablo®, Circular Saw Blade, Model D1216LF","Circular Saw Blade, D1216LF","Diablo®, Circular Saw Blade, Model D1216LF",,,,,,,,,,,,,,,,,,,,,,,,,,Circular Saw Blade,Item Type,Circular Saw Blade,,,,,,,,,,,,,,,,,,,,,,,,,,,,,,,,,,,,,,,,,,,,,,,,,,,,,,,,,,,,,,,,,,,,,,,,,,,,,,,,,,,,,,,,,,,,,,,,,,,,,,,,,,,,,,,,,,,,,,,,,,,,,,,,,,,,,,,,,,,,,,,,,,,,,,,,,,,,,,,,,,,,,,,,DIABLO_D1216LF.jpg,,,,,,,,,DIABLO_D1216LF_Specification_Sheet.pdf,,,,,,,,,,,,,,,,,,Yes
https://www.dewalt.com/product/DWA47421,,,,,,,Industrial Supplies,Equipment & Hardware,Circular Saw Blade,,DWA47421,"DWA47421 Dewalt 14"" Segmented - Rim Diamond Blade",,,DEWALT,Black & Decker/dewlt (2585),Black & Decker/dewlt,DEWALT®,,DWA47421,,Circular Saw Blade,"DEWALT, Circular Saw Blade, DWA47421, Diamond, Industrial Grade",CIRCULAR SAW BLADE,DEWALT® DWA47421 Circular Saw Blade,"DEWALT®, Circular Saw Blade, Model DWA47421, Diamond","Circular Saw Blade, DWA47421","DEWALT®, Circular Saw Blade, Model DWA47421, Diamond",,,,,,,,,,,,,,,,,,,,,,,,,,Circular Saw Blade,Item Type,Circular Saw Blade,,Material,Diamond,,,,,,,,,,,,,,,,,,,,,,,,,,,,,,,,,,,,,,,,,,,,,,,,,,,,,,,,,,,,,,,,,,,,,,,,,,,,,,,,,,,,,,,,,,,,,,,,,,,,,,,,,,,,,,,,,,,,,,,,,,,,,,,,,,,,,,,,,,,,,,,,,,,,,,,,,,,,,,,,,,,,,DEWALT_DWA47421.jpg,,,,,,,,,DEWALT_DWA47421_Specification_Sheet.pdf,,,,,,,,,,,,,,,,,,Yes
https://www.dewalt.com/product/DWA4769,,,,,,,Industrial Supplies,Equipment & Hardware,Tools & Parts,,DWA4769,"DWA4769 Dewalt Rim Glass Tile - Blade 10""",,,,Black & Decker/dewlt (2585),Black & Decker/dewlt,DEWALT®,,DWA4769,,Industrial Equipment,"DEWALT, DWA4769, Industrial Grade, Commercial Quality, Professional Performance",DEWALT RIM GLASS,DEWALT® DWA4769 Rim Glass Tile -,"DEWALT®, Model DWA4769",DWA4769,"DEWALT®, Model DWA4769",,,,,,,,,,,,,,,,,,,,,,,,,,Product,,,,,,,,,,,,,,,,,,,,,,,,,,,,,,,,,,,,,,,,,,,,,,,,,,,,,,,,,,,,,,,,,,,,,,,,,,,,,,,,,,,,,,,,,,,,,,,,,,,,,,,,,,,,,,,,,,,,,,,,,,,,,,,,,,,,,,,,,,,,,,,,,,,,,,,,,,,,,,,,,,,,,,,,,,DEWALT_DWA4769.jpg,,,,,,,,,DEWALT_DWA4769_Specification_Sheet.pdf,,,,,,,,,,,,,,,,,,Yes
https://www.milwaukee.com/product/49-93-9204,,,,,,,Industrial Supplies,Equipment & Hardware,Tools & Parts,,49-93-9204,"49-93-9204 Milw 4-1/2"" Diamond - Tile Blade",,,,Milwaukee Accessory (4031),Milwaukee Electric Tool Corp,Milwaukee®,,49-93-9204,,Industrial Equipment,"Milwaukee, 49-93-9204, Diamond, Industrial Grade, Commercial Quality",MILW 4-1/2 IN,Milwaukee® 49-93-9204 4-1/2 in Diamond -,"Milwaukee®, Model 49-93-9204, Diamond",49-93-9204,"Milwaukee®, Model 49-93-9204, Diamond",,,,,,,,,,,,,,,,,,,,,,,,,,Product,Material,Diamond,,,,,,,,,,,,,,,,,,,,,,,,,,,,,,,,,,,,,,,,,,,,,,,,,,,,,,,,,,,,,,,,,,,,,,,,,,,,,,,,,,,,,,,,,,,,,,,,,,,,,,,,,,,,,,,,,,,,,,,,,,,,,,,,,,,,,,,,,,,,,,,,,,,,,,,,,,,,,,,,,,,,,,,,MILWAUKEE_49-93-9204.jpg,,,,,,,,,MILWAUKEE_49-93-9204_Specification_Sheet.pdf,,,,,,,,,,,,,,,,,,Yes
https://www.milwaukee.com/product/49-93-9207,,,,,,,Industrial Supplies,Equipment & Hardware,Tools & Parts,,49-93-9207,"49-93-9207 Milw 7"" Diamond - Tile Blade",,,,Milwaukee Accessory (4031),Milwaukee Electric Tool Corp,Milwaukee®,,49-93-9207,,Industrial Equipment,"Milwaukee, 49-93-9207, Diamond, Industrial Grade, Commercial Quality",MILW 7 IN,Milwaukee® 49-93-9207 7 in Diamond -,"Milwaukee®, Model 49-93-9207, Diamond",49-93-9207,"Milwaukee®, Model 49-93-9207, Diamond",,,,,,,,,,,,,,,,,,,,,,,,,,Product,Material,Diamond,,,,,,,,,,,,,,,,,,,,,,,,,,,,,,,,,,,,,,,,,,,,,,,,,,,,,,,,,,,,,,,,,,,,,,,,,,,,,,,,,,,,,,,,,,,,,,,,,,,,,,,,,,,,,,,,,,,,,,,,,,,,,,,,,,,,,,,,,,,,,,,,,,,,,,,,,,,,,,,,,,,,,,,,MILWAUKEE_49-93-9207.jpg,,,,,,,,,MILWAUKEE_49-93-9207_Specification_Sheet.pdf,,,,,,,,,,,,,,,,,,Yes
https://www.milwaukee.com/product/49-93-9210,,,,,,,Industrial Supplies,Equipment & Hardware,Tools & Parts,,49-93-9210,"49-93-9210 Milw 10"" Diamond - Tile Blade",,,,Milwaukee Accessory (4031),Milwaukee Electric Tool Corp,Milwaukee®,,49-93-9210,,Industrial Equipment,"Milwaukee, 49-93-9210, Diamond, Industrial Grade, Commercial Quality",MILW 10 IN,Milwaukee® 49-93-9210 10 in Diamond -,"Milwaukee®, Model 49-93-9210, Diamond",49-93-9210,"Milwaukee®, Model 49-93-9210, Diamond",,,,,,,,,,,,,,,,,,,,,,,,,,Product,Material,Diamond,,,,,,,,,,,,,,,,,,,,,,,,,,,,,,,,,,,,,,,,,,,,,,,,,,,,,,,,,,,,,,,,,,,,,,,,,,,,,,,,,,,,,,,,,,,,,,,,,,,,,,,,,,,,,,,,,,,,,,,,,,,,,,,,,,,,,,,,,,,,,,,,,,,,,,,,,,,,,,,,,,,,,,,,MILWAUKEE_49-93-9210.jpg,,,,,,,,,MILWAUKEE_49-93-9210_Specification_Sheet.pdf,,,,,,,,,,,,,,,,,,Yes
https://www.milwaukee.com/product/49-93-9202,,,,,,,Industrial Supplies,Equipment & Hardware,Tools & Parts,,49-93-9202,"49-93-9202 Milw 4"" Diamond - Tile Blade",,,,Milwaukee Accessory (4031),Milwaukee Electric Tool Corp,Milwaukee®,,49-93-9202,,Industrial Equipment,"Milwaukee, 49-93-9202, Diamond, Industrial Grade, Commercial Quality",MILW 4 IN,Milwaukee® 49-93-9202 4 in Diamond -,"Milwaukee®, Model 49-93-9202, Diamond",49-93-9202,"Milwaukee®, Model 49-93-9202, Diamond",,,,,,,,,,,,,,,,,,,,,,,,,,Product,Material,Diamond,,,,,,,,,,,,,,,,,,,,,,,,,,,,,,,,,,,,,,,,,,,,,,,,,,,,,,,,,,,,,,,,,,,,,,,,,,,,,,,,,,,,,,,,,,,,,,,,,,,,,,,,,,,,,,,,,,,,,,,,,,,,,,,,,,,,,,,,,,,,,,,,,,,,,,,,,,,,,,,,,,,,,,,,MILWAUKEE_49-93-9202.jpg,,,,,,,,,MILWAUKEE_49-93-9202_Specification_Sheet.pdf,,,,,,,,,,,,,,,,,,Yes
https://www.milwaukee.com/product/49-93-9205,,,,,,,Industrial Supplies,Equipment & Hardware,Tools & Parts,,49-93-9205,"49-93-9205 Milw 5"" Diamond - Tile Blade",,,,Milwaukee Accessory (4031),Milwaukee Electric Tool Corp,Milwaukee®,,49-93-9205,,Industrial Equipment,"Milwaukee, 49-93-9205, Diamond, Industrial Grade, Commercial Quality",MILW 5 IN,Milwaukee® 49-93-9205 5 in Diamond -,"Milwaukee®, Model 49-93-9205, Diamond",49-93-9205,"Milwaukee®, Model 49-93-9205, Diamond",,,,,,,,,,,,,,,,,,,,,,,,,,Product,Material,Diamond,,,,,,,,,,,,,,,,,,,,,,,,,,,,,,,,,,,,,,,,,,,,,,,,,,,,,,,,,,,,,,,,,,,,,,,,,,,,,,,,,,,,,,,,,,,,,,,,,,,,,,,,,,,,,,,,,,,,,,,,,,,,,,,,,,,,,,,,,,,,,,,,,,,,,,,,,,,,,,,,,,,,,,,,MILWAUKEE_49-93-9205.jpg,,,,,,,,,MILWAUKEE_49-93-9205_Specification_Sheet.pdf,,,,,,,,,,,,,,,,,,Yes
https://www.milwaukee.com/product/49-22-4702,,,,,,,Industrial Supplies,Equipment & Hardware,Tools & Parts,,49-22-4702,49-22-4702 Milw 13pc Quik-Lock Hole Dozer Kit,,,,Milwaukee Accessory (4031),Milwaukee Electric Tool Corp,Milwaukee®,,49-22-4702,,Industrial Equipment,"Milwaukee, 49-22-4702, 13 pc, Industrial Grade, Commercial Quality",MILW 13PC QUIK-LOCK,Milwaukee® 49-22-4702 13pc Quik-Lock Hole Dozer 13 pc,"Milwaukee®, Model 49-22-4702, Kit, 13 pc",49-22-4702,"Milwaukee®, Model 49-22-4702, Kit, 13 pc",,,,,,,,,,,,,,,,,,,,,,,,,,Product,Package Quantity,13,pc,Configuration,Kit,,,,,,,,,,,,,,,,,,,,,,,,,,,,,,,,,,,,,,,,,,,,,,,,,,,,,,,,,,,,,,,,,,,,,,,,,,,,,,,,,,,,,,,,,,,,,,,,,,,,,,,,,,,,,,,,,,,,,,,,,,,,,,,,,,,,,,,,,,,,,,,,,,,,,,,,,,,,,,,,,,,,,MILWAUKEE_49-22-4702.jpg,,,,,,,,,MILWAUKEE_49-22-4702_Specification_Sheet.pdf,,,,,,,,,,,,,,,,,,Yes
https://www.diablo.com/product/DJT155HHM,,,,,,,Industrial Supplies,Equipment & Hardware,Circular Saw Blade,,DJT155HHM,"DJT155HHM Diablo 3-3/5"" 10 TPI - Jig Saw Blade",,,,Freud Inc (2435),Freud America Inc,Diablo®,,DJT155HHM,,Circular Saw Blade,"Diablo, Circular Saw Blade, DJT155HHM, 10 T, Industrial Grade",CIRCULAR SAW BLADE 10T,Diablo® DJT155HHM Circular Saw Blade 10 T,"Diablo®, Circular Saw Blade, Model DJT155HHM, 10 T","Circular Saw Blade, DJT155HHM","Diablo®, Circular Saw Blade, Model DJT155HHM, 10 T",,,,,,,,,,,,,,,,,,,,,,,,,,Circular Saw Blade,Item Type,Circular Saw Blade,,Tooth Count,10,T,,,,,,,,,,,,,,,,,,,,,,,,,,,,,,,,,,,,,,,,,,,,,,,,,,,,,,,,,,,,,,,,,,,,,,,,,,,,,,,,,,,,,,,,,,,,,,,,,,,,,,,,,,,,,,,,,,,,,,,,,,,,,,,,,,,,,,,,,,,,,,,,,,,,,,,,,,,,,,,,,,,,DIABLO_DJT155HHM.jpg,,,,,,,,,DIABLO_DJT155HHM_Specification_Sheet.pdf,,,,,,,,,,,,,,,,,,Yes
https://www.cmt.com/product/790.82,,,,,,,Industrial Supplies,Equipment & Hardware,Power Tool,,790.82,790.820 CMT Planer Blade 2pc,,,,CMT USA Inc (CMTUS),CMT USA Inc,CMT®,,790.82,,Power Tool,"CMT, Power Tool, 790.82, 2 pc, Industrial Grade, Commercial Quality",POWER TOOL 2PC,CMT® 790.82 Power Tool 2 pc,"CMT®, Power Tool, Model 790.82, 2 pc","Power Tool, 790.82","CMT®, Power Tool, Model 790.82, 2 pc",,,,,,,,,,,,,,,,,,,,,,,,,,Power Tool,Item Type,Power Tool,,Package Quantity,2,pc,,,,,,,,,,,,,,,,,,,,,,,,,,,,,,,,,,,,,,,,,,,,,,,,,,,,,,,,,,,,,,,,,,,,,,,,,,,,,,,,,,,,,,,,,,,,,,,,,,,,,,,,,,,,,,,,,,,,,,,,,,,,,,,,,,,,,,,,,,,,,,,,,,,,,,,,,,,,,,,,,,,,CMT_790.82.jpg,,,,,,,,,CMT_790.82_Specification_Sheet.pdf,,,,,,,,,,,,,,,,,,Yes
https://www.cmt.com/product/794.321,,,,,,,Industrial Supplies,Equipment & Hardware,Power Tool,,794.321,794.321 HS Planer Knives 3pc,,,,CMT USA Inc (CMTUS),CMT USA Inc,CMT®,,794.321,,Power Tool,"CMT, Power Tool, 794.321, 3 pc, Industrial Grade, Commercial Quality",POWER TOOL 3PC,CMT® 794.321 Power Tool 3 pc,"CMT®, Power Tool, Model 794.321, 3 pc","Power Tool, 794.321","CMT®, Power Tool, Model 794.321, 3 pc",,,,,,,,,,,,,,,,,,,,,,,,,,Power Tool,Item Type,Power Tool,,Package Quantity,3,pc,,,,,,,,,,,,,,,,,,,,,,,,,,,,,,,,,,,,,,,,,,,,,,,,,,,,,,,,,,,,,,,,,,,,,,,,,,,,,,,,,,,,,,,,,,,,,,,,,,,,,,,,,,,,,,,,,,,,,,,,,,,,,,,,,,,,,,,,,,,,,,,,,,,,,,,,,,,,,,,,,,,,CMT_794.321.jpg,,,,,,,,,CMT_794.321_Specification_Sheet.pdf,,,,,,,,,,,,,,,,,,Yes
https://www.milwaukee.com/product/49-22-5641,,,,,,,Industrial Supplies,Equipment & Hardware,Tools & Parts,,49-22-5641,49-22-5641 Milw Packout 15pc - Sawzall Blade Kit,,,,Milwaukee Accessory (4031),Milwaukee Electric Tool Corp,Milwaukee®,Packout,49-22-5641,,Industrial Equipment,"Milwaukee, Packout, 49-22-5641, 15 pc, Industrial Grade, Commercial Quality",MILW PACKOUT 15PC,Milwaukee® Packout 49-22-5641 Packout 15pc - Sawzall 15 pc,"Milwaukee®, Packout, Model 49-22-5641, Kit, 15 pc","Packout , 49-22-5641","Milwaukee®, Packout, Model 49-22-5641, Kit, 15 pc",,,,,,,,,,,,,,,,,,,,,,,,,,Product,Series,Packout,,Package Quantity,15,pc,Configuration,Kit,,,,,,,,,,,,,,,,,,,,,,,,,,,,,,,,,,,,,,,,,,,,,,,,,,,,,,,,,,,,,,,,,,,,,,,,,,,,,,,,,,,,,,,,,,,,,,,,,,,,,,,,,,,,,,,,,,,,,,,,,,,,,,,,,,,,,,,,,,,,,,,,,,,,,,,,,,,,,,,,,,MILWAUKEE_49-22-5641.jpg,,,,,,,,,MILWAUKEE_49-22-5641_Specification_Sheet.pdf,,,,,,,,,,,,,,,,,,Yes
https://www.diablo.com/product/D0604TSH,,,,,,,Industrial Supplies,Equipment & Hardware,Circular Saw Blade,,D0604TSH,"D0604TSH Diablo 6-1/2"" 4-Tooth - Cement Track Saw Blade",,,,Freud Inc (2435),Freud America Inc,Diablo®,,D0604TSH,,Circular Saw Blade,"Diablo, Circular Saw Blade, D0604TSH, Industrial Grade, Commercial Quality",CIRCULAR SAW BLADE,Diablo® D0604TSH Circular Saw Blade,"Diablo®, Circular Saw Blade, Model D0604TSH","Circular Saw Blade, D0604TSH","Diablo®, Circular Saw Blade, Model D0604TSH",,,,,,,,,,,,,,,,,,,,,,,,,,Circular Saw Blade,Item Type,Circular Saw Blade,,,,,,,,,,,,,,,,,,,,,,,,,,,,,,,,,,,,,,,,,,,,,,,,,,,,,,,,,,,,,,,,,,,,,,,,,,,,,,,,,,,,,,,,,,,,,,,,,,,,,,,,,,,,,,,,,,,,,,,,,,,,,,,,,,,,,,,,,,,,,,,,,,,,,,,,,,,,,,,,,,,,,,,,DIABLO_D0604TSH.jpg,,,,,,,,,DIABLO_D0604TSH_Specification_Sheet.pdf,,,,,,,,,,,,,,,,,,Yes
https://www.diablo.com/product/D0620TSR,,,,,,,Industrial Supplies,Equipment & Hardware,Circular Saw Blade,,D0620TSR,"D0620TSR Diablo 6-1/2""20 Tooth - Framing Saw Blade",,,,Freud Inc (2435),Freud America Inc,Diablo®,,D0620TSR,,Circular Saw Blade,"Diablo, Circular Saw Blade, D0620TSR, Industrial Grade, Commercial Quality",CIRCULAR SAW BLADE,Diablo® D0620TSR Circular Saw Blade,"Diablo®, Circular Saw Blade, Model D0620TSR","Circular Saw Blade, D0620TSR","Diablo®, Circular Saw Blade, Model D0620TSR",,,,,,,,,,,,,,,,,,,,,,,,,,Circular Saw Blade,Item Type,Circular Saw Blade,,,,,,,,,,,,,,,,,,,,,,,,,,,,,,,,,,,,,,,,,,,,,,,,,,,,,,,,,,,,,,,,,,,,,,,,,,,,,,,,,,,,,,,,,,,,,,,,,,,,,,,,,,,,,,,,,,,,,,,,,,,,,,,,,,,,,,,,,,,,,,,,,,,,,,,,,,,,,,,,,,,,,,,,DIABLO_D0620TSR.jpg,,,,,,,,,DIABLO_D0620TSR_Specification_Sheet.pdf,,,,,,,,,,,,,,,,,,Yes
https://www.diablo.com/product/D0648TSF,,,,,,,Industrial Supplies,Equipment & Hardware,Circular Saw Blade,,D0648TSF,"D0648TSF Diablo 6-1/2""48 Tooth - Plywood Track Saw Blade",,,,Freud Inc (2435),Freud America Inc,Diablo®,,D0648TSF,,Circular Saw Blade,"Diablo, Circular Saw Blade, D0648TSF, Industrial Grade, Commercial Quality",CIRCULAR SAW BLADE,Diablo® D0648TSF Circular Saw Blade,"Diablo®, Circular Saw Blade, Model D0648TSF","Circular Saw Blade, D0648TSF","Diablo®, Circular Saw Blade, Model D0648TSF",,,,,,,,,,,,,,,,,,,,,,,,,,Circular Saw Blade,Item Type,Circular Saw Blade,,,,,,,,,,,,,,,,,,,,,,,,,,,,,,,,,,,,,,,,,,,,,,,,,,,,,,,,,,,,,,,,,,,,,,,,,,,,,,,,,,,,,,,,,,,,,,,,,,,,,,,,,,,,,,,,,,,,,,,,,,,,,,,,,,,,,,,,,,,,,,,,,,,,,,,,,,,,,,,,,,,,,,,,DIABLO_D0648TSF.jpg,,,,,,,,,DIABLO_D0648TSF_Specification_Sheet.pdf,,,,,,,,,,,,,,,,,,Yes
https://www.diablo.com/product/D0652TSL,,,,,,,Industrial Supplies,Equipment & Hardware,Circular Saw Blade,,D0652TSL,"D0652TSL Diablo 6-1/2""52 Tooth - Laminate Track Saw Blade",,,,Freud Inc (2435),Freud America Inc,Diablo®,,D0652TSL,,Circular Saw Blade,"Diablo, Circular Saw Blade, D0652TSL, Industrial Grade, Commercial Quality",CIRCULAR SAW BLADE,Diablo® D0652TSL Circular Saw Blade,"Diablo®, Circular Saw Blade, Model D0652TSL","Circular Saw Blade, D0652TSL","Diablo®, Circular Saw Blade, Model D0652TSL",,,,,,,,,,,,,,,,,,,,,,,,,,Circular Saw Blade,Item Type,Circular Saw Blade,,,,,,,,,,,,,,,,,,,,,,,,,,,,,,,,,,,,,,,,,,,,,,,,,,,,,,,,,,,,,,,,,,,,,,,,,,,,,,,,,,,,,,,,,,,,,,,,,,,,,,,,,,,,,,,,,,,,,,,,,,,,,,,,,,,,,,,,,,,,,,,,,,,,,,,,,,,,,,,,,,,,,,,,DIABLO_D0652TSL.jpg,,,,,,,,,DIABLO_D0652TSL_Specification_Sheet.pdf,,,,,,,,,,,,,,,,,,Yes
https://www.jet.com/product/JT1-549,,,,,,,Industrial Supplies,Equipment & Hardware,Power Tool,,JT1-549,"JT1-549 JWBS18SFX 18"" Bandsaw - 1.75HP 1PH 115V",,,,JPW Industries (JPWIN),JPW Industries Inc,Jet®,,JT1-549,,Power Tool,"Jet, Power Tool, JT1-549, 115 V, Industrial Grade, Commercial Quality",POWER TOOL 115V,Jet® JT1-549 Power Tool 115 V,"Jet®, Power Tool, Model JT1-549, 115 V, 1-Phase, 1.75 hp","Power Tool, JT1-549","Jet®, Power Tool, Model JT1-549, 115 V, 1-Phase, 1.75 hp",,,,,,,,,,,,,,,,,,,,,,,,,,Power Tool,Item Type,Power Tool,,Voltage,115,V,Phase,1-Phase,,Horsepower,1.75,hp,,,,,,,,,,,,,,,,,,,,,,,,,,,,,,,,,,,,,,,,,,,,,,,,,,,,,,,,,,,,,,,,,,,,,,,,,,,,,,,,,,,,,,,,,,,,,,,,,,,,,,,,,,,,,,,,,,,,,,,,,,,,,,,,,,,,,,,,,,,,,,,,,,,,,,,,,,,,,,JET_JT1-549.jpg,,,,,,,,,JET_JT1-549_Specification_Sheet.pdf,,,,,,,,,,,,,,,,,,Yes
https://www.jet.com/product/JT1-1371,,,,,,,Industrial Supplies,Equipment & Hardware,Power Tool,,JT1-1371,"JWBS14-SFX-BLK Jet 14"" Bandsaw - JT1-1371",,,,JPW Industries (JPWIN),JPW Industries Inc,Jet®,,JT1-1371,,Power Tool,"Jet, Power Tool, JT1-1371, Black, Industrial Grade, Commercial Quality",POWER TOOL,Jet® JT1-1371 Power Tool Black,"Jet®, Power Tool, Model JT1-1371, Black","Power Tool, JT1-1371","Jet®, Power Tool, Model JT1-1371, Black",,,,,,,,,,,,,,,,,,,,,,,,,,Power Tool,Item Type,Power Tool,,Finish Color,Black,,,,,,,,,,,,,,,,,,,,,,,,,,,,,,,,,,,,,,,,,,,,,,,,,,,,,,,,,,,,,,,,,,,,,,,,,,,,,,,,,,,,,,,,,,,,,,,,,,,,,,,,,,,,,,,,,,,,,,,,,,,,,,,,,,,,,,,,,,,,,,,,,,,,,,,,,,,,,,,,,,,,,JET_JT1-1371.jpg,,,,,,,,,JET_JT1-1371_Specification_Sheet.pdf,,,,,,,,,,,,,,,,,,Yes
https://www.jet.com/product/JT9-714400K,,,,,,,Industrial Supplies,Equipment & Hardware,Power Tool,,JT9-714400K,"JWBS-14SFX 14"" Bandsaw JTP-714400K",,,,JPW Industries (JPWIN),JPW Industries Inc,Jet®,,JT9-714400K,,Power Tool,"Jet, Power Tool, JT9-714400K, Industrial Grade, Commercial Quality",POWER TOOL,Jet® JT9-714400K Power Tool,"Jet®, Power Tool, Model JT9-714400K","Power Tool, JT9-714400K","Jet®, Power Tool, Model JT9-714400K",,,,,,,,,,,,,,,,,,,,,,,,,,Power Tool,Item Type,Power Tool,,,,,,,,,,,,,,,,,,,,,,,,,,,,,,,,,,,,,,,,,,,,,,,,,,,,,,,,,,,,,,,,,,,,,,,,,,,,,,,,,,,,,,,,,,,,,,,,,,,,,,,,,,,,,,,,,,,,,,,,,,,,,,,,,,,,,,,,,,,,,,,,,,,,,,,,,,,,,,,,,,,,,,,,JET_JT9-714400K.jpg,,,,,,,,,JET_JT9-714400K_Specification_Sheet.pdf,,,,,,,,,,,,,,,,,,Yes
https://www.milwaukee.com/product/2834-21HD,,,,,,,Industrial Supplies,Equipment & Hardware,Tools & Parts,,2834-21HD,"2834-21HD Milw M18 7-1/4"" Circ - Saw Kit",,,Milwaukee,Milwaukee Accessory (4031),Milwaukee Electric Tool Corp,Milwaukee®,M18,2834-21HD,,Industrial Equipment,"Milwaukee, M18, 2834-21HD, Industrial Grade, Commercial Quality",MILW M18 7-1/4,Milwaukee® M18 2834-21HD M18 7-1/4 in Circular,"Milwaukee®, M18, Model 2834-21HD, Kit","M18 , 2834-21HD","Milwaukee®, M18, Model 2834-21HD, Kit",,,,,,,,,,,,,,,,,,,,,,,,,,Product,Series,M18,,Configuration,Kit,,,,,,,,,,,,,,,,,,,,,,,,,,,,,,,,,,,,,,,,,,,,,,,,,,,,,,,,,,,,,,,,,,,,,,,,,,,,,,,,,,,,,,,,,,,,,,,,,,,,,,,,,,,,,,,,,,,,,,,,,,,,,,,,,,,,,,,,,,,,,,,,,,,,,,,,,,,,,,,,,,,,,MILWAUKEE_2834-21HD.jpg,,,,,,,,,MILWAUKEE_2834-21HD_Specification_Sheet.pdf,,,,,,,,,,,,,,,,,,Yes
https://www.dewalt.com/product/DCS383B,,,,,,,Industrial Supplies,Equipment & Hardware,Power Tool,,DCS383B,"DCS383B Dewalt 20V 7-1/4"" - Metal Cutting Circ Saw",,,,Black & Decker/dewlt (2585),Black & Decker/dewlt,DEWALT®,,DCS383B,,Power Tool,"DEWALT, Power Tool, DCS383B, 20 V, Industrial Grade, Commercial Quality",POWER TOOL 20V,DEWALT® DCS383B Power Tool 20 V,"DEWALT®, Power Tool, Model DCS383B, 20 V","Power Tool, DCS383B","DEWALT®, Power Tool, Model DCS383B, 20 V",,,,,,,,,,,,,,,,,,,,,,,,,,Power Tool,Item Type,Power Tool,,Voltage,20,V,,,,,,,,,,,,,,,,,,,,,,,,,,,,,,,,,,,,,,,,,,,,,,,,,,,,,,,,,,,,,,,,,,,,,,,,,,,,,,,,,,,,,,,,,,,,,,,,,,,,,,,,,,,,,,,,,,,,,,,,,,,,,,,,,,,,,,,,,,,,,,,,,,,,,,,,,,,,,,,,,,,,DEWALT_DCS383B.jpg,,,,,,,,,DEWALT_DCS383B_Specification_Sheet.pdf,,,,,,,,,,,,,,,,,,Yes
https://www.dewalt.com/product/DCS590B,,,,,,,Industrial Supplies,Equipment & Hardware,Power Tool,,DCS590B,"DCS590B Dewalt 20V Cordless - 7-1/4"" Circular Saw (Bare)",,,DEWALT,Black & Decker/dewlt (2585),Black & Decker/dewlt,DEWALT®,,DCS590B,,Power Tool,"DEWALT, Power Tool, DCS590B, 20 V, Industrial Grade, Commercial Quality",POWER TOOL 20V,DEWALT® DCS590B Power Tool 20 V,"DEWALT®, Power Tool, Model DCS590B, 20 V, Bare Tool","Power Tool, DCS590B","DEWALT®, Power Tool, Model DCS590B, 20 V, Bare Tool",,,,,,,,,,,,,,,,,,,,,,,,,,Power Tool,Item Type,Power Tool,,Voltage,20,V,Configuration,Bare Tool,,,,,,,,,,,,,,,,,,,,,,,,,,,,,,,,,,,,,,,,,,,,,,,,,,,,,,,,,,,,,,,,,,,,,,,,,,,,,,,,,,,,,,,,,,,,,,,,,,,,,,,,,,,,,,,,,,,,,,,,,,,,,,,,,,,,,,,,,,,,,,,,,,,,,,,,,,,,,,,,,,DEWALT_DCS590B.jpg,,,,,,,,,DEWALT_DCS590B_Specification_Sheet.pdf,,,,,,,,,,,,,,,,,,Yes
https://www.kreg.com/product/KPTCS725A,,,,,,,Industrial Supplies,Equipment & Hardware,Power Tool,,KPTCS725A,"KPTCS725A Kreg 20V Ionic 7-1/4"" Circ Saw",,,,Kreg Tool Company (KRETO),Kreg Tool Company,Kreg®,,KPTCS725A,,Power Tool,"Kreg, Power Tool, KPTCS725A, 20 V, Industrial Grade, Commercial Quality",POWER TOOL 20V,Kreg® KPTCS725A Power Tool 20 V,"Kreg®, Power Tool, Model KPTCS725A, 20 V","Power Tool, KPTCS725A","Kreg®, Power Tool, Model KPTCS725A, 20 V",,,,,,,,,,,,,,,,,,,,,,,,,,Power Tool,Item Type,Power Tool,,Voltage,20,V,,,,,,,,,,,,,,,,,,,,,,,,,,,,,,,,,,,,,,,,,,,,,,,,,,,,,,,,,,,,,,,,,,,,,,,,,,,,,,,,,,,,,,,,,,,,,,,,,,,,,,,,,,,,,,,,,,,,,,,,,,,,,,,,,,,,,,,,,,,,,,,,,,,,,,,,,,,,,,,,,,,,KREG_KPTCS725A.jpg,,,,,,,,,KREG_KPTCS725A_Specification_Sheet.pdf,,,,,,,,,,,,,,,,,,Yes
https://www.kreg.com/product/KPTCS450A,,,,,,,Industrial Supplies,Equipment & Hardware,Power Tool,,KPTCS450A,"KPTCS450A Kreg 20V Ionic 4-1/2"" Circ Saw",,,,Kreg Tool Company (KRETO),Kreg Tool Company,Kreg®,,KPTCS450A,,Power Tool,"Kreg, Power Tool, KPTCS450A, 20 V, Industrial Grade, Commercial Quality",POWER TOOL 20V,Kreg® KPTCS450A Power Tool 20 V,"Kreg®, Power Tool, Model KPTCS450A, 20 V","Power Tool, KPTCS450A","Kreg®, Power Tool, Model KPTCS450A, 20 V",,,,,,,,,,,,,,,,,,,,,,,,,,Power Tool,Item Type,Power Tool,,Voltage,20,V,,,,,,,,,,,,,,,,,,,,,,,,,,,,,,,,,,,,,,,,,,,,,,,,,,,,,,,,,,,,,,,,,,,,,,,,,,,,,,,,,,,,,,,,,,,,,,,,,,,,,,,,,,,,,,,,,,,,,,,,,,,,,,,,,,,,,,,,,,,,,,,,,,,,,,,,,,,,,,,,,,,,KREG_KPTCS450A.jpg,,,,,,,,,KREG_KPTCS450A_Specification_Sheet.pdf,,,,,,,,,,,,,,,,,,Yes
https://www.milwaukee.com/product/2545-20,,,,,,,Industrial Supplies,Equipment & Hardware,Tools & Parts,,2545-20,2545-20 Milw M12 Jig Saw,,,Milwaukee,Milwaukee Accessory (4031),Milwaukee Electric Tool Corp,Milwaukee®,M12,2545-20,,Industrial Equipment,"Milwaukee, M12, 2545-20, Industrial Grade, Commercial Quality",MILW M12 JIG,Milwaukee® M12 2545-20 M12 Jig Saw,"Milwaukee®, M12, Model 2545-20","M12 , 2545-20","Milwaukee®, M12, Model 2545-20",,,,,,,,,,,,,,,,,,,,,,,,,,Product,Series,M12,,,,,,,,,,,,,,,,,,,,,,,,,,,,,,,,,,,,,,,,,,,,,,,,,,,,,,,,,,,,,,,,,,,,,,,,,,,,,,,,,,,,,,,,,,,,,,,,,,,,,,,,,,,,,,,,,,,,,,,,,,,,,,,,,,,,,,,,,,,,,,,,,,,,,,,,,,,,,,,,,,,,,,,,MILWAUKEE_2545-20.jpg,,,,,,,,,MILWAUKEE_2545-20_Specification_Sheet.pdf,,,,,,,,,,,,,,,,,,Yes
https://www.kreg.com/product/KPTJS100A,,,,,,,Industrial Supplies,Equipment & Hardware,Tools & Parts,,KPTJS100A,KPTJS100A Kreg 20V Ionic Barrel Grip Jigsaw,,,,Kreg Tool Company (KRETO),Kreg Tool Company,Kreg®,,KPTJS100A,,Industrial Equipment,"Kreg, KPTJS100A, 20 V, Industrial Grade, Commercial Quality, Heavy Duty",KREG 20 V 20V,Kreg® KPTJS100A 20 V Ionic Barrel,"Kreg®, Model KPTJS100A, 20 V",KPTJS100A,"Kreg®, Model KPTJS100A, 20 V",,,,,,,,,,,,,,,,,,,,,,,,,,Product,Voltage,20,V,,,,,,,,,,,,,,,,,,,,,,,,,,,,,,,,,,,,,,,,,,,,,,,,,,,,,,,,,,,,,,,,,,,,,,,,,,,,,,,,,,,,,,,,,,,,,,,,,,,,,,,,,,,,,,,,,,,,,,,,,,,,,,,,,,,,,,,,,,,,,,,,,,,,,,,,,,,,,,,,,,,,,,,KREG_KPTJS100A.jpg,,,,,,,,,KREG_KPTJS100A_Specification_Sheet.pdf,,,,,,,,,,,,,,,,,,Yes
https://www.dewalt.com/product/DCS714B,,,,,,,Industrial Supplies,Equipment & Hardware,Power Tool,,DCS714B,"DCS714B Dewalt 20V Miter Saw - (Bare) 10"" Double Bevel Fixed",,,,Black & Decker/dewlt (2585),Black & Decker/dewlt,DEWALT®,,DCS714B,,Power Tool,"DEWALT, Power Tool, DCS714B, 20 V, Industrial Grade, Commercial Quality",POWER TOOL 20V,DEWALT® DCS714B Power Tool 20 V,"DEWALT®, Power Tool, Model DCS714B, 20 V, Bare Tool","Power Tool, DCS714B","DEWALT®, Power Tool, Model DCS714B, 20 V, Bare Tool",,,,,,,,,,,,,,,,,,,,,,,,,,Power Tool,Item Type,Power Tool,,Voltage,20,V,Configuration,Bare Tool,,,,,,,,,,,,,,,,,,,,,,,,,,,,,,,,,,,,,,,,,,,,,,,,,,,,,,,,,,,,,,,,,,,,,,,,,,,,,,,,,,,,,,,,,,,,,,,,,,,,,,,,,,,,,,,,,,,,,,,,,,,,,,,,,,,,,,,,,,,,,,,,,,,,,,,,,,,,,,,,,,DEWALT_DCS714B.jpg,,,,,,,,,DEWALT_DCS714B_Specification_Sheet.pdf,,,,,,,,,,,,,,,,,,Yes
https://www.dewalt.com/product/DCS785B,,,,,,,Industrial Supplies,Equipment & Hardware,Power Tool,,DCS785B,"DCS785B Dewalt 20V Miter Saw - Kit 12"" Double Bevel Sliding",,,,Black & Decker/dewlt (2585),Black & Decker/dewlt,DEWALT®,,DCS785B,,Power Tool,"DEWALT, Power Tool, DCS785B, 20 V, Industrial Grade, Commercial Quality",POWER TOOL 20V,DEWALT® DCS785B Power Tool 20 V,"DEWALT®, Power Tool, Model DCS785B, 20 V, Kit","Power Tool, DCS785B","DEWALT®, Power Tool, Model DCS785B, 20 V, Kit",,,,,,,,,,,,,,,,,,,,,,,,,,Power Tool,Item Type,Power Tool,,Voltage,20,V,Configuration,Kit,,,,,,,,,,,,,,,,,,,,,,,,,,,,,,,,,,,,,,,,,,,,,,,,,,,,,,,,,,,,,,,,,,,,,,,,,,,,,,,,,,,,,,,,,,,,,,,,,,,,,,,,,,,,,,,,,,,,,,,,,,,,,,,,,,,,,,,,,,,,,,,,,,,,,,,,,,,,,,,,,,DEWALT_DCS785B.jpg,,,,,,,,,DEWALT_DCS785B_Specification_Sheet.pdf,,,,,,,,,,,,,,,,,,Yes
https://www.makita.com/product/GSL02M1,,,,,,,Industrial Supplies,Equipment & Hardware,Power Tool,,GSL02M1,"GSL02M1 Makita Miter Saw - 40V 8-1/2""",,,,Makita Usa Inc (5142),Makita USA Inc,Makita®,,GSL02M1,,Power Tool,"Makita, Power Tool, GSL02M1, 40 V, Industrial Grade, Commercial Quality",POWER TOOL 40V,Makita® GSL02M1 Power Tool 40 V,"Makita®, Power Tool, Model GSL02M1, 40 V","Power Tool, GSL02M1","Makita®, Power Tool, Model GSL02M1, 40 V",,,,,,,,,,,,,,,,,,,,,,,,,,Power Tool,Item Type,Power Tool,,Voltage,40,V,,,,,,,,,,,,,,,,,,,,,,,,,,,,,,,,,,,,,,,,,,,,,,,,,,,,,,,,,,,,,,,,,,,,,,,,,,,,,,,,,,,,,,,,,,,,,,,,,,,,,,,,,,,,,,,,,,,,,,,,,,,,,,,,,,,,,,,,,,,,,,,,,,,,,,,,,,,,,,,,,,,,MAKITA_GSL02M1.jpg,,,,,,,,,MAKITA_GSL02M1_Specification_Sheet.pdf,,,,,,,,,,,,,,,,,,Yes
https://www.dewalt.com/product/DW7029,,,,,,,Industrial Supplies,Equipment & Hardware,Power Tool,,DW7029,DW7029 Dewalt Miter Saw - Stand Support/Stop,,,,Black & Decker/dewlt (2585),Black & Decker/dewlt,DEWALT®,,DW7029,,Power Tool,"DEWALT, Power Tool, DW7029, Industrial Grade, Commercial Quality",POWER TOOL,DEWALT® DW7029 Power Tool,"DEWALT®, Power Tool, Model DW7029","Power Tool, DW7029","DEWALT®, Power Tool, Model DW7029",,,,,,,,,,,,,,,,,,,,,,,,,,Power Tool,Item Type,Power Tool,,,,,,,,,,,,,,,,,,,,,,,,,,,,,,,,,,,,,,,,,,,,,,,,,,,,,,,,,,,,,,,,,,,,,,,,,,,,,,,,,,,,,,,,,,,,,,,,,,,,,,,,,,,,,,,,,,,,,,,,,,,,,,,,,,,,,,,,,,,,,,,,,,,,,,,,,,,,,,,,,,,,,,,,DEWALT_DW7029.jpg,,,,,,,,,DEWALT_DW7029_Specification_Sheet.pdf,,,,,,,,,,,,,,,,,,Yes
https://www.dewalt.com/product/DCS384B,,,,,,,Industrial Supplies,Equipment & Hardware,Power Tool,,DCS384B,DCS384B Dewalt 20V Brushless - Cordless Recip Saw (Bare),,,DEWALT,Black & Decker/dewlt (2585),Black & Decker/dewlt,DEWALT®,,DCS384B,,Power Tool,"DEWALT, Power Tool, DCS384B, 20 V, Industrial Grade, Commercial Quality",POWER TOOL 20V,DEWALT® DCS384B Power Tool 20 V,"DEWALT®, Power Tool, Model DCS384B, 20 V, Bare Tool","Power Tool, DCS384B","DEWALT®, Power Tool, Model DCS384B, 20 V, Bare Tool",,,,,,,,,,,,,,,,,,,,,,,,,,Power Tool,Item Type,Power Tool,,Voltage,20,V,Configuration,Bare Tool,,,,,,,,,,,,,,,,,,,,,,,,,,,,,,,,,,,,,,,,,,,,,,,,,,,,,,,,,,,,,,,,,,,,,,,,,,,,,,,,,,,,,,,,,,,,,,,,,,,,,,,,,,,,,,,,,,,,,,,,,,,,,,,,,,,,,,,,,,,,,,,,,,,,,,,,,,,,,,,,,,DEWALT_DCS384B.jpg,,,,,,,,,DEWALT_DCS384B_Specification_Sheet.pdf,,,,,,,,,,,,,,,,,,Yes
https://www.makita.com/product/XRJ08Z,,,,,,,Industrial Supplies,Equipment & Hardware,Power Tool,,XRJ08Z,XRJ08Z Makita 18V Recip Saw - Bare Tool,,,,Makita Usa Inc (5142),Makita USA Inc,Makita®,,XRJ08Z,,Power Tool,"Makita, Power Tool, XRJ08Z, 18 V, Industrial Grade, Commercial Quality",POWER TOOL 18V,Makita® XRJ08Z Power Tool 18 V,"Makita®, Power Tool, Model XRJ08Z, 18 V, Bare Tool","Power Tool, XRJ08Z","Makita®, Power Tool, Model XRJ08Z, 18 V, Bare Tool",,,,,,,,,,,,,,,,,,,,,,,,,,Power Tool,Item Type,Power Tool,,Voltage,18,V,Configuration,Bare Tool,,,,,,,,,,,,,,,,,,,,,,,,,,,,,,,,,,,,,,,,,,,,,,,,,,,,,,,,,,,,,,,,,,,,,,,,,,,,,,,,,,,,,,,,,,,,,,,,,,,,,,,,,,,,,,,,,,,,,,,,,,,,,,,,,,,,,,,,,,,,,,,,,,,,,,,,,,,,,,,,,,MAKITA_XRJ08Z.jpg,,,,,,,,,MAKITA_XRJ08Z_Specification_Sheet.pdf,,,,,,,,,,,,,,,,,,Yes
https://www.grizzly.com/product/G0771Z,,,,,,,Industrial Supplies,Equipment & Hardware,Power Tool,,G0771Z,"Grizzly G0771Z 30"" Table Saw",,,,Woodstock Intl (3658),Woodstock International Inc,Grizzly®,,G0771Z,,Power Tool,"Grizzly, Power Tool, G0771Z, Industrial Grade, Commercial Quality",POWER TOOL,Grizzly® G0771Z Power Tool,"Grizzly®, Power Tool, Model G0771Z","Power Tool, G0771Z","Grizzly®, Power Tool, Model G0771Z",,,,,,,,,,,,,,,,,,,,,,,,,,Power Tool,Item Type,Power Tool,,,,,,,,,,,,,,,,,,,,,,,,,,,,,,,,,,,,,,,,,,,,,,,,,,,,,,,,,,,,,,,,,,,,,,,,,,,,,,,,,,,,,,,,,,,,,,,,,,,,,,,,,,,,,,,,,,,,,,,,,,,,,,,,,,,,,,,,,,,,,,,,,,,,,,,,,,,,,,,,,,,,,,,,GRIZZLY_G0771Z.jpg,,,,,,,,,GRIZZLY_G0771Z_Specification_Sheet.pdf,,,,,,,,,,,,,,,,,,Yes
https://www.bosch.com/product/TS1017,,,,,,,Industrial Supplies,Equipment & Hardware,Power Tool,,TS1017,TS1017 Table Saw Zero-Clearance Insert,,,,Robt Bosch Tool Corp (6564),Robert Bosch Tool Corporation,Bosch®,,TS1017,,Power Tool,"Bosch, Power Tool, TS1017, Industrial Grade, Commercial Quality",POWER TOOL,Bosch® TS1017 Power Tool,"Bosch®, Power Tool, Model TS1017","Power Tool, TS1017","Bosch®, Power Tool, Model TS1017",,,,,,,,,,,,,,,,,,,,,,,,,,Power Tool,Item Type,Power Tool,,,,,,,,,,,,,,,,,,,,,,,,,,,,,,,,,,,,,,,,,,,,,,,,,,,,,,,,,,,,,,,,,,,,,,,,,,,,,,,,,,,,,,,,,,,,,,,,,,,,,,,,,,,,,,,,,,,,,,,,,,,,,,,,,,,,,,,,,,,,,,,,,,,,,,,,,,,,,,,,,,,,,,,,BOSCH_TS1017.jpg,,,,,,,,,BOSCH_TS1017_Specification_Sheet.pdf,,,,,,,,,,,,,,,,,,Yes
https://www.bowproducts.com/product/XT524,,,,,,,Industrial Supplies,Equipment & Hardware,Tools & Parts,,XT524,"XT524 24"" XT XTENDER Fence",,,,Bow Products (BOWPR),Bow Products LLC,Bow Products®,,XT524,,Industrial Equipment,"Bow Products, XT524, Industrial Grade, Commercial Quality, Heavy Duty",24 IN XT,Bow Products® XT524 24 in XT XTENDER,"Bow Products®, Model XT524",XT524,"Bow Products®, Model XT524",,,,,,,,,,,,,,,,,,,,,,,,,,Product,,,,,,,,,,,,,,,,,,,,,,,,,,,,,,,,,,,,,,,,,,,,,,,,,,,,,,,,,,,,,,,,,,,,,,,,,,,,,,,,,,,,,,,,,,,,,,,,,,,,,,,,,,,,,,,,,,,,,,,,,,,,,,,,,,,,,,,,,,,,,,,,,,,,,,,,,,,,,,,,,,,,,,,,,,BOW_PRODUCTS_XT524.jpg,,,,,,,,,BOW_PRODUCTS_XT524_Specification_Sheet.pdf,,,,,,,,,,,,,,,,,,Yes
https://www.bowproducts.com/product/XT536,,,,,,,Industrial Supplies,Equipment & Hardware,Tools & Parts,,XT536,"XT536 36"" XT XTENDER Fence",,,,Bow Products (BOWPR),Bow Products LLC,Bow Products®,,XT536,,Industrial Equipment,"Bow Products, XT536, Industrial Grade, Commercial Quality, Heavy Duty",36 IN XT,Bow Products® XT536 36 in XT XTENDER,"Bow Products®, Model XT536",XT536,"Bow Products®, Model XT536",,,,,,,,,,,,,,,,,,,,,,,,,,Product,,,,,,,,,,,,,,,,,,,,,,,,,,,,,,,,,,,,,,,,,,,,,,,,,,,,,,,,,,,,,,,,,,,,,,,,,,,,,,,,,,,,,,,,,,,,,,,,,,,,,,,,,,,,,,,,,,,,,,,,,,,,,,,,,,,,,,,,,,,,,,,,,,,,,,,,,,,,,,,,,,,,,,,,,,BOW_PRODUCTS_XT536.jpg,,,,,,,,,BOW_PRODUCTS_XT536_Specification_Sheet.pdf,,,,,,,,,,,,,,,,,,Yes
https://www.bowproducts.com/product/XT546,,,,,,,Industrial Supplies,Equipment & Hardware,Tools & Parts,,XT546,"XT546 46"" XT XTENDER Fence",,,,Bow Products (BOWPR),Bow Products LLC,Bow Products®,,XT546,,Industrial Equipment,"Bow Products, XT546, Industrial Grade, Commercial Quality, Heavy Duty",46 IN XT,Bow Products® XT546 46 in XT XTENDER,"Bow Products®, Model XT546",XT546,"Bow Products®, Model XT546",,,,,,,,,,,,,,,,,,,,,,,,,,Product,,,,,,,,,,,,,,,,,,,,,,,,,,,,,,,,,,,,,,,,,,,,,,,,,,,,,,,,,,,,,,,,,,,,,,,,,,,,,,,,,,,,,,,,,,,,,,,,,,,,,,,,,,,,,,,,,,,,,,,,,,,,,,,,,,,,,,,,,,,,,,,,,,,,,,,,,,,,,,,,,,,,,,,,,,BOW_PRODUCTS_XT546.jpg,,,,,,,,,BOW_PRODUCTS_XT546_Specification_Sheet.pdf,,,,,,,,,,,,,,,,,,Yes
https://www.bowproducts.com/product/XTP235,,,,,,,Industrial Supplies,Equipment & Hardware,Tools & Parts,,XTP235,"35"" XTP XTENDER PRO Fence - XTP235",,,,Bow Products (BOWPR),Bow Products LLC,Bow Products®,,XTP235,,Industrial Equipment,"Bow Products, XTP235, Industrial Grade, Commercial Quality, Heavy Duty",35 IN XTP,Bow Products® XTP235 35 in XTP XTENDER,"Bow Products®, Model XTP235",XTP235,"Bow Products®, Model XTP235",,,,,,,,,,,,,,,,,,,,,,,,,,Product,,,,,,,,,,,,,,,,,,,,,,,,,,,,,,,,,,,,,,,,,,,,,,,,,,,,,,,,,,,,,,,,,,,,,,,,,,,,,,,,,,,,,,,,,,,,,,,,,,,,,,,,,,,,,,,,,,,,,,,,,,,,,,,,,,,,,,,,,,,,,,,,,,,,,,,,,,,,,,,,,,,,,,,,,,BOW_PRODUCTS_XTP235.jpg,,,,,,,,,BOW_PRODUCTS_XTP235_Specification_Sheet.pdf,,,,,,,,,,,,,,,,,,Yes
https://www.sawstop.com/product/TGP2-FA,,,,,,,Industrial Supplies,Equipment & Hardware,Tools & Parts,,TGP2-FA,TGP2-FA T-Glide Fence Professional,,,,Saw Stop LLC (SAWST),SawStop LLC,SawStop®,,TGP2-FA,,Industrial Equipment,"SawStop, TGP2-FA, Industrial Grade, Commercial Quality, Professional Performance",T-GLIDE FENCE PROFESSIONAL,SawStop® TGP2-FA T-Glide Fence Professional,"SawStop®, Model TGP2-FA",TGP2-FA,"SawStop®, Model TGP2-FA",,,,,,,,,,,,,,,,,,,,,,,,,,Product,,,,,,,,,,,,,,,,,,,,,,,,,,,,,,,,,,,,,,,,,,,,,,,,,,,,,,,,,,,,,,,,,,,,,,,,,,,,,,,,,,,,,,,,,,,,,,,,,,,,,,,,,,,,,,,,,,,,,,,,,,,,,,,,,,,,,,,,,,,,,,,,,,,,,,,,,,,,,,,,,,,,,,,,,,SAWSTOP_TGP2-FA.jpg,,,,,,,,,SAWSTOP_TGP2-FA_Specification_Sheet.pdf,,,,,,,,,,,,,,,,,,Yes
https://www.sawstop.com/product/ATGI-FA,,,,,,,Industrial Supplies,Equipment & Hardware,Tools & Parts,,ATGI-FA,ATGI-FA T-Glide Advanced Fence Industrial,,,,Saw Stop LLC (SAWST),SawStop LLC,SawStop®,,ATGI-FA,,Industrial Equipment,"SawStop, ATGI-FA, Industrial Grade, Commercial Quality, Professional Performance",T-GLIDE ADVANCED FENCE,SawStop® ATGI-FA T-Glide Advanced Fence Industrial,"SawStop®, Model ATGI-FA",ATGI-FA,"SawStop®, Model ATGI-FA",,,,,,,,,,,,,,,,,,,,,,,,,,Product,,,,,,,,,,,,,,,,,,,,,,,,,,,,,,,,,,,,,,,,,,,,,,,,,,,,,,,,,,,,,,,,,,,,,,,,,,,,,,,,,,,,,,,,,,,,,,,,,,,,,,,,,,,,,,,,,,,,,,,,,,,,,,,,,,,,,,,,,,,,,,,,,,,,,,,,,,,,,,,,,,,,,,,,,,SAWSTOP_ATGI-FA.jpg,,,,,,,,,SAWSTOP_ATGI-FA_Specification_Sheet.pdf,,,,,,,,,,,,,,,,,,Yes
https://www.sawstop.com/product/ATGP-FA,,,,,,,Industrial Supplies,Equipment & Hardware,Tools & Parts,,ATGP-FA,ATGP-FA T-Glide Advance Fence Professional,,,,Saw Stop LLC (SAWST),SawStop LLC,SawStop®,,ATGP-FA,,Industrial Equipment,"SawStop, ATGP-FA, Industrial Grade, Commercial Quality, Professional Performance",T-GLIDE ADVANCE FENCE,SawStop® ATGP-FA T-Glide Advance Fence Professional,"SawStop®, Model ATGP-FA",ATGP-FA,"SawStop®, Model ATGP-FA",,,,,,,,,,,,,,,,,,,,,,,,,,Product,,,,,,,,,,,,,,,,,,,,,,,,,,,,,,,,,,,,,,,,,,,,,,,,,,,,,,,,,,,,,,,,,,,,,,,,,,,,,,,,,,,,,,,,,,,,,,,,,,,,,,,,,,,,,,,,,,,,,,,,,,,,,,,,,,,,,,,,,,,,,,,,,,,,,,,,,,,,,,,,,,,,,,,,,,SAWSTOP_ATGP-FA.jpg,,,,,,,,,SAWSTOP_ATGP-FA_Specification_Sheet.pdf,,,,,,,,,,,,,,,,,,Yes
https://www.sawstop.com/product/TGI2-FA,,,,,,,Industrial Supplies,Equipment & Hardware,Tools & Parts,,TGI2-FA,TGI2-FA T-Glide Fence Indudtrial,,,,Saw Stop LLC (SAWST),SawStop LLC,SawStop®,,TGI2-FA,,Industrial Equipment,"SawStop, TGI2-FA, Industrial Grade, Commercial Quality, Professional Performance",T-GLIDE FENCE INDUDTRIAL,SawStop® TGI2-FA T-Glide Fence Indudtrial,"SawStop®, Model TGI2-FA",TGI2-FA,"SawStop®, Model TGI2-FA",,,,,,,,,,,,,,,,,,,,,,,,,,Product,,,,,,,,,,,,,,,,,,,,,,,,,,,,,,,,,,,,,,,,,,,,,,,,,,,,,,,,,,,,,,,,,,,,,,,,,,,,,,,,,,,,,,,,,,,,,,,,,,,,,,,,,,,,,,,,,,,,,,,,,,,,,,,,,,,,,,,,,,,,,,,,,,,,,,,,,,,,,,,,,,,,,,,,,,SAWSTOP_TGI2-FA.jpg,,,,,,,,,SAWSTOP_TGI2-FA_Specification_Sheet.pdf,,,,,,,,,,,,,,,,,,Yes
https://www.sawstop.com/product/TGI2-T36A,,,,,,,Industrial Supplies,Equipment & Hardware,Tools & Parts,,TGI2-T36A,"TGI2-T36A 36"" Table Assembly Industrial",,,,Saw Stop LLC (SAWST),SawStop LLC,SawStop®,,TGI2-T36A,,Industrial Equipment,"SawStop, TGI2-T36A, Industrial Grade, Commercial Quality, Heavy Duty",36 IN TABLE,SawStop® TGI2-T36A 36 in Table Assembly,"SawStop®, Model TGI2-T36A",TGI2-T36A,"SawStop®, Model TGI2-T36A",,,,,,,,,,,,,,,,,,,,,,,,,,Product,,,,,,,,,,,,,,,,,,,,,,,,,,,,,,,,,,,,,,,,,,,,,,,,,,,,,,,,,,,,,,,,,,,,,,,,,,,,,,,,,,,,,,,,,,,,,,,,,,,,,,,,,,,,,,,,,,,,,,,,,,,,,,,,,,,,,,,,,,,,,,,,,,,,,,,,,,,,,,,,,,,,,,,,,,SAWSTOP_TGI2-T36A.jpg,,,,,,,,,SAWSTOP_TGI2-T36A_Specification_Sheet.pdf,,,,,,,,,,,,,,,,,,Yes
https://www.kreg.com/product/KPTBPS100A,,,,,,,Industrial Supplies,Equipment & Hardware,Tools & Parts,,KPTBPS100A,"KPTBPS100A Kreg 20V Ionic 6-1/2"" Plunge-Cut Track Saw Kit",,,,Kreg Tool Company (KRETO),Kreg Tool Company,Kreg®,,KPTBPS100A,,Industrial Equipment,"Kreg, KPTBPS100A, 20 V, Industrial Grade, Commercial Quality",KREG 20 V 20V,Kreg® KPTBPS100A 20 V Ionic 6-1/2,"Kreg®, Model KPTBPS100A, 20 V, Kit",KPTBPS100A,"Kreg®, Model KPTBPS100A, 20 V, Kit",,,,,,,,,,,,,,,,,,,,,,,,,,Product,Voltage,20,V,Configuration,Kit,,,,,,,,,,,,,,,,,,,,,,,,,,,,,,,,,,,,,,,,,,,,,,,,,,,,,,,,,,,,,,,,,,,,,,,,,,,,,,,,,,,,,,,,,,,,,,,,,,,,,,,,,,,,,,,,,,,,,,,,,,,,,,,,,,,,,,,,,,,,,,,,,,,,,,,,,,,,,,,,,,,,,KREG_KPTBPS100A.jpg,,,,,,,,,KREG_KPTBPS100A_Specification_Sheet.pdf,,,,,,,,,,,,,,,,,,Yes
https://www.dewalt.com/product/DCB606C,,,,,,,Industrial Supplies,Equipment & Hardware,Tools & Parts,,DCB606C,DCB606C Dewalt Flexvolt Starter Kit,,,,Black & Decker/dewlt (2585),Black & Decker/dewlt,DEWALT®,FlexVolt,DCB606C,,Industrial Equipment,"DEWALT, FlexVolt, DCB606C, Industrial Grade, Commercial Quality",DEWALT FLEXVOLT STARTER,DEWALT® FlexVolt DCB606C Flexvolt Starter Kit,"DEWALT®, FlexVolt, Model DCB606C, Kit","FlexVolt , DCB606C","DEWALT®, FlexVolt, Model DCB606C, Kit",,,,,,,,,,,,,,,,,,,,,,,,,,Product,Series,FlexVolt,,Configuration,Kit,,,,,,,,,,,,,,,,,,,,,,,,,,,,,,,,,,,,,,,,,,,,,,,,,,,,,,,,,,,,,,,,,,,,,,,,,,,,,,,,,,,,,,,,,,,,,,,,,,,,,,,,,,,,,,,,,,,,,,,,,,,,,,,,,,,,,,,,,,,,,,,,,,,,,,,,,,,,,,,,,,,,,DEWALT_DCB606C.jpg,,,,,,,,,DEWALT_DCB606C_Specification_Sheet.pdf,,,,,,,,,,,,,,,,,,Yes
https://www.makita.com/product/BL1850BDC1,,,,,,,Industrial Supplies,Equipment & Hardware,Tools & Parts,,BL1850BDC1,BL1850BDC1 Makita Starter Kit,,,,Makita Usa Inc (5142),Makita USA Inc,Makita®,,BL1850BDC1,,Industrial Equipment,"Makita, BL1850BDC1, Industrial Grade, Commercial Quality, Heavy Duty",MAKITA STARTER KIT,Makita® BL1850BDC1 Starter,"Makita®, Model BL1850BDC1, Kit",BL1850BDC1,"Makita®, Model BL1850BDC1, Kit",,,,,,,,,,,,,,,,,,,,,,,,,,Product,Configuration,Kit,,,,,,,,,,,,,,,,,,,,,,,,,,,,,,,,,,,,,,,,,,,,,,,,,,,,,,,,,,,,,,,,,,,,,,,,,,,,,,,,,,,,,,,,,,,,,,,,,,,,,,,,,,,,,,,,,,,,,,,,,,,,,,,,,,,,,,,,,,,,,,,,,,,,,,,,,,,,,,,,,,,,,,,,MAKITA_BL1850BDC1.jpg,,,,,,,,,MAKITA_BL1850BDC1_Specification_Sheet.pdf,,,,,,,,,,,,,,,,,,Yes
https://www.dewalt.com/product/DCB205C,,,,,,,Industrial Supplies,Equipment & Hardware,Tools & Parts,,DCB205C,DCB205C 20V Starter Kit,,,DEWALT,Black & Decker/dewlt (2585),Black & Decker/dewlt,DEWALT®,,DCB205C,,Industrial Equipment,"DEWALT, DCB205C, 20 V, Industrial Grade, Commercial Quality, Heavy Duty",20 V STARTER 20V,DEWALT® DCB205C 20 V Starter Kit,"DEWALT®, Model DCB205C, 20 V, Kit",DCB205C,"DEWALT®, Model DCB205C, 20 V, Kit",,,,,,,,,,,,,,,,,,,,,,,,,,Product,Voltage,20,V,Configuration,Kit,,,,,,,,,,,,,,,,,,,,,,,,,,,,,,,,,,,,,,,,,,,,,,,,,,,,,,,,,,,,,,,,,,,,,,,,,,,,,,,,,,,,,,,,,,,,,,,,,,,,,,,,,,,,,,,,,,,,,,,,,,,,,,,,,,,,,,,,,,,,,,,,,,,,,,,,,,,,,,,,,,,,,DEWALT_DCB205C.jpg,,,,,,,,,DEWALT_DCB205C_Specification_Sheet.pdf,,,,,,,,,,,,,,,,,,Yes
https://www.dewalt.com/product/DCB2108,,,,,,,Industrial Supplies,Equipment & Hardware,Tools & Parts,,DCB2108,DCB2108 Dewalt 20V 8Ah Battery - Max XR Powerpack,,,DEWALT,Black & Decker/dewlt (2585),Black & Decker/dewlt,DEWALT®,,DCB2108,,Industrial Equipment,"DEWALT, DCB2108, 20 V, Industrial Grade, Commercial Quality, Heavy Duty",DEWALT 20 V 20V,DEWALT® DCB2108 20 V 8 Ah,"DEWALT®, Model DCB2108, 20 V, 8 Ah",DCB2108,"DEWALT®, Model DCB2108, 20 V, 8 Ah",,,,,,,,,,,,,,,,,,,,,,,,,,Product,Voltage,20,V,Battery Capacity,8,Ah,,,,,,,,,,,,,,,,,,,,,,,,,,,,,,,,,,,,,,,,,,,,,,,,,,,,,,,,,,,,,,,,,,,,,,,,,,,,,,,,,,,,,,,,,,,,,,,,,,,,,,,,,,,,,,,,,,,,,,,,,,,,,,,,,,,,,,,,,,,,,,,,,,,,,,,,,,,,,,,,,,,,DEWALT_DCB2108.jpg,,,,,,,,,DEWALT_DCB2108_Specification_Sheet.pdf,,,,,,,,,,,,,,,,,,Yes
https://www.dewalt.com/product/DCB2108-2,,,,,,,Industrial Supplies,Equipment & Hardware,Tools & Parts,,DCB2108-2,DCB2108-2 Dewalt 20V 8Ah 2pk - Battery Max XR Powerpack,,,,Black & Decker/dewlt (2585),Black & Decker/dewlt,DEWALT®,,DCB2108-2,,Industrial Equipment,"DEWALT, DCB2108-2, 20 V, 2 pc, Industrial Grade, Commercial Quality",DEWALT 20 V 20V 2PC,DEWALT® DCB2108-2 20 V 8 Ah 2 pc,"DEWALT®, Model DCB2108-2, 20 V, 8 Ah, 2 pc",DCB2108-2,"DEWALT®, Model DCB2108-2, 20 V, 8 Ah, 2 pc",,,,,,,,,,,,,,,,,,,,,,,,,,Product,Voltage,20,V,Battery Capacity,8,Ah,Package Quantity,2,pc,,,,,,,,,,,,,,,,,,,,,,,,,,,,,,,,,,,,,,,,,,,,,,,,,,,,,,,,,,,,,,,,,,,,,,,,,,,,,,,,,,,,,,,,,,,,,,,,,,,,,,,,,,,,,,,,,,,,,,,,,,,,,,,,,,,,,,,,,,,,,,,,,,,,,,,,,,,,,,,,,DEWALT_DCB2108-2.jpg,,,,,,,,,DEWALT_DCB2108-2_Specification_Sheet.pdf,,,,,,,,,,,,,,,,,,Yes
https://www.senco.com/product/VB0212,,,,,,,Industrial Supplies,Equipment & Hardware,Tools & Parts,,VB0212,VB0212 Senco 18V 2.0 AH Lithium Battery,,,,Senco Products Inc (4650),Senco Products Inc,Senco®,,VB0212,,Industrial Equipment,"Senco, VB0212, 18 V, Industrial Grade, Commercial Quality, Heavy Duty",SENCO 18 V 18V,Senco® VB0212 18 V 2.0 Ah,"Senco®, Model VB0212, 18 V, 2.0 Ah",VB0212,"Senco®, Model VB0212, 18 V, 2.0 Ah",,,,,,,,,,,,,,,,,,,,,,,,,,Product,Voltage,18,V,Battery Capacity,2.0,Ah,,,,,,,,,,,,,,,,,,,,,,,,,,,,,,,,,,,,,,,,,,,,,,,,,,,,,,,,,,,,,,,,,,,,,,,,,,,,,,,,,,,,,,,,,,,,,,,,,,,,,,,,,,,,,,,,,,,,,,,,,,,,,,,,,,,,,,,,,,,,,,,,,,,,,,,,,,,,,,,,,,,,SENCO_VB0212.jpg,,,,,,,,,SENCO_VB0212_Specification_Sheet.pdf,,,,,,,,,,,,,,,,,,Yes
https://www.kreg.com/product/BCB2A20A,,,,,,,Industrial Supplies,Equipment & Hardware,Tools & Parts,,BCB2A20A,BCB2A20A Kreg 20V Battery/Charger Starter Kit,,,,Kreg Tool Company (KRETO),Kreg Tool Company,Kreg®,,BCB2A20A,,Industrial Equipment,"Kreg, BCB2A20A, 20 V, Industrial Grade, Commercial Quality, Heavy Duty",KREG 20 V 20V,Kreg® BCB2A20A 20 V Battery/Charger Starter,"Kreg®, Model BCB2A20A, 20 V, Kit",BCB2A20A,"Kreg®, Model BCB2A20A, 20 V, Kit",,,,,,,,,,,,,,,,,,,,,,,,,,Product,Voltage,20,V,Configuration,Kit,,,,,,,,,,,,,,,,,,,,,,,,,,,,,,,,,,,,,,,,,,,,,,,,,,,,,,,,,,,,,,,,,,,,,,,,,,,,,,,,,,,,,,,,,,,,,,,,,,,,,,,,,,,,,,,,,,,,,,,,,,,,,,,,,,,,,,,,,,,,,,,,,,,,,,,,,,,,,,,,,,,,,KREG_BCB2A20A.jpg,,,,,,,,,KREG_BCB2A20A_Specification_Sheet.pdf,,,,,,,,,,,,,,,,,,Yes
https://www.kreg.com/product/BATT4A,,,,,,,Industrial Supplies,Equipment & Hardware,Tools & Parts,,BATT4A,BATT4A Kreg 20V 4ah Battery Pack,,,,Kreg Tool Company (KRETO),Kreg Tool Company,Kreg®,,BATT4A,,Industrial Equipment,"Kreg, BATT4A, 20 V, Industrial Grade, Commercial Quality, Heavy Duty",KREG 20 V 20V,Kreg® BATT4A 20 V 4 Ah,"Kreg®, Model BATT4A, 20 V, 4 Ah",BATT4A,"Kreg®, Model BATT4A, 20 V, 4 Ah",,,,,,,,,,,,,,,,,,,,,,,,,,Product,Voltage,20,V,Battery Capacity,4,Ah,,,,,,,,,,,,,,,,,,,,,,,,,,,,,,,,,,,,,,,,,,,,,,,,,,,,,,,,,,,,,,,,,,,,,,,,,,,,,,,,,,,,,,,,,,,,,,,,,,,,,,,,,,,,,,,,,,,,,,,,,,,,,,,,,,,,,,,,,,,,,,,,,,,,,,,,,,,,,,,,,,,,KREG_BATT4A.jpg,,,,,,,,,KREG_BATT4A_Specification_Sheet.pdf,,,,,,,,,,,,,,,,,,Yes
https://www.kreg.com/product/BATT2A,,,,,,,Industrial Supplies,Equipment & Hardware,Tools & Parts,,BATT2A,BATT2A Kreg 20V 2ah Battery Pack,,,,Kreg Tool Company (KRETO),Kreg Tool Company,Kreg®,,BATT2A,,Industrial Equipment,"Kreg, BATT2A, 20 V, Industrial Grade, Commercial Quality, Heavy Duty",KREG 20 V 20V,Kreg® BATT2A 20 V 2 Ah,"Kreg®, Model BATT2A, 20 V, 2 Ah",BATT2A,"Kreg®, Model BATT2A, 20 V, 2 Ah",,,,,,,,,,,,,,,,,,,,,,,,,,Product,Voltage,20,V,Battery Capacity,2,Ah,,,,,,,,,,,,,,,,,,,,,,,,,,,,,,,,,,,,,,,,,,,,,,,,,,,,,,,,,,,,,,,,,,,,,,,,,,,,,,,,,,,,,,,,,,,,,,,,,,,,,,,,,,,,,,,,,,,,,,,,,,,,,,,,,,,,,,,,,,,,,,,,,,,,,,,,,,,,,,,,,,,,KREG_BATT2A.jpg,,,,,,,,,KREG_BATT2A_Specification_Sheet.pdf,,,,,,,,,,,,,,,,,,Yes
https://www.makita.com/product/BL1850BDC2X1,,,,,,,Industrial Supplies,Equipment & Hardware,Tools & Parts,,BL1850BDC2X1,BL1850BDC2X1 Makita Starter Kit,,,,Makita Usa Inc (5142),Makita USA Inc,Makita®,,BL1850BDC2X1,,Industrial Equipment,"Makita, BL1850BDC2X1, Industrial Grade, Commercial Quality, Heavy Duty",MAKITA STARTER KIT,Makita® BL1850BDC2X1 Starter,"Makita®, Model BL1850BDC2X1, Kit",BL1850BDC2X1,"Makita®, Model BL1850BDC2X1, Kit",,,,,,,,,,,,,,,,,,,,,,,,,,Product,Configuration,Kit,,,,,,,,,,,,,,,,,,,,,,,,,,,,,,,,,,,,,,,,,,,,,,,,,,,,,,,,,,,,,,,,,,,,,,,,,,,,,,,,,,,,,,,,,,,,,,,,,,,,,,,,,,,,,,,,,,,,,,,,,,,,,,,,,,,,,,,,,,,,,,,,,,,,,,,,,,,,,,,,,,,,,,,,MAKITA_BL1850BDC2X1.jpg,,,,,,,,,MAKITA_BL1850BDC2X1_Specification_Sheet.pdf,,,,,,,,,,,,,,,,,,Yes
https://www.milwaukee.com/product/48-11-2422,,,,,,,Industrial Supplies,Equipment & Hardware,Tools & Parts,,48-11-2422,48-11-2422 Milw M12 CP2.0 Battery Two Pack,,,,Milwaukee Accessory (4031),Milwaukee Electric Tool Corp,Milwaukee®,M12,48-11-2422,,Industrial Equipment,"Milwaukee, M12, 48-11-2422, Industrial Grade, Commercial Quality",MILW M12 CP2.0,Milwaukee® M12 48-11-2422 M12 CP2.0 Battery Two,"Milwaukee®, M12, Model 48-11-2422","M12 , 48-11-2422","Milwaukee®, M12, Model 48-11-2422",,,,,,,,,,,,,,,,,,,,,,,,,,Product,Series,M12,,,,,,,,,,,,,,,,,,,,,,,,,,,,,,,,,,,,,,,,,,,,,,,,,,,,,,,,,,,,,,,,,,,,,,,,,,,,,,,,,,,,,,,,,,,,,,,,,,,,,,,,,,,,,,,,,,,,,,,,,,,,,,,,,,,,,,,,,,,,,,,,,,,,,,,,,,,,,,,,,,,,,,,,MILWAUKEE_48-11-2422.jpg,,,,,,,,,MILWAUKEE_48-11-2422_Specification_Sheet.pdf,,,,,,,,,,,,,,,,,,Yes
https://www.dewalt.com/product/DCB1104,,,,,,,Industrial Supplies,Equipment & Hardware,Tools & Parts,,DCB1104,DCB1104 Dewalt 12V/20V Charger - 4 Amp,,,,Black & Decker/dewlt (2585),Black & Decker/dewlt,DEWALT®,,DCB1104,,Industrial Equipment,"DEWALT, DCB1104, 12 V, Industrial Grade, Commercial Quality, Heavy Duty",DEWALT 12 V/20 12V,DEWALT® DCB1104 12 V/20 V Charger,"DEWALT®, Model DCB1104, 12 V, 4 A",DCB1104,"DEWALT®, Model DCB1104, 12 V, 4 A",,,,,,,,,,,,,,,,,,,,,,,,,,Product,Voltage,12,V,Amperage,4,A,,,,,,,,,,,,,,,,,,,,,,,,,,,,,,,,,,,,,,,,,,,,,,,,,,,,,,,,,,,,,,,,,,,,,,,,,,,,,,,,,,,,,,,,,,,,,,,,,,,,,,,,,,,,,,,,,,,,,,,,,,,,,,,,,,,,,,,,,,,,,,,,,,,,,,,,,,,,,,,,,,,,DEWALT_DCB1104.jpg,,,,,,,,,DEWALT_DCB1104_Specification_Sheet.pdf,,,,,,,,,,,,,,,,,,Yes
https://www.milwaukee.com/product/48-59-1804,,,,,,,Industrial Supplies,Equipment & Hardware,Tools & Parts,,48-59-1804,48-59-1804 Milw M18 and M12 Rapid Charger,,,,Milwaukee Accessory (4031),Milwaukee Electric Tool Corp,Milwaukee®,M18,48-59-1804,,Industrial Equipment,"Milwaukee, M18, 48-59-1804, Industrial Grade, Commercial Quality",MILW M18 AND,Milwaukee® M18 48-59-1804 M18 and M12 Rapid,"Milwaukee®, M18, Model 48-59-1804","M18 , 48-59-1804","Milwaukee®, M18, Model 48-59-1804",,,,,,,,,,,,,,,,,,,,,,,,,,Product,Series,M18,,,,,,,,,,,,,,,,,,,,,,,,,,,,,,,,,,,,,,,,,,,,,,,,,,,,,,,,,,,,,,,,,,,,,,,,,,,,,,,,,,,,,,,,,,,,,,,,,,,,,,,,,,,,,,,,,,,,,,,,,,,,,,,,,,,,,,,,,,,,,,,,,,,,,,,,,,,,,,,,,,,,,,,,MILWAUKEE_48-59-1804.jpg,,,,,,,,,MILWAUKEE_48-59-1804_Specification_Sheet.pdf,,,,,,,,,,,,,,,,,,Yes
https://www.kreg.com/product/CRGR401A,,,,,,,Industrial Supplies,Equipment & Hardware,Tools & Parts,,CRGR401A,CRGR401A Kreg 20V Fast Charger,,,,Kreg Tool Company (KRETO),Kreg Tool Company,Kreg®,,CRGR401A,,Industrial Equipment,"Kreg, CRGR401A, 20 V, Industrial Grade, Commercial Quality, Heavy Duty",KREG 20 V 20V,Kreg® CRGR401A 20 V Fast Charger,"Kreg®, Model CRGR401A, 20 V",CRGR401A,"Kreg®, Model CRGR401A, 20 V",,,,,,,,,,,,,,,,,,,,,,,,,,Product,Voltage,20,V,,,,,,,,,,,,,,,,,,,,,,,,,,,,,,,,,,,,,,,,,,,,,,,,,,,,,,,,,,,,,,,,,,,,,,,,,,,,,,,,,,,,,,,,,,,,,,,,,,,,,,,,,,,,,,,,,,,,,,,,,,,,,,,,,,,,,,,,,,,,,,,,,,,,,,,,,,,,,,,,,,,,,,,KREG_CRGR401A.jpg,,,,,,,,,KREG_CRGR401A_Specification_Sheet.pdf,,,,,,,,,,,,,,,,,,Yes
https://www.milwaukee.com/product/48-59-1211,,,,,,,Industrial Supplies,Equipment & Hardware,Tools & Parts,,48-59-1211,48-59-1211 Milw Power Supply - Charger,,,Milwaukee,Milwaukee Accessory (4031),Milwaukee Electric Tool Corp,Milwaukee®,,48-59-1211,,Industrial Equipment,"Milwaukee, 48-59-1211, Industrial Grade, Commercial Quality, Heavy Duty",MILW POWER SUPPLY,Milwaukee® 48-59-1211 Power Supply - Charger,"Milwaukee®, Model 48-59-1211",48-59-1211,"Milwaukee®, Model 48-59-1211",,,,,,,,,,,,,,,,,,,,,,,,,,Product,,,,,,,,,,,,,,,,,,,,,,,,,,,,,,,,,,,,,,,,,,,,,,,,,,,,,,,,,,,,,,,,,,,,,,,,,,,,,,,,,,,,,,,,,,,,,,,,,,,,,,,,,,,,,,,,,,,,,,,,,,,,,,,,,,,,,,,,,,,,,,,,,,,,,,,,,,,,,,,,,,,,,,,,,,MILWAUKEE_48-59-1211.jpg,,,,,,,,,MILWAUKEE_48-59-1211_Specification_Sheet.pdf,,,,,,,,,,,,,,,,,,Yes
https://www.milwaukee.com/product/2847-20,,,,,,,Industrial Supplies,Equipment & Hardware,Tools & Parts,,2847-20,2847-20 Milw M18 Charger and Power Supply,,,,Milwaukee Accessory (4031),Milwaukee Electric Tool Corp,Milwaukee®,M18,2847-20,,Industrial Equipment,"Milwaukee, M18, 2847-20, Industrial Grade, Commercial Quality",MILW M18 CHARGER,Milwaukee® M18 2847-20 M18 Charger and Power,"Milwaukee®, M18, Model 2847-20","M18 , 2847-20","Milwaukee®, M18, Model 2847-20",,,,,,,,,,,,,,,,,,,,,,,,,,Product,Series,M18,,,,,,,,,,,,,,,,,,,,,,,,,,,,,,,,,,,,,,,,,,,,,,,,,,,,,,,,,,,,,,,,,,,,,,,,,,,,,,,,,,,,,,,,,,,,,,,,,,,,,,,,,,,,,,,,,,,,,,,,,,,,,,,,,,,,,,,,,,,,,,,,,,,,,,,,,,,,,,,,,,,,,,,,MILWAUKEE_2847-20.jpg,,,,,,,,,MILWAUKEE_2847-20_Specification_Sheet.pdf,,,,,,,,,,,,,,,,,,Yes
https://www.dewalt.com/product/DWV9401,,,,,,,Industrial Supplies,Equipment & Hardware,Tools & Parts,,DWV9401,DWV9401 Dewalt Paper Bag - 5pk,,,,Black & Decker/dewlt (2585),Black & Decker/dewlt,DEWALT®,,DWV9401,,Industrial Equipment,"DEWALT, DWV9401, 5 pc, Industrial Grade, Commercial Quality, Heavy Duty",DEWALT PAPER BAG 5PC,DEWALT® DWV9401 Paper Bag - 5pk 5 pc,"DEWALT®, Model DWV9401, 5 pc",DWV9401,"DEWALT®, Model DWV9401, 5 pc",,,,,,,,,,,,,,,,,,,,,,,,,,Product,Package Quantity,5,pc,,,,,,,,,,,,,,,,,,,,,,,,,,,,,,,,,,,,,,,,,,,,,,,,,,,,,,,,,,,,,,,,,,,,,,,,,,,,,,,,,,,,,,,,,,,,,,,,,,,,,,,,,,,,,,,,,,,,,,,,,,,,,,,,,,,,,,,,,,,,,,,,,,,,,,,,,,,,,,,,,,,,,,,DEWALT_DWV9401.jpg,,,,,,,,,DEWALT_DWV9401_Specification_Sheet.pdf,,,,,,,,,,,,,,,,,,Yes
https://www.festool.com/product/578512,,,,,,,Industrial Supplies,Equipment & Hardware,Tools & Parts,,578512,578512 Festool Dust Extractor-CT MIDI I HEPA,,,,Festool USA (FESTO),Festool USA,Festool®,,578512,,Industrial Equipment,"Festool, 578512, Industrial Grade, Commercial Quality, Professional Performance",FESTOOL DUST EXTRACTOR-CT,Festool® 578512 Dust Extractor-CT MIDI I,"Festool®, Model 578512",578512,"Festool®, Model 578512",,,,,,,,,,,,,,,,,,,,,,,,,,Product,,,,,,,,,,,,,,,,,,,,,,,,,,,,,,,,,,,,,,,,,,,,,,,,,,,,,,,,,,,,,,,,,,,,,,,,,,,,,,,,,,,,,,,,,,,,,,,,,,,,,,,,,,,,,,,,,,,,,,,,,,,,,,,,,,,,,,,,,,,,,,,,,,,,,,,,,,,,,,,,,,,,,,,,,,FESTOOL_578512.jpg,,,,,,,,,FESTOOL_578512_Specification_Sheet.pdf,,,,,,,,,,,,,,,,,,Yes
https://www.festool.com/product/577871,,,,,,,Industrial Supplies,Equipment & Hardware,Tools & Parts,,577871,577871 Festool Dust Extractor - CT 26,,,,Festool USA (FESTO),Festool USA,Festool®,,577871,,Industrial Equipment,"Festool, 577871, Industrial Grade, Commercial Quality, Professional Performance",FESTOOL DUST EXTRACTOR,Festool® 577871 Dust Extractor - Count,"Festool®, Model 577871",577871,"Festool®, Model 577871",,,,,,,,,,,,,,,,,,,,,,,,,,Product,,,,,,,,,,,,,,,,,,,,,,,,,,,,,,,,,,,,,,,,,,,,,,,,,,,,,,,,,,,,,,,,,,,,,,,,,,,,,,,,,,,,,,,,,,,,,,,,,,,,,,,,,,,,,,,,,,,,,,,,,,,,,,,,,,,,,,,,,,,,,,,,,,,,,,,,,,,,,,,,,,,,,,,,,,FESTOOL_577871.jpg,,,,,,,,,FESTOOL_577871_Specification_Sheet.pdf,,,,,,,,,,,,,,,,,,Yes
https://www.festool.com/product/577874,,,,,,,Industrial Supplies,Equipment & Hardware,Tools & Parts,,577874,577874 Festool Dust Extractor - CT 36,,,,Festool USA (FESTO),Festool USA,Festool®,,577874,,Industrial Equipment,"Festool, 577874, Industrial Grade, Commercial Quality, Professional Performance",FESTOOL DUST EXTRACTOR,Festool® 577874 Dust Extractor - Count,"Festool®, Model 577874",577874,"Festool®, Model 577874",,,,,,,,,,,,,,,,,,,,,,,,,,Product,,,,,,,,,,,,,,,,,,,,,,,,,,,,,,,,,,,,,,,,,,,,,,,,,,,,,,,,,,,,,,,,,,,,,,,,,,,,,,,,,,,,,,,,,,,,,,,,,,,,,,,,,,,,,,,,,,,,,,,,,,,,,,,,,,,,,,,,,,,,,,,,,,,,,,,,,,,,,,,,,,,,,,,,,,FESTOOL_577874.jpg,,,,,,,,,FESTOOL_577874_Specification_Sheet.pdf,,,,,,,,,,,,,,,,,,Yes
https://www.festool.com/product/577876,,,,,,,Industrial Supplies,Equipment & Hardware,Tools & Parts,,577876,577876 Festool Dust Extractor - CT 48,,,,Festool USA (FESTO),Festool USA,Festool®,,577876,,Industrial Equipment,"Festool, 577876, Industrial Grade, Commercial Quality, Professional Performance",FESTOOL DUST EXTRACTOR,Festool® 577876 Dust Extractor - Count,"Festool®, Model 577876",577876,"Festool®, Model 577876",,,,,,,,,,,,,,,,,,,,,,,,,,Product,,,,,,,,,,,,,,,,,,,,,,,,,,,,,,,,,,,,,,,,,,,,,,,,,,,,,,,,,,,,,,,,,,,,,,,,,,,,,,,,,,,,,,,,,,,,,,,,,,,,,,,,,,,,,,,,,,,,,,,,,,,,,,,,,,,,,,,,,,,,,,,,,,,,,,,,,,,,,,,,,,,,,,,,,,FESTOOL_577876.jpg,,,,,,,,,FESTOOL_577876_Specification_Sheet.pdf,,,,,,,,,,,,,,,,,,Yes
https://www.festool.com/product/578441,,,,,,,Industrial Supplies,Equipment & Hardware,Tools & Parts,,578441,578441 Festool Dust Extractor-CT 15 HEPA,,,,Festool USA (FESTO),Festool USA,Festool®,,578441,,Industrial Equipment,"Festool, 578441, Industrial Grade, Commercial Quality, Professional Performance",FESTOOL DUST EXTRACTOR-CT,Festool® 578441 Dust Extractor-CT 15 HEPA,"Festool®, Model 578441",578441,"Festool®, Model 578441",,,,,,,,,,,,,,,,,,,,,,,,,,Product,,,,,,,,,,,,,,,,,,,,,,,,,,,,,,,,,,,,,,,,,,,,,,,,,,,,,,,,,,,,,,,,,,,,,,,,,,,,,,,,,,,,,,,,,,,,,,,,,,,,,,,,,,,,,,,,,,,,,,,,,,,,,,,,,,,,,,,,,,,,,,,,,,,,,,,,,,,,,,,,,,,,,,,,,,FESTOOL_578441.jpg,,,,,,,,,FESTOOL_578441_Specification_Sheet.pdf,,,,,,,,,,,,,,,,,,Yes
https://www.dewalt.com/product/DCK225D2,,,,,,,Industrial Supplies,Equipment & Hardware,Tools & Parts,,DCK225D2,DCK225D2 Dewalt Impact/Drill - Kit,,,DEWALT,Black & Decker/dewlt (2585),Black & Decker/dewlt,DEWALT®,,DCK225D2,,Industrial Equipment,"DEWALT, DCK225D2, Industrial Grade, Commercial Quality, Professional Performance",DEWALT IMPACT/DRILL -,DEWALT® DCK225D2 Impact/Drill - Kit,"DEWALT®, Model DCK225D2, Kit",DCK225D2,"DEWALT®, Model DCK225D2, Kit",,,,,,,,,,,,,,,,,,,,,,,,,,Product,Configuration,Kit,,,,,,,,,,,,,,,,,,,,,,,,,,,,,,,,,,,,,,,,,,,,,,,,,,,,,,,,,,,,,,,,,,,,,,,,,,,,,,,,,,,,,,,,,,,,,,,,,,,,,,,,,,,,,,,,,,,,,,,,,,,,,,,,,,,,,,,,,,,,,,,,,,,,,,,,,,,,,,,,,,,,,,,,DEWALT_DCK225D2.jpg,,,,,,,,,DEWALT_DCK225D2_Specification_Sheet.pdf,,,,,,,,,,,,,,,,,,Yes
https://www.dewalt.com/product/DCK2101QQ2,,,,,,,Industrial Supplies,Equipment & Hardware,Tools & Parts,,DCK2101QQ2,Dewalt DCK2101QQ2 20V 2Pc Kit,,,,Black & Decker/dewlt (2585),Black & Decker/dewlt,DEWALT®,,DCK2101QQ2,,Industrial Equipment,"DEWALT, DCK2101QQ2, 20 V, 2 pc, Industrial Grade, Commercial Quality",DEWALT DCK2101QQ2 20 20V 2PC,DEWALT® DCK2101QQ2 20 V 2Pc Kit 2 pc,"DEWALT®, Model DCK2101QQ2, 20 V, Kit, 2 pc",DCK2101QQ2,"DEWALT®, Model DCK2101QQ2, 20 V, Kit, 2 pc",,,,,,,,,,,,,,,,,,,,,,,,,,Product,Voltage,20,V,Package Quantity,2,pc,Configuration,Kit,,,,,,,,,,,,,,,,,,,,,,,,,,,,,,,,,,,,,,,,,,,,,,,,,,,,,,,,,,,,,,,,,,,,,,,,,,,,,,,,,,,,,,,,,,,,,,,,,,,,,,,,,,,,,,,,,,,,,,,,,,,,,,,,,,,,,,,,,,,,,,,,,,,,,,,,,,,,,,,,,,DEWALT_DCK2101QQ2.jpg,,,,,,,,,DEWALT_DCK2101QQ2_Specification_Sheet.pdf,,,,,,,,,,,,,,,,,,Yes
https://www.dremel.com/product/4000-2/32,,,,,,,Industrial Supplies,Equipment & Hardware,Tools & Parts,,4000-2/32,4000-2/32 DREMEL ROTARY TOOL,,,Dremel,Robt Bosch Tool Corp (6564),Robert Bosch Tool Corporation,Dremel®,,4000-2/32,,Industrial Equipment,"Dremel, 4000-2/32, Industrial Grade, Commercial Quality, Heavy Duty",DREMEL ROTARY TOOL,Dremel® 4000-2/32 ROTARY TOOL,"Dremel®, Model 4000-2/32",4000-2/32,"Dremel®, Model 4000-2/32",,,,,,,,,,,,,,,,,,,,,,,,,,Product,,,,,,,,,,,,,,,,,,,,,,,,,,,,,,,,,,,,,,,,,,,,,,,,,,,,,,,,,,,,,,,,,,,,,,,,,,,,,,,,,,,,,,,,,,,,,,,,,,,,,,,,,,,,,,,,,,,,,,,,,,,,,,,,,,,,,,,,,,,,,,,,,,,,,,,,,,,,,,,,,,,,,,,,,,DREMEL_4000-2/32.jpg,,,,,,,,,DREMEL_4000-2/32_Specification_Sheet.pdf,,,,,,,,,,,,,,,,,,Yes
https://www.dremel.com/product/3100-1/15,,,,,,,Industrial Supplies,Equipment & Hardware,Tools & Parts,,3100-1/15,3100-1/15 Dremel Rotary Tool - Kit 15pc,,,Dremel,Robt Bosch Tool Corp (6564),Robert Bosch Tool Corporation,Dremel®,,3100-1/15,,Industrial Equipment,"Dremel, 3100-1/15, 15 pc, Industrial Grade, Commercial Quality",DREMEL ROTARY TOOL 15PC,Dremel® 3100-1/15 Rotary Tool - Kit 15 pc,"Dremel®, Model 3100-1/15, Kit, 15 pc",3100-1/15,"Dremel®, Model 3100-1/15, Kit, 15 pc",,,,,,,,,,,,,,,,,,,,,,,,,,Product,Package Quantity,15,pc,Configuration,Kit,,,,,,,,,,,,,,,,,,,,,,,,,,,,,,,,,,,,,,,,,,,,,,,,,,,,,,,,,,,,,,,,,,,,,,,,,,,,,,,,,,,,,,,,,,,,,,,,,,,,,,,,,,,,,,,,,,,,,,,,,,,,,,,,,,,,,,,,,,,,,,,,,,,,,,,,,,,,,,,,,,,,,DREMEL_3100-1/15.jpg,,,,,,,,,DREMEL_3100-1/15_Specification_Sheet.pdf,,,,,,,,,,,,,,,,,,Yes
https://www.makita.com/product/T-90043,,,,,,,Industrial Supplies,Equipment & Hardware,Tools & Parts,,T-90043,T-90043 Deep Medium Organizer,,,,Makita Usa Inc (5142),Makita USA Inc,Makita®,,T-90043,,Industrial Equipment,"Makita, T-90043, Industrial Grade, Commercial Quality, Professional Performance",DEEP MEDIUM ORGANIZER,Makita® T-90043 Deep Medium Organizer,"Makita®, Model T-90043",T-90043,"Makita®, Model T-90043",,,,,,,,,,,,,,,,,,,,,,,,,,Product,,,,,,,,,,,,,,,,,,,,,,,,,,,,,,,,,,,,,,,,,,,,,,,,,,,,,,,,,,,,,,,,,,,,,,,,,,,,,,,,,,,,,,,,,,,,,,,,,,,,,,,,,,,,,,,,,,,,,,,,,,,,,,,,,,,,,,,,,,,,,,,,,,,,,,,,,,,,,,,,,,,,,,,,,,MAKITA_T-90043.jpg,,,,,,,,,MAKITA_T-90043_Specification_Sheet.pdf,,,,,,,,,,,,,,,,,,Yes
https://www.makita.com/product/T-90059,,,,,,,Industrial Supplies,Equipment & Hardware,Tools & Parts,,T-90059,T-90059 Low Profile Medium - Organizer,,,,Makita Usa Inc (5142),Makita USA Inc,Makita®,,T-90059,,Industrial Equipment,"Makita, T-90059, Industrial Grade, Commercial Quality, Professional Performance",LOW PROFILE MEDIUM,Makita® T-90059 Low Profile Medium -,"Makita®, Model T-90059",T-90059,"Makita®, Model T-90059",,,,,,,,,,,,,,,,,,,,,,,,,,Product,,,,,,,,,,,,,,,,,,,,,,,,,,,,,,,,,,,,,,,,,,,,,,,,,,,,,,,,,,,,,,,,,,,,,,,,,,,,,,,,,,,,,,,,,,,,,,,,,,,,,,,,,,,,,,,,,,,,,,,,,,,,,,,,,,,,,,,,,,,,,,,,,,,,,,,,,,,,,,,,,,,,,,,,,,MAKITA_T-90059.jpg,,,,,,,,,MAKITA_T-90059_Specification_Sheet.pdf,,,,,,,,,,,,,,,,,,Yes
https://www.makita.com/product/T-90065,,,,,,,Industrial Supplies,Equipment & Hardware,Tools & Parts,,T-90065,T-90065 Deep Compact Organizer,,,,Makita Usa Inc (5142),Makita USA Inc,Makita®,,T-90065,,Industrial Equipment,"Makita, T-90065, Industrial Grade, Commercial Quality, Professional Performance",DEEP COMPACT ORGANIZER,Makita® T-90065 Deep Compact Organizer,"Makita®, Model T-90065",T-90065,"Makita®, Model T-90065",,,,,,,,,,,,,,,,,,,,,,,,,,Product,,,,,,,,,,,,,,,,,,,,,,,,,,,,,,,,,,,,,,,,,,,,,,,,,,,,,,,,,,,,,,,,,,,,,,,,,,,,,,,,,,,,,,,,,,,,,,,,,,,,,,,,,,,,,,,,,,,,,,,,,,,,,,,,,,,,,,,,,,,,,,,,,,,,,,,,,,,,,,,,,,,,,,,,,,MAKITA_T-90065.jpg,,,,,,,,,MAKITA_T-90065_Specification_Sheet.pdf,,,,,,,,,,,,,,,,,,Yes
https://www.oliver.com/product/10047VS,,,,,,,Industrial Supplies,Equipment & Hardware,Tools & Parts,,10047VS,10047VS Oliver 3HP 230V 1PH Shaper 1-1/4 Spindle,,,,Oliver Machinery Company (OLIMA),Oliver Machinery Company,Oliver®,,10047VS,,Industrial Equipment,"Oliver, 10047VS, 230 V, Industrial Grade, Commercial Quality",OLIVER 3 HP 230V,Oliver® 10047VS 3 hp 230 1PH 230 V,"Oliver®, Model 10047VS, 230 V, 1-Phase, 3 hp",10047VS,"Oliver®, Model 10047VS, 230 V, 1-Phase, 3 hp",,,,,,,,,,,,,,,,,,,,,,,,,,Product,Voltage,230,V,Phase,1-Phase,,Horsepower,3,hp,,,,,,,,,,,,,,,,,,,,,,,,,,,,,,,,,,,,,,,,,,,,,,,,,,,,,,,,,,,,,,,,,,,,,,,,,,,,,,,,,,,,,,,,,,,,,,,,,,,,,,,,,,,,,,,,,,,,,,,,,,,,,,,,,,,,,,,,,,,,,,,,,,,,,,,,,,,,,,,,,OLIVER_10047VS.jpg,,,,,,,,,OLIVER_10047VS_Specification_Sheet.pdf,,,,,,,,,,,,,,,,,,Yes
https://www.j&gmachinery.com/product/MAG:2044-230-1,,,,,,,Industrial Supplies,Equipment & Hardware,Tools & Parts,,MAG:2044-230-1,2044-230-1 Stock Feeder 4-Roll - Steff,,,,J&G Machinery (JGMAC),J&G Machinery (JGMAC),J&G Machinery,,MAG:2044-230-1,,Industrial Equipment,"J&G Machinery, MAG:2044-230-1, Industrial Grade, Commercial Quality",2044-230-1 STOCK FEEDER,J&G Machinery MAG:2044-230-1 2044-230-1 Stock Feeder 4-Roll,"J&G Machinery, Model MAG:2044-230-1",MAG:2044-230-1,"J&G Machinery, Model MAG:2044-230-1",,,,,,,,,,,,,,,,,,,,,,,,,,Product,,,,,,,,,,,,,,,,,,,,,,,,,,,,,,,,,,,,,,,,,,,,,,,,,,,,,,,,,,,,,,,,,,,,,,,,,,,,,,,,,,,,,,,,,,,,,,,,,,,,,,,,,,,,,,,,,,,,,,,,,,,,,,,,,,,,,,,,,,,,,,,,,,,,,,,,,,,,,,,,,,,,,,,,,,J&G_MACHINERY_MAG:2044-230-1.jpg,,,,,,,,,J&G_MACHINERY_MAG:2044-230-1_Specification_Sheet.pdf,,,,,,,,,,,,,,,,,,Yes
https://www.bowproducts.com/product/XTP242,,,,,,,Industrial Supplies,Equipment & Hardware,Tools & Parts,,XTP242,"42"" XTP XTENDER PRO Fence - XTP242",,,,Bow Products (BOWPR),Bow Products LLC,Bow Products®,,XTP242,,Industrial Equipment,"Bow Products, XTP242, Industrial Grade, Commercial Quality, Heavy Duty",42 IN XTP,Bow Products® XTP242 42 in XTP XTENDER,"Bow Products®, Model XTP242",XTP242,"Bow Products®, Model XTP242",,,,,,,,,,,,,,,,,,,,,,,,,,Product,,,,,,,,,,,,,,,,,,,,,,,,,,,,,,,,,,,,,,,,,,,,,,,,,,,,,,,,,,,,,,,,,,,,,,,,,,,,,,,,,,,,,,,,,,,,,,,,,,,,,,,,,,,,,,,,,,,,,,,,,,,,,,,,,,,,,,,,,,,,,,,,,,,,,,,,,,,,,,,,,,,,,,,,,,BOW_PRODUCTS_XTP242.jpg,,,,,,,,,BOW_PRODUCTS_XTP242_Specification_Sheet.pdf,,,,,,,,,,,,,,,,,,Yes
https://www.woodpeckers.com/product/AAS-P,,,,,,,Industrial Supplies,Equipment & Hardware,Tools & Parts,,AAS-P,AAS-P Align-A-Saw Plate Only,,,,Woodpeckers Inc (WOODP),Woodpeckers Inc,Woodpeckers®,,AAS-P,,Industrial Equipment,"Woodpeckers, AAS-P, Industrial Grade, Commercial Quality, Heavy Duty",ALIGN-A-SAW PLATE ONLY,Woodpeckers® AAS-P Align-A-Saw Plate Only,"Woodpeckers®, Model AAS-P",AAS-P,"Woodpeckers®, Model AAS-P",,,,,,,,,,,,,,,,,,,,,,,,,,Product,,,,,,,,,,,,,,,,,,,,,,,,,,,,,,,,,,,,,,,,,,,,,,,,,,,,,,,,,,,,,,,,,,,,,,,,,,,,,,,,,,,,,,,,,,,,,,,,,,,,,,,,,,,,,,,,,,,,,,,,,,,,,,,,,,,,,,,,,,,,,,,,,,,,,,,,,,,,,,,,,,,,,,,,,,WOODPECKERS_AAS-P.jpg,,,,,,,,,WOODPECKERS_AAS-P_Specification_Sheet.pdf,,,,,,,,,,,,,,,,,,Yes
https://www.woodpeckers.com/product/SSCMS,,,,,,,Industrial Supplies,Equipment & Hardware,Tools & Parts,,SSCMS,SSCMS Stealthstop Miter Sled,,,,Woodpeckers Inc (WOODP),Woodpeckers Inc,Woodpeckers®,,SSCMS,,Industrial Equipment,"Woodpeckers, SSCMS, Industrial Grade, Commercial Quality, Heavy Duty",STEALTHSTOP MITER SLED,Woodpeckers® SSCMS Stealthstop Miter Sled,"Woodpeckers®, Model SSCMS",SSCMS,"Woodpeckers®, Model SSCMS",,,,,,,,,,,,,,,,,,,,,,,,,,Product,,,,,,,,,,,,,,,,,,,,,,,,,,,,,,,,,,,,,,,,,,,,,,,,,,,,,,,,,,,,,,,,,,,,,,,,,,,,,,,,,,,,,,,,,,,,,,,,,,,,,,,,,,,,,,,,,,,,,,,,,,,,,,,,,,,,,,,,,,,,,,,,,,,,,,,,,,,,,,,,,,,,,,,,,,WOODPECKERS_SSCMS.jpg,,,,,,,,,WOODPECKERS_SSCMS_Specification_Sheet.pdf,,,,,,,,,,,,,,,,,,Yes
https://www.oliver.com/product/4225.201,,,,,,,Industrial Supplies,Equipment & Hardware,Power Tool,,4225.201,"4225.201 Oliver 6"" HH Jointer Paralleogram",,,,Oliver Machinery Company (OLIMA),Oliver Machinery Company,Oliver®,,4225.201,,Power Tool,"Oliver, Power Tool, 4225.201, Industrial Grade, Commercial Quality",POWER TOOL,Oliver® 4225.201 Power Tool,"Oliver®, Power Tool, Model 4225.201","Power Tool, 4225.201","Oliver®, Power Tool, Model 4225.201",,,,,,,,,,,,,,,,,,,,,,,,,,Power Tool,Item Type,Power Tool,,,,,,,,,,,,,,,,,,,,,,,,,,,,,,,,,,,,,,,,,,,,,,,,,,,,,,,,,,,,,,,,,,,,,,,,,,,,,,,,,,,,,,,,,,,,,,,,,,,,,,,,,,,,,,,,,,,,,,,,,,,,,,,,,,,,,,,,,,,,,,,,,,,,,,,,,,,,,,,,,,,,,,,,OLIVER_4225.201.jpg,,,,,,,,,OLIVER_4225.201_Specification_Sheet.pdf,,,,,,,,,,,,,,,,,,Yes
https://www.kingcanada.com/product/KC-426C,,,,,,,Industrial Supplies,Equipment & Hardware,Power Tool,,KC-426C,"KC-426C 12"" Portable Planer",,,,King Canada Inc (KINCA),King Canada Inc,King Canada®,,KC-426C,,Power Tool,"King Canada, Power Tool, KC-426C, Industrial Grade, Commercial Quality",POWER TOOL,King Canada® KC-426C Power Tool,"King Canada®, Power Tool, Model KC-426C","Power Tool, KC-426C","King Canada®, Power Tool, Model KC-426C",,,,,,,,,,,,,,,,,,,,,,,,,,Power Tool,Item Type,Power Tool,,,,,,,,,,,,,,,,,,,,,,,,,,,,,,,,,,,,,,,,,,,,,,,,,,,,,,,,,,,,,,,,,,,,,,,,,,,,,,,,,,,,,,,,,,,,,,,,,,,,,,,,,,,,,,,,,,,,,,,,,,,,,,,,,,,,,,,,,,,,,,,,,,,,,,,,,,,,,,,,,,,,,,,,KING_CANADA_KC-426C.jpg,,,,,,,,,KING_CANADA_KC-426C_Specification_Sheet.pdf,,,,,,,,,,,,,,,,,,Yes
https://www.oliver.com/product/10045.201,,,,,,,Industrial Supplies,Equipment & Hardware,Power Tool,,10045.201,"10045.201 Oliver 13"" Benchtop Planer 2HP,115V 1Ph",,,,Oliver Machinery Company (OLIMA),Oliver Machinery Company,Oliver®,,10045.201,,Power Tool,"Oliver, Power Tool, 10045.201, 115 V, Industrial Grade, Commercial Quality",POWER TOOL 115V,Oliver® 10045.201 Power Tool 115 V,"Oliver®, Power Tool, Model 10045.201, 115 V, 1-Phase, 2 hp","Power Tool, 10045.201","Oliver®, Power Tool, Model 10045.201, 115 V, 1-Phase, 2 hp",,,,,,,,,,,,,,,,,,,,,,,,,,Power Tool,Item Type,Power Tool,,Voltage,115,V,Phase,1-Phase,,Horsepower,2,hp,,,,,,,,,,,,,,,,,,,,,,,,,,,,,,,,,,,,,,,,,,,,,,,,,,,,,,,,,,,,,,,,,,,,,,,,,,,,,,,,,,,,,,,,,,,,,,,,,,,,,,,,,,,,,,,,,,,,,,,,,,,,,,,,,,,,,,,,,,,,,,,,,,,,,,,,,,,,,,OLIVER_10045.201.jpg,,,,,,,,,OLIVER_10045.201_Specification_Sheet.pdf,,,,,,,,,,,,,,,,,,Yes
https://www.oliver.com/product/10014.201,,,,,,,Industrial Supplies,Equipment & Hardware,Power Tool,,10014.201,"10014.201 Oliver 15"" Planer 3HP 1Ph 220V",,,,Oliver Machinery Company (OLIMA),Oliver Machinery Company,Oliver®,,10014.201,,Power Tool,"Oliver, Power Tool, 10014.201, 220 V, Industrial Grade, Commercial Quality",POWER TOOL 220V,Oliver® 10014.201 Power Tool 220 V,"Oliver®, Power Tool, Model 10014.201, 220 V, 1-Phase, 3 hp","Power Tool, 10014.201","Oliver®, Power Tool, Model 10014.201, 220 V, 1-Phase, 3 hp",,,,,,,,,,,,,,,,,,,,,,,,,,Power Tool,Item Type,Power Tool,,Voltage,220,V,Phase,1-Phase,,Horsepower,3,hp,,,,,,,,,,,,,,,,,,,,,,,,,,,,,,,,,,,,,,,,,,,,,,,,,,,,,,,,,,,,,,,,,,,,,,,,,,,,,,,,,,,,,,,,,,,,,,,,,,,,,,,,,,,,,,,,,,,,,,,,,,,,,,,,,,,,,,,,,,,,,,,,,,,,,,,,,,,,,,OLIVER_10014.201.jpg,,,,,,,,,OLIVER_10014.201_Specification_Sheet.pdf,,,,,,,,,,,,,,,,,,Yes
https://www.oliver.com/product/4430.201,,,,,,,Industrial Supplies,Equipment & Hardware,Power Tool,,4430.201,"4430.201 Oliver 20"" Planer 5HP 1Ph 230V",,,,Oliver Machinery Company (OLIMA),Oliver Machinery Company,Oliver®,,4430.201,,Power Tool,"Oliver, Power Tool, 4430.201, 230 V, Industrial Grade, Commercial Quality",POWER TOOL 230V,Oliver® 4430.201 Power Tool 230 V,"Oliver®, Power Tool, Model 4430.201, 230 V, 1-Phase, 5 hp","Power Tool, 4430.201","Oliver®, Power Tool, Model 4430.201, 230 V, 1-Phase, 5 hp",,,,,,,,,,,,,,,,,,,,,,,,,,Power Tool,Item Type,Power Tool,,Voltage,230,V,Phase,1-Phase,,Horsepower,5,hp,,,,,,,,,,,,,,,,,,,,,,,,,,,,,,,,,,,,,,,,,,,,,,,,,,,,,,,,,,,,,,,,,,,,,,,,,,,,,,,,,,,,,,,,,,,,,,,,,,,,,,,,,,,,,,,,,,,,,,,,,,,,,,,,,,,,,,,,,,,,,,,,,,,,,,,,,,,,,,OLIVER_4430.201.jpg,,,,,,,,,OLIVER_4430.201_Specification_Sheet.pdf,,,,,,,,,,,,,,,,,,Yes
https://www.oliver.com/product/10055.201,,,,,,,Industrial Supplies,Equipment & Hardware,Power Tool,,10055.201,"10055.201 Oliver 15"" Benchtop Planer 2.5HP 1Ph 230V",,,,Oliver Machinery Company (OLIMA),Oliver Machinery Company,Oliver®,,10055.201,,Power Tool,"Oliver, Power Tool, 10055.201, 230 V, Industrial Grade, Commercial Quality",POWER TOOL 230V,Oliver® 10055.201 Power Tool 230 V,"Oliver®, Power Tool, Model 10055.201, 230 V, 1-Phase, 2.5 hp","Power Tool, 10055.201","Oliver®, Power Tool, Model 10055.201, 230 V, 1-Phase, 2.5 hp",,,,,,,,,,,,,,,,,,,,,,,,,,Power Tool,Item Type,Power Tool,,Voltage,230,V,Phase,1-Phase,,Horsepower,2.5,hp,,,,,,,,,,,,,,,,,,,,,,,,,,,,,,,,,,,,,,,,,,,,,,,,,,,,,,,,,,,,,,,,,,,,,,,,,,,,,,,,,,,,,,,,,,,,,,,,,,,,,,,,,,,,,,,,,,,,,,,,,,,,,,,,,,,,,,,,,,,,,,,,,,,,,,,,,,,,,,OLIVER_10055.201.jpg,,,,,,,,,OLIVER_10055.201_Specification_Sheet.pdf,,,,,,,,,,,,,,,,,,Yes
https://www.grizzly.com/product/T27417,,,,,,,Industrial Supplies,Equipment & Hardware,Power Tool,,T27417,T27417 Grizzly OscillatingEdge - Belt and Spindle Sander,,,,Woodstock Intl (3658),Woodstock International Inc,Grizzly®,,T27417,,Power Tool,"Grizzly, Power Tool, T27417, Industrial Grade, Commercial Quality",POWER TOOL,Grizzly® T27417 Power Tool,"Grizzly®, Power Tool, Model T27417","Power Tool, T27417","Grizzly®, Power Tool, Model T27417",,,,,,,,,,,,,,,,,,,,,,,,,,Power Tool,Item Type,Power Tool,,,,,,,,,,,,,,,,,,,,,,,,,,,,,,,,,,,,,,,,,,,,,,,,,,,,,,,,,,,,,,,,,,,,,,,,,,,,,,,,,,,,,,,,,,,,,,,,,,,,,,,,,,,,,,,,,,,,,,,,,,,,,,,,,,,,,,,,,,,,,,,,,,,,,,,,,,,,,,,,,,,,,,,,GRIZZLY_T27417.jpg,,,,,,,,,GRIZZLY_T27417_Specification_Sheet.pdf,,,,,,,,,,,,,,,,,,Yes
